,明细_数值,图片,文件,审批状态,数据日期,所属部门,oid,明细_检测次数,取数日期,TemplateCodeId,明细_工序位置,填报人,明细_备注,明细_所属项目,完成时间,班次,标题,明细_化验指标,申请日期,TemplateId,明细_计量单位
0,1.7,,,结束,2024-04-02 00:00:00,财务管理部,63e0581be4b02e6e0f71ab66,第一次,2024-04-02,58417862c1d0470b813ae84d199c90f9,浓密11米搅拌罐,谭进,,倒数第二槽PH值,,夜班,化验室填报表单,倒数第二槽PH值,2024-05-29 11:50:19,6644541eeb3f0300019793a2,
1,1.3,,,结束,2024-04-02 00:00:00,财务管理部,63e0581be4b02e6e0f71ab66,第一次,2024-04-02,58417862c1d0470b813ae84d199c90f9,浓密6米搅拌罐,谭进,,搅浸倒数第二槽PH值,,夜班,化验室填报表单,倒数第二槽PH值,2024-05-29 11:50:19,6644541eeb3f0300019793a2,
2,1.5,,,结束,2024-04-02 00:00:00,财务管理部,63e0581be4b02e6e0f71ab66,第一次,2024-04-02,58417862c1d0470b813ae84d199c90f9,浓密8米搅拌罐,谭进,,倒数第二槽PH值,,夜班,化验室填报表单,倒数第二槽PH值,2024-05-29 11:50:19,6644541eeb3f0300019793a2,
3,1.4,,,结束,2024-04-02 00:00:00,财务管理部,63e0581be4b02e6e0f71ab66,第一次,2024-04-02,58417862c1d0470b813ae84d199c90f9,浓密11米搅拌罐,谭进,,搅浸第二槽PH值,,夜班,化验室填报表单,第二槽PH值,2024-05-29 11:50:19,6644541eeb3f0300019793a2,
4,1.1,,,结束,2024-04-02 00:00:00,财务管理部,63e0581be4b02e6e0f71ab66,第一次,2024-04-02,58417862c1d0470b813ae84d199c90f9,浓密6米搅拌罐,谭进,,搅浸第二槽PH值,,夜班,化验室填报表单,第二槽PH值,2024-05-29 11:50:19,6644541eeb3f0300019793a2,
5,1.3,,,结束,2024-04-02 00:00:00,财务管理部,63e0581be4b02e6e0f71ab66,第一次,2024-04-02,58417862c1d0470b813ae84d199c90f9,浓密8米搅拌罐,谭进,,搅浸第二槽PH值,,夜班,化验室填报表单,第二槽PH值,2024-05-29 11:50:19,6644541eeb3f0300019793a2,
6,0.0,,,结束,2024-04-02 00:00:00,财务管理部,63e0581be4b02e6e0f71ab66,第三次,2024-04-02,58417862c1d0470b813ae84d199c90f9,浓密11米搅拌罐,谭进,,倒数第二槽PH值,,夜班,化验室填报表单,倒数第二槽PH值,2024-05-29 11:50:19,6644541eeb3f0300019793a2,
7,0.0,,,结束,2024-04-02 00:00:00,财务管理部,63e0581be4b02e6e0f71ab66,第三次,2024-04-02,58417862c1d0470b813ae84d199c90f9,浓密6米搅拌罐,谭进,,搅浸倒数第二槽PH值,,夜班,化验室填报表单,倒数第二槽PH值,2024-05-29 11:50:19,6644541eeb3f0300019793a2,
8,0.0,,,结束,2024-04-02 00:00:00,财务管理部,63e0581be4b02e6e0f71ab66,第三次,2024-04-02,58417862c1d0470b813ae84d199c90f9,浓密8米搅拌罐,谭进,,倒数第二槽PH值,,夜班,化验室填报表单,倒数第二槽PH值,2024-05-29 11:50:19,6644541eeb3f0300019793a2,
9,0.0,,,结束,2024-04-02 00:00:00,财务管理部,63e0581be4b02e6e0f71ab66,第三次,2024-04-02,58417862c1d0470b813ae84d199c90f9,浓密11米搅拌罐,谭进,,搅浸第二槽PH值,,夜班,化验室填报表单,第二槽PH值,2024-05-29 11:50:19,6644541eeb3f0300019793a2,
10,0.0,,,结束,2024-04-02 00:00:00,财务管理部,63e0581be4b02e6e0f71ab66,第三次,2024-04-02,58417862c1d0470b813ae84d199c90f9,浓密6米搅拌罐,谭进,,搅浸第二槽PH值,,夜班,化验室填报表单,第二槽PH值,2024-05-29 11:50:19,6644541eeb3f0300019793a2,
11,0.0,,,结束,2024-04-02 00:00:00,财务管理部,63e0581be4b02e6e0f71ab66,第三次,2024-04-02,58417862c1d0470b813ae84d199c90f9,浓密8米搅拌罐,谭进,,搅浸第二槽PH值,,夜班,化验室填报表单,第二槽PH值,2024-05-29 11:50:19,6644541eeb3f0300019793a2,
12,1.4,,,结束,2024-04-02 00:00:00,财务管理部,63e0581be4b02e6e0f71ab66,第二次,2024-04-02,58417862c1d0470b813ae84d199c90f9,浓密11米搅拌罐,谭进,,倒数第二槽PH值,,夜班,化验室填报表单,倒数第二槽PH值,2024-05-29 11:50:19,6644541eeb3f0300019793a2,
13,1.4,,,结束,2024-04-02 00:00:00,财务管理部,63e0581be4b02e6e0f71ab66,第二次,2024-04-02,58417862c1d0470b813ae84d199c90f9,浓密6米搅拌罐,谭进,,搅浸倒数第二槽PH值,,夜班,化验室填报表单,倒数第二槽PH值,2024-05-29 11:50:19,6644541eeb3f0300019793a2,
14,1.7,,,结束,2024-04-02 00:00:00,财务管理部,63e0581be4b02e6e0f71ab66,第二次,2024-04-02,58417862c1d0470b813ae84d199c90f9,浓密8米搅拌罐,谭进,,倒数第二槽PH值,,夜班,化验室填报表单,倒数第二槽PH值,2024-05-29 11:50:19,6644541eeb3f0300019793a2,
15,1.3,,,结束,2024-04-02 00:00:00,财务管理部,63e0581be4b02e6e0f71ab66,第二次,2024-04-02,58417862c1d0470b813ae84d199c90f9,浓密11米搅拌罐,谭进,,搅浸第二槽PH值,,夜班,化验室填报表单,第二槽PH值,2024-05-29 11:50:19,6644541eeb3f0300019793a2,
16,1.3,,,结束,2024-04-02 00:00:00,财务管理部,63e0581be4b02e6e0f71ab66,第二次,2024-04-02,58417862c1d0470b813ae84d199c90f9,浓密6米搅拌罐,谭进,,搅浸第二槽PH值,,夜班,化验室填报表单,第二槽PH值,2024-05-29 11:50:19,6644541eeb3f0300019793a2,
17,1.4,,,结束,2024-04-02 00:00:00,财务管理部,63e0581be4b02e6e0f71ab66,第二次,2024-04-02,58417862c1d0470b813ae84d199c90f9,浓密8米搅拌罐,谭进,,搅浸第二槽PH值,,夜班,化验室填报表单,第二槽PH值,2024-05-29 11:50:19,6644541eeb3f0300019793a2,
18,27.0,,,结束,2024-04-02 00:00:00,财务管理部,63e0581be4b02e6e0f71ab66,第一次,2024-04-02,58417862c1d0470b813ae84d199c90f9,浓密11米搅拌罐,谭进,,浸出矿浆浓度,,夜班,化验室填报表单,倒数第二槽浓度,2024-05-29 11:50:19,6644541eeb3f0300019793a2,%
19,25.0,,,结束,2024-04-02 00:00:00,财务管理部,63e0581be4b02e6e0f71ab66,第一次,2024-04-02,58417862c1d0470b813ae84d199c90f9,浓密6米搅拌罐,谭进,,浸出矿浆浓度,,夜班,化验室填报表单,倒数第二槽浓度,2024-05-29 11:50:19,6644541eeb3f0300019793a2,%
20,26.0,,,结束,2024-04-02 00:00:00,财务管理部,63e0581be4b02e6e0f71ab66,第一次,2024-04-02,58417862c1d0470b813ae84d199c90f9,浓密8米搅拌罐,谭进,,浸出矿浆浓度,,夜班,化验室填报表单,倒数第二槽浓度,2024-05-29 11:50:19,6644541eeb3f0300019793a2,%
21,2.16,,,结束,2024-04-02 00:00:00,财务管理部,63e0581be4b02e6e0f71ab66,第一次,2024-04-02,58417862c1d0470b813ae84d199c90f9,1-2号半自磨,谭进,,氧化铜品位,,夜班,化验室填报表单,原矿氧化铜含量,2024-05-29 11:50:19,6644541eeb3f0300019793a2,%
22,2.11,,,结束,2024-04-02 00:00:00,财务管理部,63e0581be4b02e6e0f71ab66,第一次,2024-04-02,58417862c1d0470b813ae84d199c90f9,4-5号球磨机,谭进,,氧化铜品位,,夜班,化验室填报表单,原矿氧化铜含量,2024-05-29 11:50:19,6644541eeb3f0300019793a2,%
23,2.13,,,结束,2024-04-02 00:00:00,财务管理部,63e0581be4b02e6e0f71ab66,第一次,2024-04-02,58417862c1d0470b813ae84d199c90f9,浮选磨机,谭进,,氧化铜品位,,夜班,化验室填报表单,原矿氧化铜含量,2024-05-29 11:50:19,6644541eeb3f0300019793a2,%
24,0.07,,,结束,2024-04-02 00:00:00,财务管理部,63e0581be4b02e6e0f71ab66,第一次,2024-04-02,58417862c1d0470b813ae84d199c90f9,10＃浓密机,谭进,,尾渣含氧化铜,,夜班,化验室填报表单,尾渣含氧化铜,2024-05-29 11:50:19,6644541eeb3f0300019793a2,%
25,0.1,,,结束,2024-04-02 00:00:00,财务管理部,63e0581be4b02e6e0f71ab66,第一次,2024-04-02,58417862c1d0470b813ae84d199c90f9,4＃浓密机,谭进,,尾渣含氧化铜,,夜班,化验室填报表单,尾渣含氧化铜,2024-05-29 11:50:19,6644541eeb3f0300019793a2,%
26,0.0,,,结束,2024-04-02 00:00:00,财务管理部,63e0581be4b02e6e0f71ab66,第一次,2024-04-02,58417862c1d0470b813ae84d199c90f9,5＃浓密机,谭进,,尾渣含氧化铜,,夜班,化验室填报表单,尾渣含氧化铜,2024-05-29 11:50:19,6644541eeb3f0300019793a2,%
27,0.0,,,结束,2024-04-02 00:00:00,财务管理部,63e0581be4b02e6e0f71ab66,第一次,2024-04-02,58417862c1d0470b813ae84d199c90f9,7＃浓密机,谭进,,尾渣含氧化铜,,夜班,化验室填报表单,尾渣含氧化铜,2024-05-29 11:50:19,6644541eeb3f0300019793a2,%
28,0.0,,,结束,2024-04-02 00:00:00,财务管理部,63e0581be4b02e6e0f71ab66,第一次,2024-04-02,58417862c1d0470b813ae84d199c90f9,1＃浓密机,谭进,,1、2、3、6底流浓度,,夜班,化验室填报表单,底流浓度,2024-05-29 11:50:19,6644541eeb3f0300019793a2,%
29,0.0,,,结束,2024-04-02 00:00:00,财务管理部,63e0581be4b02e6e0f71ab66,第一次,2024-04-02,58417862c1d0470b813ae84d199c90f9,2＃浓密机,谭进,,1、2、3、6底流浓度,,夜班,化验室填报表单,底流浓度,2024-05-29 11:50:19,6644541eeb3f0300019793a2,%
30,0.0,,,结束,2024-04-02 00:00:00,财务管理部,63e0581be4b02e6e0f71ab66,第一次,2024-04-02,58417862c1d0470b813ae84d199c90f9,30米浓密机1,谭进,,尾矿浓密机底流浓度,,夜班,化验室填报表单,底流浓度,2024-05-29 11:50:19,6644541eeb3f0300019793a2,%
31,58.0,,,结束,2024-04-02 00:00:00,财务管理部,63e0581be4b02e6e0f71ab66,第一次,2024-04-02,58417862c1d0470b813ae84d199c90f9,30米浓密机2,谭进,,尾矿浓密机底流浓度,,夜班,化验室填报表单,底流浓度,2024-05-29 11:50:19,6644541eeb3f0300019793a2,%
32,0.0,,,结束,2024-04-02 00:00:00,财务管理部,63e0581be4b02e6e0f71ab66,第一次,2024-04-02,58417862c1d0470b813ae84d199c90f9,3＃浓密机,谭进,,1、2、3、6底流浓度,,夜班,化验室填报表单,底流浓度,2024-05-29 11:50:19,6644541eeb3f0300019793a2,%
33,0.0,,,结束,2024-04-02 00:00:00,财务管理部,63e0581be4b02e6e0f71ab66,第一次,2024-04-02,58417862c1d0470b813ae84d199c90f9,4＃浓密机,谭进,,4、5号底流浓度,,夜班,化验室填报表单,底流浓度,2024-05-29 11:50:19,6644541eeb3f0300019793a2,%
34,0.0,,,结束,2024-04-02 00:00:00,财务管理部,63e0581be4b02e6e0f71ab66,第一次,2024-04-02,58417862c1d0470b813ae84d199c90f9,5＃浓密机,谭进,,4、5号底流浓度,,夜班,化验室填报表单,底流浓度,2024-05-29 11:50:19,6644541eeb3f0300019793a2,%
35,0.0,,,结束,2024-04-02 00:00:00,财务管理部,63e0581be4b02e6e0f71ab66,第一次,2024-04-02,58417862c1d0470b813ae84d199c90f9,6＃浓密机,谭进,,1、2、3、6底流浓度,,夜班,化验室填报表单,底流浓度,2024-05-29 11:50:19,6644541eeb3f0300019793a2,%
36,96.56,,,结束,2024-04-02 00:00:00,财务管理部,63e0581be4b02e6e0f71ab66,第一次,2024-04-02,58417862c1d0470b813ae84d199c90f9,10＃浓密机,谭进,,氧化铜浸出率,,夜班,化验室填报表单,搅浸率,2024-05-29 11:50:19,6644541eeb3f0300019793a2,%
37,96.04,,,结束,2024-04-02 00:00:00,财务管理部,63e0581be4b02e6e0f71ab66,第一次,2024-04-02,58417862c1d0470b813ae84d199c90f9,4＃浓密机,谭进,,氧化铜浸出率,,夜班,化验室填报表单,搅浸率,2024-05-29 11:50:19,6644541eeb3f0300019793a2,%
38,96.07,,,结束,2024-04-02 00:00:00,财务管理部,63e0581be4b02e6e0f71ab66,第一次,2024-04-02,58417862c1d0470b813ae84d199c90f9,5＃浓密机,谭进,,氧化铜浸出率,,夜班,化验室填报表单,搅浸率,2024-05-29 11:50:19,6644541eeb3f0300019793a2,%
39,0.0,,,结束,2024-04-02 00:00:00,财务管理部,63e0581be4b02e6e0f71ab66,第一次,2024-04-02,58417862c1d0470b813ae84d199c90f9,7＃浓密机,谭进,,氧化铜浸出率,,夜班,化验室填报表单,搅浸率,2024-05-29 11:50:19,6644541eeb3f0300019793a2,%
40,0.09,,,结束,2024-04-02 00:00:00,财务管理部,63e0581be4b02e6e0f71ab66,第一次,2024-04-02,58417862c1d0470b813ae84d199c90f9,10＃浓密机,谭进,,矿浆滤渣含钴,,夜班,化验室填报表单,矿浆滤渣含钴,2024-05-29 11:50:19,6644541eeb3f0300019793a2,%
41,0.1,,,结束,2024-04-02 00:00:00,财务管理部,63e0581be4b02e6e0f71ab66,第一次,2024-04-02,58417862c1d0470b813ae84d199c90f9,4＃浓密机,谭进,,矿浆滤渣含钴,,夜班,化验室填报表单,矿浆滤渣含钴,2024-05-29 11:50:19,6644541eeb3f0300019793a2,%
42,0.0,,,结束,2024-04-02 00:00:00,财务管理部,63e0581be4b02e6e0f71ab66,第一次,2024-04-02,58417862c1d0470b813ae84d199c90f9,5＃浓密机,谭进,,矿浆滤渣含钴,,夜班,化验室填报表单,矿浆滤渣含钴,2024-05-29 11:50:19,6644541eeb3f0300019793a2,%
43,0.0,,,结束,2024-04-02 00:00:00,财务管理部,63e0581be4b02e6e0f71ab66,第一次,2024-04-02,58417862c1d0470b813ae84d199c90f9,7＃浓密机,谭进,,矿浆滤渣含钴,,夜班,化验室填报表单,矿浆滤渣含钴,2024-05-29 11:50:19,6644541eeb3f0300019793a2,%
44,0.23,,,结束,2024-04-02 00:00:00,财务管理部,63e0581be4b02e6e0f71ab66,第一次,2024-04-02,58417862c1d0470b813ae84d199c90f9,10＃浓密机,谭进,,矿浆滤渣含铜,,夜班,化验室填报表单,矿浆滤渣含铜,2024-05-29 11:50:19,6644541eeb3f0300019793a2,%
45,0.29,,,结束,2024-04-02 00:00:00,财务管理部,63e0581be4b02e6e0f71ab66,第一次,2024-04-02,58417862c1d0470b813ae84d199c90f9,4＃浓密机,谭进,,矿浆滤渣含铜,,夜班,化验室填报表单,矿浆滤渣含铜,2024-05-29 11:50:19,6644541eeb3f0300019793a2,%
46,0.0,,,结束,2024-04-02 00:00:00,财务管理部,63e0581be4b02e6e0f71ab66,第一次,2024-04-02,58417862c1d0470b813ae84d199c90f9,5＃浓密机,谭进,,矿浆滤渣含铜,,夜班,化验室填报表单,矿浆滤渣含铜,2024-05-29 11:50:19,6644541eeb3f0300019793a2,%
47,0.0,,,结束,2024-04-02 00:00:00,财务管理部,63e0581be4b02e6e0f71ab66,第一次,2024-04-02,58417862c1d0470b813ae84d199c90f9,7＃浓密机,谭进,,矿浆滤渣含铜,,夜班,化验室填报表单,矿浆滤渣含铜,2024-05-29 11:50:19,6644541eeb3f0300019793a2,%
48,0.17,,,结束,2024-04-02 00:00:00,财务管理部,63e0581be4b02e6e0f71ab66,第一次,2024-04-02,58417862c1d0470b813ae84d199c90f9,1-2号半自磨,谭进,,硫化铜品位,,夜班,化验室填报表单,硫化铜品位,2024-05-29 11:50:19,6644541eeb3f0300019793a2,%
49,0.25,,,结束,2024-04-02 00:00:00,财务管理部,63e0581be4b02e6e0f71ab66,第一次,2024-04-02,58417862c1d0470b813ae84d199c90f9,4-5号球磨机,谭进,,硫化铜品位,,夜班,化验室填报表单,硫化铜品位,2024-05-29 11:50:19,6644541eeb3f0300019793a2,%
50,0.0,,,结束,2024-04-02 00:00:00,财务管理部,63e0581be4b02e6e0f71ab66,第一次,2024-04-02,58417862c1d0470b813ae84d199c90f9,浮选磨机,谭进,,硫化铜品位,,夜班,化验室填报表单,硫化铜品位,2024-05-29 11:50:19,6644541eeb3f0300019793a2,%
51,98.23,,,结束,2024-04-02 00:00:00,财务管理部,63e0581be4b02e6e0f71ab66,第一次,2024-04-02,58417862c1d0470b813ae84d199c90f9,硫酸一车间,谭进,,硫酸一车间-硫酸酸浓,,夜班,化验室填报表单,硫酸酸浓,2024-05-29 11:50:19,6644541eeb3f0300019793a2,%
52,98.07,,,结束,2024-04-02 00:00:00,财务管理部,63e0581be4b02e6e0f71ab66,第一次,2024-04-02,58417862c1d0470b813ae84d199c90f9,硫酸二车间,谭进,,硫酸二车间-硫酸酸浓,,夜班,化验室填报表单,硫酸酸浓,2024-05-29 11:50:19,6644541eeb3f0300019793a2,%
53,0.0,,,结束,2024-04-02 00:00:00,财务管理部,63e0581be4b02e6e0f71ab66,第一次,2024-04-02,58417862c1d0470b813ae84d199c90f9,1号半自磨,谭进,,半自磨矿浓度,,夜班,化验室填报表单,磨矿浓度,2024-05-29 11:50:19,6644541eeb3f0300019793a2,%
54,41.0,,,结束,2024-04-02 00:00:00,财务管理部,63e0581be4b02e6e0f71ab66,第一次,2024-04-02,58417862c1d0470b813ae84d199c90f9,2号半自磨,谭进,,半自磨矿浓度,,夜班,化验室填报表单,磨矿浓度,2024-05-29 11:50:19,6644541eeb3f0300019793a2,%
55,68.0,,,结束,2024-04-02 00:00:00,财务管理部,63e0581be4b02e6e0f71ab66,第一次,2024-04-02,58417862c1d0470b813ae84d199c90f9,4号球磨机,谭进,,磨矿浓度,,夜班,化验室填报表单,磨矿浓度,2024-05-29 11:50:19,6644541eeb3f0300019793a2,%
56,65.0,,,结束,2024-04-02 00:00:00,财务管理部,63e0581be4b02e6e0f71ab66,第一次,2024-04-02,58417862c1d0470b813ae84d199c90f9,5号球磨机,谭进,,磨矿浓度,,夜班,化验室填报表单,磨矿浓度,2024-05-29 11:50:19,6644541eeb3f0300019793a2,%
57,31.0,,,结束,2024-04-02 00:00:00,财务管理部,63e0581be4b02e6e0f71ab66,第一次,2024-04-02,58417862c1d0470b813ae84d199c90f9,浮选磨机,谭进,,浮选矿浆浓度,,夜班,化验室填报表单,磨矿浓度,2024-05-29 11:50:19,6644541eeb3f0300019793a2,%
58,0.0,,,结束,2024-04-02 00:00:00,财务管理部,63e0581be4b02e6e0f71ab66,第一次,2024-04-02,58417862c1d0470b813ae84d199c90f9,1号半自磨,谭进,,半自磨矿细度,,夜班,化验室填报表单,磨矿细度,2024-05-29 11:50:19,6644541eeb3f0300019793a2,%
59,70.07,,,结束,2024-04-02 00:00:00,财务管理部,63e0581be4b02e6e0f71ab66,第一次,2024-04-02,58417862c1d0470b813ae84d199c90f9,2号半自磨,谭进,,半自磨矿细度,,夜班,化验室填报表单,磨矿细度,2024-05-29 11:50:19,6644541eeb3f0300019793a2,%
60,78.58,,,结束,2024-04-02 00:00:00,财务管理部,63e0581be4b02e6e0f71ab66,第一次,2024-04-02,58417862c1d0470b813ae84d199c90f9,4号球磨机,谭进,,磨矿细度,,夜班,化验室填报表单,磨矿细度,2024-05-29 11:50:19,6644541eeb3f0300019793a2,%
61,79.25,,,结束,2024-04-02 00:00:00,财务管理部,63e0581be4b02e6e0f71ab66,第一次,2024-04-02,58417862c1d0470b813ae84d199c90f9,5号球磨机,谭进,,磨矿细度,,夜班,化验室填报表单,磨矿细度,2024-05-29 11:50:19,6644541eeb3f0300019793a2,%
62,63.25,,,结束,2024-04-02 00:00:00,财务管理部,63e0581be4b02e6e0f71ab66,第一次,2024-04-02,58417862c1d0470b813ae84d199c90f9,浮选磨机,谭进,,浮选磨矿细度,,夜班,化验室填报表单,磨矿细度,2024-05-29 11:50:19,6644541eeb3f0300019793a2,%
63,93.4,,,结束,2024-04-02 00:00:00,财务管理部,63e0581be4b02e6e0f71ab66,第一次,2024-04-02,58417862c1d0470b813ae84d199c90f9,一期萃取,谭进,,一期萃取率,,夜班,化验室填报表单,萃取率,2024-05-29 11:50:19,6644541eeb3f0300019793a2,%
64,94.13,,,结束,2024-04-02 00:00:00,财务管理部,63e0581be4b02e6e0f71ab66,第一次,2024-04-02,58417862c1d0470b813ae84d199c90f9,七期萃取,谭进,,七期萃取率,,夜班,化验室填报表单,萃取率,2024-05-29 11:50:19,6644541eeb3f0300019793a2,%
65,92.48,,,结束,2024-04-02 00:00:00,财务管理部,63e0581be4b02e6e0f71ab66,第一次,2024-04-02,58417862c1d0470b813ae84d199c90f9,三期萃取,谭进,,三期萃取率,,夜班,化验室填报表单,萃取率,2024-05-29 11:50:19,6644541eeb3f0300019793a2,%
66,92.48,,,结束,2024-04-02 00:00:00,财务管理部,63e0581be4b02e6e0f71ab66,第一次,2024-04-02,58417862c1d0470b813ae84d199c90f9,二期萃取,谭进,,二期萃取率,,夜班,化验室填报表单,萃取率,2024-05-29 11:50:19,6644541eeb3f0300019793a2,%
67,89.86,,,结束,2024-04-02 00:00:00,财务管理部,63e0581be4b02e6e0f71ab66,第一次,2024-04-02,58417862c1d0470b813ae84d199c90f9,五期萃取,谭进,,五期萃取率,,夜班,化验室填报表单,萃取率,2024-05-29 11:50:19,6644541eeb3f0300019793a2,%
68,93.2,,,结束,2024-04-02 00:00:00,财务管理部,63e0581be4b02e6e0f71ab66,第一次,2024-04-02,58417862c1d0470b813ae84d199c90f9,六期萃取,谭进,,六期萃取率,,夜班,化验室填报表单,萃取率,2024-05-29 11:50:19,6644541eeb3f0300019793a2,%
69,91.56,,,结束,2024-04-02 00:00:00,财务管理部,63e0581be4b02e6e0f71ab66,第一次,2024-04-02,58417862c1d0470b813ae84d199c90f9,四期萃取,谭进,,四期萃取率,,夜班,化验室填报表单,萃取率,2024-05-29 11:50:19,6644541eeb3f0300019793a2,%
70,10.39,,,结束,2024-04-02 00:00:00,财务管理部,63e0581be4b02e6e0f71ab66,第一次,2024-04-02,58417862c1d0470b813ae84d199c90f9,1-2号半自磨,谭进,,半自磨矿石配矿水份,,夜班,化验室填报表单,配矿水份,2024-05-29 11:50:19,6644541eeb3f0300019793a2,%
71,10.78,,,结束,2024-04-02 00:00:00,财务管理部,63e0581be4b02e6e0f71ab66,第一次,2024-04-02,58417862c1d0470b813ae84d199c90f9,4-5号球磨机,谭进,,球磨矿石配矿水份,,夜班,化验室填报表单,配矿水份,2024-05-29 11:50:19,6644541eeb3f0300019793a2,%
72,10.71,,,结束,2024-04-02 00:00:00,财务管理部,63e0581be4b02e6e0f71ab66,第一次,2024-04-02,58417862c1d0470b813ae84d199c90f9,浮选磨机,谭进,,磨浮矿石配矿水份,,夜班,化验室填报表单,配矿水份,2024-05-29 11:50:19,6644541eeb3f0300019793a2,%
73,0.0,,,结束,2024-04-02 00:00:00,财务管理部,63e0581be4b02e6e0f71ab66,第三次,2024-04-02,58417862c1d0470b813ae84d199c90f9,浓密11米搅拌罐,谭进,,浸出矿浆浓度,,夜班,化验室填报表单,倒数第二槽浓度,2024-05-29 11:50:19,6644541eeb3f0300019793a2,%
74,0.0,,,结束,2024-04-02 00:00:00,财务管理部,63e0581be4b02e6e0f71ab66,第三次,2024-04-02,58417862c1d0470b813ae84d199c90f9,浓密6米搅拌罐,谭进,,浸出矿浆浓度,,夜班,化验室填报表单,倒数第二槽浓度,2024-05-29 11:50:19,6644541eeb3f0300019793a2,%
75,0.0,,,结束,2024-04-02 00:00:00,财务管理部,63e0581be4b02e6e0f71ab66,第三次,2024-04-02,58417862c1d0470b813ae84d199c90f9,浓密8米搅拌罐,谭进,,浸出矿浆浓度,,夜班,化验室填报表单,倒数第二槽浓度,2024-05-29 11:50:19,6644541eeb3f0300019793a2,%
76,0.07,,,结束,2024-04-02 00:00:00,财务管理部,63e0581be4b02e6e0f71ab66,第三次,2024-04-02,58417862c1d0470b813ae84d199c90f9,10＃浓密机,谭进,,尾渣含氧化铜,,夜班,化验室填报表单,尾渣含氧化铜,2024-05-29 11:50:19,6644541eeb3f0300019793a2,%
77,0.06,,,结束,2024-04-02 00:00:00,财务管理部,63e0581be4b02e6e0f71ab66,第三次,2024-04-02,58417862c1d0470b813ae84d199c90f9,4＃浓密机,谭进,,尾渣含氧化铜,,夜班,化验室填报表单,尾渣含氧化铜,2024-05-29 11:50:19,6644541eeb3f0300019793a2,%
78,0.0,,,结束,2024-04-02 00:00:00,财务管理部,63e0581be4b02e6e0f71ab66,第三次,2024-04-02,58417862c1d0470b813ae84d199c90f9,5＃浓密机,谭进,,尾渣含氧化铜,,夜班,化验室填报表单,尾渣含氧化铜,2024-05-29 11:50:19,6644541eeb3f0300019793a2,%
79,0.0,,,结束,2024-04-02 00:00:00,财务管理部,63e0581be4b02e6e0f71ab66,第三次,2024-04-02,58417862c1d0470b813ae84d199c90f9,7＃浓密机,谭进,,尾渣含氧化铜,,夜班,化验室填报表单,尾渣含氧化铜,2024-05-29 11:50:19,6644541eeb3f0300019793a2,%
80,0.0,,,结束,2024-04-02 00:00:00,财务管理部,63e0581be4b02e6e0f71ab66,第三次,2024-04-02,58417862c1d0470b813ae84d199c90f9,1＃浓密机,谭进,,1、2、3、6底流浓度,,夜班,化验室填报表单,底流浓度,2024-05-29 11:50:19,6644541eeb3f0300019793a2,%
81,0.0,,,结束,2024-04-02 00:00:00,财务管理部,63e0581be4b02e6e0f71ab66,第三次,2024-04-02,58417862c1d0470b813ae84d199c90f9,2＃浓密机,谭进,,1、2、3、6底流浓度,,夜班,化验室填报表单,底流浓度,2024-05-29 11:50:19,6644541eeb3f0300019793a2,%
82,61.0,,,结束,2024-04-02 00:00:00,财务管理部,63e0581be4b02e6e0f71ab66,第三次,2024-04-02,58417862c1d0470b813ae84d199c90f9,30米浓密机1,谭进,,尾矿浓密机底流浓度,,夜班,化验室填报表单,底流浓度,2024-05-29 11:50:19,6644541eeb3f0300019793a2,%
83,61.0,,,结束,2024-04-02 00:00:00,财务管理部,63e0581be4b02e6e0f71ab66,第三次,2024-04-02,58417862c1d0470b813ae84d199c90f9,30米浓密机2,谭进,,尾矿浓密机底流浓度,,夜班,化验室填报表单,底流浓度,2024-05-29 11:50:19,6644541eeb3f0300019793a2,%
84,0.0,,,结束,2024-04-02 00:00:00,财务管理部,63e0581be4b02e6e0f71ab66,第三次,2024-04-02,58417862c1d0470b813ae84d199c90f9,3＃浓密机,谭进,,1、2、3、6底流浓度,,夜班,化验室填报表单,底流浓度,2024-05-29 11:50:19,6644541eeb3f0300019793a2,%
85,0.0,,,结束,2024-04-02 00:00:00,财务管理部,63e0581be4b02e6e0f71ab66,第三次,2024-04-02,58417862c1d0470b813ae84d199c90f9,4＃浓密机,谭进,,4、5号底流浓度,,夜班,化验室填报表单,底流浓度,2024-05-29 11:50:19,6644541eeb3f0300019793a2,%
86,0.0,,,结束,2024-04-02 00:00:00,财务管理部,63e0581be4b02e6e0f71ab66,第三次,2024-04-02,58417862c1d0470b813ae84d199c90f9,5＃浓密机,谭进,,4、5号底流浓度,,夜班,化验室填报表单,底流浓度,2024-05-29 11:50:19,6644541eeb3f0300019793a2,%
87,0.0,,,结束,2024-04-02 00:00:00,财务管理部,63e0581be4b02e6e0f71ab66,第三次,2024-04-02,58417862c1d0470b813ae84d199c90f9,6＃浓密机,谭进,,1、2、3、6底流浓度,,夜班,化验室填报表单,底流浓度,2024-05-29 11:50:19,6644541eeb3f0300019793a2,%
88,0.06,,,结束,2024-04-02 00:00:00,财务管理部,63e0581be4b02e6e0f71ab66,第三次,2024-04-02,58417862c1d0470b813ae84d199c90f9,10＃浓密机,谭进,,矿浆滤渣含钴,,夜班,化验室填报表单,矿浆滤渣含钴,2024-05-29 11:50:19,6644541eeb3f0300019793a2,%
89,0.07,,,结束,2024-04-02 00:00:00,财务管理部,63e0581be4b02e6e0f71ab66,第三次,2024-04-02,58417862c1d0470b813ae84d199c90f9,4＃浓密机,谭进,,矿浆滤渣含钴,,夜班,化验室填报表单,矿浆滤渣含钴,2024-05-29 11:50:19,6644541eeb3f0300019793a2,%
90,0.0,,,结束,2024-04-02 00:00:00,财务管理部,63e0581be4b02e6e0f71ab66,第三次,2024-04-02,58417862c1d0470b813ae84d199c90f9,5＃浓密机,谭进,,矿浆滤渣含钴,,夜班,化验室填报表单,矿浆滤渣含钴,2024-05-29 11:50:19,6644541eeb3f0300019793a2,%
91,0.0,,,结束,2024-04-02 00:00:00,财务管理部,63e0581be4b02e6e0f71ab66,第三次,2024-04-02,58417862c1d0470b813ae84d199c90f9,7＃浓密机,谭进,,矿浆滤渣含钴,,夜班,化验室填报表单,矿浆滤渣含钴,2024-05-29 11:50:19,6644541eeb3f0300019793a2,%
92,0.2,,,结束,2024-04-02 00:00:00,财务管理部,63e0581be4b02e6e0f71ab66,第三次,2024-04-02,58417862c1d0470b813ae84d199c90f9,10＃浓密机,谭进,,矿浆滤渣含铜,,夜班,化验室填报表单,矿浆滤渣含铜,2024-05-29 11:50:19,6644541eeb3f0300019793a2,%
93,0.2,,,结束,2024-04-02 00:00:00,财务管理部,63e0581be4b02e6e0f71ab66,第三次,2024-04-02,58417862c1d0470b813ae84d199c90f9,4＃浓密机,谭进,,矿浆滤渣含铜,,夜班,化验室填报表单,矿浆滤渣含铜,2024-05-29 11:50:19,6644541eeb3f0300019793a2,%
94,0.0,,,结束,2024-04-02 00:00:00,财务管理部,63e0581be4b02e6e0f71ab66,第三次,2024-04-02,58417862c1d0470b813ae84d199c90f9,5＃浓密机,谭进,,矿浆滤渣含铜,,夜班,化验室填报表单,矿浆滤渣含铜,2024-05-29 11:50:19,6644541eeb3f0300019793a2,%
95,0.0,,,结束,2024-04-02 00:00:00,财务管理部,63e0581be4b02e6e0f71ab66,第三次,2024-04-02,58417862c1d0470b813ae84d199c90f9,7＃浓密机,谭进,,矿浆滤渣含铜,,夜班,化验室填报表单,矿浆滤渣含铜,2024-05-29 11:50:19,6644541eeb3f0300019793a2,%
96,0.0,,,结束,2024-04-02 00:00:00,财务管理部,63e0581be4b02e6e0f71ab66,第三次,2024-04-02,58417862c1d0470b813ae84d199c90f9,硫酸一车间,谭进,,硫酸一车间-硫酸酸浓,,夜班,化验室填报表单,硫酸酸浓,2024-05-29 11:50:19,6644541eeb3f0300019793a2,%
97,0.0,,,结束,2024-04-02 00:00:00,财务管理部,63e0581be4b02e6e0f71ab66,第三次,2024-04-02,58417862c1d0470b813ae84d199c90f9,硫酸二车间,谭进,,硫酸二车间-硫酸酸浓,,夜班,化验室填报表单,硫酸酸浓,2024-05-29 11:50:19,6644541eeb3f0300019793a2,%
98,0.0,,,结束,2024-04-02 00:00:00,财务管理部,63e0581be4b02e6e0f71ab66,第三次,2024-04-02,58417862c1d0470b813ae84d199c90f9,1号半自磨,谭进,,半自磨矿浓度,,夜班,化验室填报表单,磨矿浓度,2024-05-29 11:50:19,6644541eeb3f0300019793a2,%
99,39.0,,,结束,2024-04-02 00:00:00,财务管理部,63e0581be4b02e6e0f71ab66,第三次,2024-04-02,58417862c1d0470b813ae84d199c90f9,2号半自磨,谭进,,半自磨矿浓度,,夜班,化验室填报表单,磨矿浓度,2024-05-29 11:50:19,6644541eeb3f0300019793a2,%
100,65.0,,,结束,2024-04-02 00:00:00,财务管理部,63e0581be4b02e6e0f71ab66,第三次,2024-04-02,58417862c1d0470b813ae84d199c90f9,4号球磨机,谭进,,磨矿浓度,,夜班,化验室填报表单,磨矿浓度,2024-05-29 11:50:19,6644541eeb3f0300019793a2,%
101,66.0,,,结束,2024-04-02 00:00:00,财务管理部,63e0581be4b02e6e0f71ab66,第三次,2024-04-02,58417862c1d0470b813ae84d199c90f9,5号球磨机,谭进,,磨矿浓度,,夜班,化验室填报表单,磨矿浓度,2024-05-29 11:50:19,6644541eeb3f0300019793a2,%
102,30.0,,,结束,2024-04-02 00:00:00,财务管理部,63e0581be4b02e6e0f71ab66,第三次,2024-04-02,58417862c1d0470b813ae84d199c90f9,浮选磨机,谭进,,浮选矿浆浓度,,夜班,化验室填报表单,磨矿浓度,2024-05-29 11:50:19,6644541eeb3f0300019793a2,%
103,0.0,,,结束,2024-04-02 00:00:00,财务管理部,63e0581be4b02e6e0f71ab66,第三次,2024-04-02,58417862c1d0470b813ae84d199c90f9,1号半自磨,谭进,,半自磨矿细度,,夜班,化验室填报表单,磨矿细度,2024-05-29 11:50:19,6644541eeb3f0300019793a2,%
104,74.93,,,结束,2024-04-02 00:00:00,财务管理部,63e0581be4b02e6e0f71ab66,第三次,2024-04-02,58417862c1d0470b813ae84d199c90f9,2号半自磨,谭进,,半自磨矿细度,,夜班,化验室填报表单,磨矿细度,2024-05-29 11:50:19,6644541eeb3f0300019793a2,%
105,78.06,,,结束,2024-04-02 00:00:00,财务管理部,63e0581be4b02e6e0f71ab66,第三次,2024-04-02,58417862c1d0470b813ae84d199c90f9,4号球磨机,谭进,,磨矿细度,,夜班,化验室填报表单,磨矿细度,2024-05-29 11:50:19,6644541eeb3f0300019793a2,%
106,77.44,,,结束,2024-04-02 00:00:00,财务管理部,63e0581be4b02e6e0f71ab66,第三次,2024-04-02,58417862c1d0470b813ae84d199c90f9,5号球磨机,谭进,,磨矿细度,,夜班,化验室填报表单,磨矿细度,2024-05-29 11:50:19,6644541eeb3f0300019793a2,%
107,74.23,,,结束,2024-04-02 00:00:00,财务管理部,63e0581be4b02e6e0f71ab66,第三次,2024-04-02,58417862c1d0470b813ae84d199c90f9,浮选磨机,谭进,,浮选磨矿细度,,夜班,化验室填报表单,磨矿细度,2024-05-29 11:50:19,6644541eeb3f0300019793a2,%
108,29.0,,,结束,2024-04-02 00:00:00,财务管理部,63e0581be4b02e6e0f71ab66,第二次,2024-04-02,58417862c1d0470b813ae84d199c90f9,浓密11米搅拌罐,谭进,,浸出矿浆浓度,,夜班,化验室填报表单,倒数第二槽浓度,2024-05-29 11:50:19,6644541eeb3f0300019793a2,%
109,28.0,,,结束,2024-04-02 00:00:00,财务管理部,63e0581be4b02e6e0f71ab66,第二次,2024-04-02,58417862c1d0470b813ae84d199c90f9,浓密6米搅拌罐,谭进,,浸出矿浆浓度,,夜班,化验室填报表单,倒数第二槽浓度,2024-05-29 11:50:19,6644541eeb3f0300019793a2,%
110,28.0,,,结束,2024-04-02 00:00:00,财务管理部,63e0581be4b02e6e0f71ab66,第二次,2024-04-02,58417862c1d0470b813ae84d199c90f9,浓密8米搅拌罐,谭进,,浸出矿浆浓度,,夜班,化验室填报表单,倒数第二槽浓度,2024-05-29 11:50:19,6644541eeb3f0300019793a2,%
111,0.1,,,结束,2024-04-02 00:00:00,财务管理部,63e0581be4b02e6e0f71ab66,第二次,2024-04-02,58417862c1d0470b813ae84d199c90f9,10＃浓密机,谭进,,尾渣含氧化铜,,夜班,化验室填报表单,尾渣含氧化铜,2024-05-29 11:50:19,6644541eeb3f0300019793a2,%
112,0.1,,,结束,2024-04-02 00:00:00,财务管理部,63e0581be4b02e6e0f71ab66,第二次,2024-04-02,58417862c1d0470b813ae84d199c90f9,4＃浓密机,谭进,,尾渣含氧化铜,,夜班,化验室填报表单,尾渣含氧化铜,2024-05-29 11:50:19,6644541eeb3f0300019793a2,%
113,0.0,,,结束,2024-04-02 00:00:00,财务管理部,63e0581be4b02e6e0f71ab66,第二次,2024-04-02,58417862c1d0470b813ae84d199c90f9,5＃浓密机,谭进,,尾渣含氧化铜,,夜班,化验室填报表单,尾渣含氧化铜,2024-05-29 11:50:19,6644541eeb3f0300019793a2,%
114,0.0,,,结束,2024-04-02 00:00:00,财务管理部,63e0581be4b02e6e0f71ab66,第二次,2024-04-02,58417862c1d0470b813ae84d199c90f9,7＃浓密机,谭进,,尾渣含氧化铜,,夜班,化验室填报表单,尾渣含氧化铜,2024-05-29 11:50:19,6644541eeb3f0300019793a2,%
115,0.0,,,结束,2024-04-02 00:00:00,财务管理部,63e0581be4b02e6e0f71ab66,第二次,2024-04-02,58417862c1d0470b813ae84d199c90f9,1＃浓密机,谭进,,1、2、3、6底流浓度,,夜班,化验室填报表单,底流浓度,2024-05-29 11:50:19,6644541eeb3f0300019793a2,%
116,0.0,,,结束,2024-04-02 00:00:00,财务管理部,63e0581be4b02e6e0f71ab66,第二次,2024-04-02,58417862c1d0470b813ae84d199c90f9,2＃浓密机,谭进,,1、2、3、6底流浓度,,夜班,化验室填报表单,底流浓度,2024-05-29 11:50:19,6644541eeb3f0300019793a2,%
117,62.0,,,结束,2024-04-02 00:00:00,财务管理部,63e0581be4b02e6e0f71ab66,第二次,2024-04-02,58417862c1d0470b813ae84d199c90f9,30米浓密机1,谭进,,尾矿浓密机底流浓度,,夜班,化验室填报表单,底流浓度,2024-05-29 11:50:19,6644541eeb3f0300019793a2,%
118,0.0,,,结束,2024-04-02 00:00:00,财务管理部,63e0581be4b02e6e0f71ab66,第二次,2024-04-02,58417862c1d0470b813ae84d199c90f9,30米浓密机2,谭进,,尾矿浓密机底流浓度,,夜班,化验室填报表单,底流浓度,2024-05-29 11:50:19,6644541eeb3f0300019793a2,%
119,0.0,,,结束,2024-04-02 00:00:00,财务管理部,63e0581be4b02e6e0f71ab66,第二次,2024-04-02,58417862c1d0470b813ae84d199c90f9,3＃浓密机,谭进,,1、2、3、6底流浓度,,夜班,化验室填报表单,底流浓度,2024-05-29 11:50:19,6644541eeb3f0300019793a2,%
120,0.0,,,结束,2024-04-02 00:00:00,财务管理部,63e0581be4b02e6e0f71ab66,第二次,2024-04-02,58417862c1d0470b813ae84d199c90f9,4＃浓密机,谭进,,4、5号底流浓度,,夜班,化验室填报表单,底流浓度,2024-05-29 11:50:19,6644541eeb3f0300019793a2,%
121,0.0,,,结束,2024-04-02 00:00:00,财务管理部,63e0581be4b02e6e0f71ab66,第二次,2024-04-02,58417862c1d0470b813ae84d199c90f9,5＃浓密机,谭进,,4、5号底流浓度,,夜班,化验室填报表单,底流浓度,2024-05-29 11:50:19,6644541eeb3f0300019793a2,%
122,0.0,,,结束,2024-04-02 00:00:00,财务管理部,63e0581be4b02e6e0f71ab66,第二次,2024-04-02,58417862c1d0470b813ae84d199c90f9,6＃浓密机,谭进,,1、2、3、6底流浓度,,夜班,化验室填报表单,底流浓度,2024-05-29 11:50:19,6644541eeb3f0300019793a2,%
123,0.1,,,结束,2024-04-02 00:00:00,财务管理部,63e0581be4b02e6e0f71ab66,第二次,2024-04-02,58417862c1d0470b813ae84d199c90f9,10＃浓密机,谭进,,矿浆滤渣含钴,,夜班,化验室填报表单,矿浆滤渣含钴,2024-05-29 11:50:19,6644541eeb3f0300019793a2,%
124,0.11,,,结束,2024-04-02 00:00:00,财务管理部,63e0581be4b02e6e0f71ab66,第二次,2024-04-02,58417862c1d0470b813ae84d199c90f9,4＃浓密机,谭进,,矿浆滤渣含钴,,夜班,化验室填报表单,矿浆滤渣含钴,2024-05-29 11:50:19,6644541eeb3f0300019793a2,%
125,0.0,,,结束,2024-04-02 00:00:00,财务管理部,63e0581be4b02e6e0f71ab66,第二次,2024-04-02,58417862c1d0470b813ae84d199c90f9,5＃浓密机,谭进,,矿浆滤渣含钴,,夜班,化验室填报表单,矿浆滤渣含钴,2024-05-29 11:50:19,6644541eeb3f0300019793a2,%
126,0.0,,,结束,2024-04-02 00:00:00,财务管理部,63e0581be4b02e6e0f71ab66,第二次,2024-04-02,58417862c1d0470b813ae84d199c90f9,7＃浓密机,谭进,,矿浆滤渣含钴,,夜班,化验室填报表单,矿浆滤渣含钴,2024-05-29 11:50:19,6644541eeb3f0300019793a2,%
127,0.27,,,结束,2024-04-02 00:00:00,财务管理部,63e0581be4b02e6e0f71ab66,第二次,2024-04-02,58417862c1d0470b813ae84d199c90f9,10＃浓密机,谭进,,矿浆滤渣含铜,,夜班,化验室填报表单,矿浆滤渣含铜,2024-05-29 11:50:19,6644541eeb3f0300019793a2,%
128,0.29,,,结束,2024-04-02 00:00:00,财务管理部,63e0581be4b02e6e0f71ab66,第二次,2024-04-02,58417862c1d0470b813ae84d199c90f9,4＃浓密机,谭进,,矿浆滤渣含铜,,夜班,化验室填报表单,矿浆滤渣含铜,2024-05-29 11:50:19,6644541eeb3f0300019793a2,%
129,0.0,,,结束,2024-04-02 00:00:00,财务管理部,63e0581be4b02e6e0f71ab66,第二次,2024-04-02,58417862c1d0470b813ae84d199c90f9,5＃浓密机,谭进,,矿浆滤渣含铜,,夜班,化验室填报表单,矿浆滤渣含铜,2024-05-29 11:50:19,6644541eeb3f0300019793a2,%
130,0.0,,,结束,2024-04-02 00:00:00,财务管理部,63e0581be4b02e6e0f71ab66,第二次,2024-04-02,58417862c1d0470b813ae84d199c90f9,7＃浓密机,谭进,,矿浆滤渣含铜,,夜班,化验室填报表单,矿浆滤渣含铜,2024-05-29 11:50:19,6644541eeb3f0300019793a2,%
131,98.12,,,结束,2024-04-02 00:00:00,财务管理部,63e0581be4b02e6e0f71ab66,第二次,2024-04-02,58417862c1d0470b813ae84d199c90f9,硫酸一车间,谭进,,硫酸一车间-硫酸酸浓,,夜班,化验室填报表单,硫酸酸浓,2024-05-29 11:50:19,6644541eeb3f0300019793a2,%
132,98.2,,,结束,2024-04-02 00:00:00,财务管理部,63e0581be4b02e6e0f71ab66,第二次,2024-04-02,58417862c1d0470b813ae84d199c90f9,硫酸二车间,谭进,,硫酸二车间-硫酸酸浓,,夜班,化验室填报表单,硫酸酸浓,2024-05-29 11:50:19,6644541eeb3f0300019793a2,%
133,0.0,,,结束,2024-04-02 00:00:00,财务管理部,63e0581be4b02e6e0f71ab66,第二次,2024-04-02,58417862c1d0470b813ae84d199c90f9,1号半自磨,谭进,,半自磨矿浓度,,夜班,化验室填报表单,磨矿浓度,2024-05-29 11:50:19,6644541eeb3f0300019793a2,%
134,42.0,,,结束,2024-04-02 00:00:00,财务管理部,63e0581be4b02e6e0f71ab66,第二次,2024-04-02,58417862c1d0470b813ae84d199c90f9,2号半自磨,谭进,,半自磨矿浓度,,夜班,化验室填报表单,磨矿浓度,2024-05-29 11:50:19,6644541eeb3f0300019793a2,%
135,0.0,,,结束,2024-04-02 00:00:00,财务管理部,63e0581be4b02e6e0f71ab66,第二次,2024-04-02,58417862c1d0470b813ae84d199c90f9,4号球磨机,谭进,,磨矿浓度,,夜班,化验室填报表单,磨矿浓度,2024-05-29 11:50:19,6644541eeb3f0300019793a2,%
136,0.0,,,结束,2024-04-02 00:00:00,财务管理部,63e0581be4b02e6e0f71ab66,第二次,2024-04-02,58417862c1d0470b813ae84d199c90f9,5号球磨机,谭进,,磨矿浓度,,夜班,化验室填报表单,磨矿浓度,2024-05-29 11:50:19,6644541eeb3f0300019793a2,%
137,30.0,,,结束,2024-04-02 00:00:00,财务管理部,63e0581be4b02e6e0f71ab66,第二次,2024-04-02,58417862c1d0470b813ae84d199c90f9,浮选磨机,谭进,,浮选矿浆浓度,,夜班,化验室填报表单,磨矿浓度,2024-05-29 11:50:19,6644541eeb3f0300019793a2,%
138,0.0,,,结束,2024-04-02 00:00:00,财务管理部,63e0581be4b02e6e0f71ab66,第二次,2024-04-02,58417862c1d0470b813ae84d199c90f9,1号半自磨,谭进,,半自磨矿细度,,夜班,化验室填报表单,磨矿细度,2024-05-29 11:50:19,6644541eeb3f0300019793a2,%
139,75.23,,,结束,2024-04-02 00:00:00,财务管理部,63e0581be4b02e6e0f71ab66,第二次,2024-04-02,58417862c1d0470b813ae84d199c90f9,2号半自磨,谭进,,半自磨矿细度,,夜班,化验室填报表单,磨矿细度,2024-05-29 11:50:19,6644541eeb3f0300019793a2,%
140,0.0,,,结束,2024-04-02 00:00:00,财务管理部,63e0581be4b02e6e0f71ab66,第二次,2024-04-02,58417862c1d0470b813ae84d199c90f9,4号球磨机,谭进,,磨矿细度,,夜班,化验室填报表单,磨矿细度,2024-05-29 11:50:19,6644541eeb3f0300019793a2,%
141,0.0,,,结束,2024-04-02 00:00:00,财务管理部,63e0581be4b02e6e0f71ab66,第二次,2024-04-02,58417862c1d0470b813ae84d199c90f9,5号球磨机,谭进,,磨矿细度,,夜班,化验室填报表单,磨矿细度,2024-05-29 11:50:19,6644541eeb3f0300019793a2,%
142,68.06,,,结束,2024-04-02 00:00:00,财务管理部,63e0581be4b02e6e0f71ab66,第二次,2024-04-02,58417862c1d0470b813ae84d199c90f9,浮选磨机,谭进,,浮选磨矿细度,,夜班,化验室填报表单,磨矿细度,2024-05-29 11:50:19,6644541eeb3f0300019793a2,%
143,0.0,,,结束,2024-04-02 00:00:00,财务管理部,63e0581be4b02e6e0f71ab66,含钴,2024-04-02,58417862c1d0470b813ae84d199c90f9,一期电解,谭进,,一期电尾液杂钴,,夜班,化验室填报表单,电尾液杂质,2024-05-29 11:50:19,6644541eeb3f0300019793a2,g/L
144,0.0,,,结束,2024-04-02 00:00:00,财务管理部,63e0581be4b02e6e0f71ab66,含钴,2024-04-02,58417862c1d0470b813ae84d199c90f9,三期电解,谭进,,三期电尾液杂钴,,夜班,化验室填报表单,电尾液杂质,2024-05-29 11:50:19,6644541eeb3f0300019793a2,g/L
145,0.0,,,结束,2024-04-02 00:00:00,财务管理部,63e0581be4b02e6e0f71ab66,含钴,2024-04-02,58417862c1d0470b813ae84d199c90f9,二期电解,谭进,,二期电尾液杂钴,,夜班,化验室填报表单,电尾液杂质,2024-05-29 11:50:19,6644541eeb3f0300019793a2,g/L
146,0.0,,,结束,2024-04-02 00:00:00,财务管理部,63e0581be4b02e6e0f71ab66,含钴,2024-04-02,58417862c1d0470b813ae84d199c90f9,五期电解,谭进,,五期电尾液杂钴,,夜班,化验室填报表单,电尾液杂质,2024-05-29 11:50:19,6644541eeb3f0300019793a2,g/L
147,0.0,,,结束,2024-04-02 00:00:00,财务管理部,63e0581be4b02e6e0f71ab66,含钴,2024-04-02,58417862c1d0470b813ae84d199c90f9,四期电解,谭进,,四期电尾液杂钴,,夜班,化验室填报表单,电尾液杂质,2024-05-29 11:50:19,6644541eeb3f0300019793a2,g/L
148,0.0,,,结束,2024-04-02 00:00:00,财务管理部,63e0581be4b02e6e0f71ab66,含铁,2024-04-02,58417862c1d0470b813ae84d199c90f9,一期电解,谭进,,一期电尾液杂铁,,夜班,化验室填报表单,电尾液杂质,2024-05-29 11:50:19,6644541eeb3f0300019793a2,g/L
149,0.0,,,结束,2024-04-02 00:00:00,财务管理部,63e0581be4b02e6e0f71ab66,含铁,2024-04-02,58417862c1d0470b813ae84d199c90f9,三期电解,谭进,,三期电尾液杂铁,,夜班,化验室填报表单,电尾液杂质,2024-05-29 11:50:19,6644541eeb3f0300019793a2,g/L
150,0.0,,,结束,2024-04-02 00:00:00,财务管理部,63e0581be4b02e6e0f71ab66,含铁,2024-04-02,58417862c1d0470b813ae84d199c90f9,二期电解,谭进,,二期电尾液杂铁,,夜班,化验室填报表单,电尾液杂质,2024-05-29 11:50:19,6644541eeb3f0300019793a2,g/L
151,0.0,,,结束,2024-04-02 00:00:00,财务管理部,63e0581be4b02e6e0f71ab66,含铁,2024-04-02,58417862c1d0470b813ae84d199c90f9,五期电解,谭进,,五期电尾液杂铁,,夜班,化验室填报表单,电尾液杂质,2024-05-29 11:50:19,6644541eeb3f0300019793a2,g/L
152,0.0,,,结束,2024-04-02 00:00:00,财务管理部,63e0581be4b02e6e0f71ab66,含铁,2024-04-02,58417862c1d0470b813ae84d199c90f9,四期电解,谭进,,四期电尾液杂铁,,夜班,化验室填报表单,电尾液杂质,2024-05-29 11:50:19,6644541eeb3f0300019793a2,g/L
153,0.0,,,结束,2024-04-02 00:00:00,财务管理部,63e0581be4b02e6e0f71ab66,含锰,2024-04-02,58417862c1d0470b813ae84d199c90f9,一期电解,谭进,,一期电尾液杂锰,,夜班,化验室填报表单,电尾液杂质,2024-05-29 11:50:19,6644541eeb3f0300019793a2,g/L
154,0.0,,,结束,2024-04-02 00:00:00,财务管理部,63e0581be4b02e6e0f71ab66,含锰,2024-04-02,58417862c1d0470b813ae84d199c90f9,三期电解,谭进,,三期电尾液杂锰,,夜班,化验室填报表单,电尾液杂质,2024-05-29 11:50:19,6644541eeb3f0300019793a2,g/L
155,0.0,,,结束,2024-04-02 00:00:00,财务管理部,63e0581be4b02e6e0f71ab66,含锰,2024-04-02,58417862c1d0470b813ae84d199c90f9,二期电解,谭进,,二期电尾液杂锰,,夜班,化验室填报表单,电尾液杂质,2024-05-29 11:50:19,6644541eeb3f0300019793a2,g/L
156,0.0,,,结束,2024-04-02 00:00:00,财务管理部,63e0581be4b02e6e0f71ab66,含锰,2024-04-02,58417862c1d0470b813ae84d199c90f9,五期电解,谭进,,五期电尾液杂锰,,夜班,化验室填报表单,电尾液杂质,2024-05-29 11:50:19,6644541eeb3f0300019793a2,g/L
157,0.0,,,结束,2024-04-02 00:00:00,财务管理部,63e0581be4b02e6e0f71ab66,含锰,2024-04-02,58417862c1d0470b813ae84d199c90f9,四期电解,谭进,,四期电尾液杂锰,,夜班,化验室填报表单,电尾液杂质,2024-05-29 11:50:19,6644541eeb3f0300019793a2,g/L
158,55.97,,,结束,2024-04-02 00:00:00,财务管理部,63e0581be4b02e6e0f71ab66,第一次,2024-04-02,58417862c1d0470b813ae84d199c90f9,一期萃取,谭进,,一期萃取-反萃富液含铜,,夜班,化验室填报表单,反萃富液含铜,2024-05-29 11:50:19,6644541eeb3f0300019793a2,g/L
159,51.76,,,结束,2024-04-02 00:00:00,财务管理部,63e0581be4b02e6e0f71ab66,第一次,2024-04-02,58417862c1d0470b813ae84d199c90f9,七期萃取,谭进,,七期萃取-反萃富液含铜,,夜班,化验室填报表单,反萃富液含铜,2024-05-29 11:50:19,6644541eeb3f0300019793a2,g/L
160,59.3,,,结束,2024-04-02 00:00:00,财务管理部,63e0581be4b02e6e0f71ab66,第一次,2024-04-02,58417862c1d0470b813ae84d199c90f9,三期萃取,谭进,,三期萃取-反萃富液含铜,,夜班,化验室填报表单,反萃富液含铜,2024-05-29 11:50:19,6644541eeb3f0300019793a2,g/L
161,57.14,,,结束,2024-04-02 00:00:00,财务管理部,63e0581be4b02e6e0f71ab66,第一次,2024-04-02,58417862c1d0470b813ae84d199c90f9,二期萃取,谭进,,二期萃取-反萃富液含铜,,夜班,化验室填报表单,反萃富液含铜,2024-05-29 11:50:19,6644541eeb3f0300019793a2,g/L
162,61.59,,,结束,2024-04-02 00:00:00,财务管理部,63e0581be4b02e6e0f71ab66,第一次,2024-04-02,58417862c1d0470b813ae84d199c90f9,五期萃取,谭进,,五期萃取-反萃富液含铜,,夜班,化验室填报表单,反萃富液含铜,2024-05-29 11:50:19,6644541eeb3f0300019793a2,g/L
163,59.37,,,结束,2024-04-02 00:00:00,财务管理部,63e0581be4b02e6e0f71ab66,第一次,2024-04-02,58417862c1d0470b813ae84d199c90f9,六期萃取,谭进,,六期萃取-反萃富液含铜,,夜班,化验室填报表单,反萃富液含铜,2024-05-29 11:50:19,6644541eeb3f0300019793a2,g/L
164,61.24,,,结束,2024-04-02 00:00:00,财务管理部,63e0581be4b02e6e0f71ab66,第一次,2024-04-02,58417862c1d0470b813ae84d199c90f9,四期萃取,谭进,,四期萃取-反萃富液含铜,,夜班,化验室填报表单,反萃富液含铜,2024-05-29 11:50:19,6644541eeb3f0300019793a2,g/L
165,7.65,,,结束,2024-04-02 00:00:00,财务管理部,63e0581be4b02e6e0f71ab66,第一次,2024-04-02,58417862c1d0470b813ae84d199c90f9,一期萃取,谭进,,回厂料液含铜,,夜班,化验室填报表单,含铜浓度,2024-05-29 11:50:19,6644541eeb3f0300019793a2,g/L
166,6.41,,,结束,2024-04-02 00:00:00,财务管理部,63e0581be4b02e6e0f71ab66,第一次,2024-04-02,58417862c1d0470b813ae84d199c90f9,七期萃取,谭进,,7期回厂料液含铜,,夜班,化验室填报表单,含铜浓度,2024-05-29 11:50:19,6644541eeb3f0300019793a2,g/L
167,7.65,,,结束,2024-04-02 00:00:00,财务管理部,63e0581be4b02e6e0f71ab66,第一次,2024-04-02,58417862c1d0470b813ae84d199c90f9,三期萃取,谭进,,回厂料液含铜,,夜班,化验室填报表单,含铜浓度,2024-05-29 11:50:19,6644541eeb3f0300019793a2,g/L
168,7.65,,,结束,2024-04-02 00:00:00,财务管理部,63e0581be4b02e6e0f71ab66,第一次,2024-04-02,58417862c1d0470b813ae84d199c90f9,二期萃取,谭进,,回厂料液含铜,,夜班,化验室填报表单,含铜浓度,2024-05-29 11:50:19,6644541eeb3f0300019793a2,g/L
169,7.01,,,结束,2024-04-02 00:00:00,财务管理部,63e0581be4b02e6e0f71ab66,第一次,2024-04-02,58417862c1d0470b813ae84d199c90f9,五期萃取,谭进,,回厂料液含铜,,夜班,化验室填报表单,含铜浓度,2024-05-29 11:50:19,6644541eeb3f0300019793a2,g/L
170,7.65,,,结束,2024-04-02 00:00:00,财务管理部,63e0581be4b02e6e0f71ab66,第一次,2024-04-02,58417862c1d0470b813ae84d199c90f9,六期萃取,谭进,,回厂料液含铜,,夜班,化验室填报表单,含铜浓度,2024-05-29 11:50:19,6644541eeb3f0300019793a2,g/L
171,7.65,,,结束,2024-04-02 00:00:00,财务管理部,63e0581be4b02e6e0f71ab66,第一次,2024-04-02,58417862c1d0470b813ae84d199c90f9,四期萃取,谭进,,回厂料液含铜,,夜班,化验室填报表单,含铜浓度,2024-05-29 11:50:19,6644541eeb3f0300019793a2,g/L
172,2.03,,,结束,2024-04-02 00:00:00,财务管理部,63e0581be4b02e6e0f71ab66,第一次,2024-04-02,58417862c1d0470b813ae84d199c90f9,尾矿车间,谭进,,尾矿回水料液含铜,,夜班,化验室填报表单,尾矿回水含铜浓度,2024-05-29 11:50:19,6644541eeb3f0300019793a2,g/L
173,4.42,,,结束,2024-04-02 00:00:00,财务管理部,63e0581be4b02e6e0f71ab66,第一次,2024-04-02,58417862c1d0470b813ae84d199c90f9,10＃浓密机,谭进,,"溢流含铜浓度(4,5,10)",,夜班,化验室填报表单,溢流含铜浓度,2024-05-29 11:50:19,6644541eeb3f0300019793a2,g/L
174,0.0,,,结束,2024-04-02 00:00:00,财务管理部,63e0581be4b02e6e0f71ab66,第一次,2024-04-02,58417862c1d0470b813ae84d199c90f9,11＃浓密机,谭进,,溢流含铜浓度(11),,夜班,化验室填报表单,溢流含铜浓度,2024-05-29 11:50:19,6644541eeb3f0300019793a2,g/L
175,0.0,,,结束,2024-04-02 00:00:00,财务管理部,63e0581be4b02e6e0f71ab66,第一次,2024-04-02,58417862c1d0470b813ae84d199c90f9,12＃浓密机,谭进,,溢流含铜浓度(12),,夜班,化验室填报表单,溢流含铜浓度,2024-05-29 11:50:19,6644541eeb3f0300019793a2,g/L
176,7.96,,,结束,2024-04-02 00:00:00,财务管理部,63e0581be4b02e6e0f71ab66,第一次,2024-04-02,58417862c1d0470b813ae84d199c90f9,13＃浓密机,谭进,,"溢流含铜浓度(1，2，3，6，8,13)",,夜班,化验室填报表单,溢流含铜浓度,2024-05-29 11:50:19,6644541eeb3f0300019793a2,g/L
177,8.18,,,结束,2024-04-02 00:00:00,财务管理部,63e0581be4b02e6e0f71ab66,第一次,2024-04-02,58417862c1d0470b813ae84d199c90f9,14＃浓密机,谭进,,溢流含铜浓度(14),,夜班,化验室填报表单,溢流含铜浓度,2024-05-29 11:50:19,6644541eeb3f0300019793a2,g/L
178,0.0,,,结束,2024-04-02 00:00:00,财务管理部,63e0581be4b02e6e0f71ab66,第一次,2024-04-02,58417862c1d0470b813ae84d199c90f9,15＃浓密机,谭进,,溢流含铜浓度(15),,夜班,化验室填报表单,溢流含铜浓度,2024-05-29 11:50:19,6644541eeb3f0300019793a2,g/L
179,0.0,,,结束,2024-04-02 00:00:00,财务管理部,63e0581be4b02e6e0f71ab66,第一次,2024-04-02,58417862c1d0470b813ae84d199c90f9,16＃浓密机,谭进,,溢流含铜浓度(16),,夜班,化验室填报表单,溢流含铜浓度,2024-05-29 11:50:19,6644541eeb3f0300019793a2,g/L
180,0.0,,,结束,2024-04-02 00:00:00,财务管理部,63e0581be4b02e6e0f71ab66,第一次,2024-04-02,58417862c1d0470b813ae84d199c90f9,17＃浓密机,谭进,,溢流含铜浓度(17),,夜班,化验室填报表单,溢流含铜浓度,2024-05-29 11:50:19,6644541eeb3f0300019793a2,g/L
181,0.0,,,结束,2024-04-02 00:00:00,财务管理部,63e0581be4b02e6e0f71ab66,第一次,2024-04-02,58417862c1d0470b813ae84d199c90f9,18＃浓密机,谭进,,溢流含铜浓度(18),,夜班,化验室填报表单,溢流含铜浓度,2024-05-29 11:50:19,6644541eeb3f0300019793a2,g/L
182,0.0,,,结束,2024-04-02 00:00:00,财务管理部,63e0581be4b02e6e0f71ab66,第一次,2024-04-02,58417862c1d0470b813ae84d199c90f9,1＃浓密机,谭进,,"溢流含铜浓度(1，2，3，6，8,13)",,夜班,化验室填报表单,溢流含铜浓度,2024-05-29 11:50:19,6644541eeb3f0300019793a2,g/L
183,0.0,,,结束,2024-04-02 00:00:00,财务管理部,63e0581be4b02e6e0f71ab66,第一次,2024-04-02,58417862c1d0470b813ae84d199c90f9,2＃浓密机,谭进,,"溢流含铜浓度(1，2，3，6，8,13)",,夜班,化验室填报表单,溢流含铜浓度,2024-05-29 11:50:19,6644541eeb3f0300019793a2,g/L
184,0.0,,,结束,2024-04-02 00:00:00,财务管理部,63e0581be4b02e6e0f71ab66,第一次,2024-04-02,58417862c1d0470b813ae84d199c90f9,3＃浓密机,谭进,,"溢流含铜浓度(1，2，3，6，8,13)",,夜班,化验室填报表单,溢流含铜浓度,2024-05-29 11:50:19,6644541eeb3f0300019793a2,g/L
185,3.98,,,结束,2024-04-02 00:00:00,财务管理部,63e0581be4b02e6e0f71ab66,第一次,2024-04-02,58417862c1d0470b813ae84d199c90f9,4＃浓密机,谭进,,"溢流含铜浓度(4,5,10)",,夜班,化验室填报表单,溢流含铜浓度,2024-05-29 11:50:19,6644541eeb3f0300019793a2,g/L
186,4.24,,,结束,2024-04-02 00:00:00,财务管理部,63e0581be4b02e6e0f71ab66,第一次,2024-04-02,58417862c1d0470b813ae84d199c90f9,5＃浓密机,谭进,,"溢流含铜浓度(4,5,10)",,夜班,化验室填报表单,溢流含铜浓度,2024-05-29 11:50:19,6644541eeb3f0300019793a2,g/L
187,0.0,,,结束,2024-04-02 00:00:00,财务管理部,63e0581be4b02e6e0f71ab66,第一次,2024-04-02,58417862c1d0470b813ae84d199c90f9,6＃浓密机,谭进,,"溢流含铜浓度(1，2，3，6，8,13)",,夜班,化验室填报表单,溢流含铜浓度,2024-05-29 11:50:19,6644541eeb3f0300019793a2,g/L
188,0.0,,,结束,2024-04-02 00:00:00,财务管理部,63e0581be4b02e6e0f71ab66,第一次,2024-04-02,58417862c1d0470b813ae84d199c90f9,7＃浓密机,谭进,,"溢流含铜浓度(7,9)",,夜班,化验室填报表单,溢流含铜浓度,2024-05-29 11:50:19,6644541eeb3f0300019793a2,g/L
189,0.0,,,结束,2024-04-02 00:00:00,财务管理部,63e0581be4b02e6e0f71ab66,第一次,2024-04-02,58417862c1d0470b813ae84d199c90f9,8＃浓密机,谭进,,"溢流含铜浓度(1，2，3，6，8,13)",,夜班,化验室填报表单,溢流含铜浓度,2024-05-29 11:50:19,6644541eeb3f0300019793a2,g/L
190,5.79,,,结束,2024-04-02 00:00:00,财务管理部,63e0581be4b02e6e0f71ab66,第一次,2024-04-02,58417862c1d0470b813ae84d199c90f9,9＃浓密机,谭进,,"溢流含铜浓度(7,9)",,夜班,化验室填报表单,溢流含铜浓度,2024-05-29 11:50:19,6644541eeb3f0300019793a2,g/L
191,54.33,,,结束,2024-04-02 00:00:00,财务管理部,63e0581be4b02e6e0f71ab66,第一次,2024-04-02,58417862c1d0470b813ae84d199c90f9,一期电解,谭进,,一期电解-电富液含铜,,夜班,化验室填报表单,电富液含铜,2024-05-29 11:50:19,6644541eeb3f0300019793a2,g/L
192,54.33,,,结束,2024-04-02 00:00:00,财务管理部,63e0581be4b02e6e0f71ab66,第一次,2024-04-02,58417862c1d0470b813ae84d199c90f9,三期电解,谭进,,三期电解-电富液含铜,,夜班,化验室填报表单,电富液含铜,2024-05-29 11:50:19,6644541eeb3f0300019793a2,g/L
193,55.27,,,结束,2024-04-02 00:00:00,财务管理部,63e0581be4b02e6e0f71ab66,第一次,2024-04-02,58417862c1d0470b813ae84d199c90f9,二期电解,谭进,,二期电解-电富液含铜,,夜班,化验室填报表单,电富液含铜,2024-05-29 11:50:19,6644541eeb3f0300019793a2,g/L
194,46.6,,,结束,2024-04-02 00:00:00,财务管理部,63e0581be4b02e6e0f71ab66,第一次,2024-04-02,58417862c1d0470b813ae84d199c90f9,五期电解,谭进,,五期电解-电富液含铜,,夜班,化验室填报表单,电富液含铜,2024-05-29 11:50:19,6644541eeb3f0300019793a2,g/L
195,46.6,,,结束,2024-04-02 00:00:00,财务管理部,63e0581be4b02e6e0f71ab66,第一次,2024-04-02,58417862c1d0470b813ae84d199c90f9,四期电解,谭进,,四期电解-电富液含铜,,夜班,化验室填报表单,电富液含铜,2024-05-29 11:50:19,6644541eeb3f0300019793a2,g/L
196,189.73,,,结束,2024-04-02 00:00:00,财务管理部,63e0581be4b02e6e0f71ab66,第一次,2024-04-02,58417862c1d0470b813ae84d199c90f9,一期电解,谭进,,一期电解尾液含酸浓度,,夜班,化验室填报表单,电尾液含酸,2024-05-29 11:50:19,6644541eeb3f0300019793a2,g/L
197,191.73,,,结束,2024-04-02 00:00:00,财务管理部,63e0581be4b02e6e0f71ab66,第一次,2024-04-02,58417862c1d0470b813ae84d199c90f9,三期电解,谭进,,三期电解尾液含酸浓度,,夜班,化验室填报表单,电尾液含酸,2024-05-29 11:50:19,6644541eeb3f0300019793a2,g/L
198,192.46,,,结束,2024-04-02 00:00:00,财务管理部,63e0581be4b02e6e0f71ab66,第一次,2024-04-02,58417862c1d0470b813ae84d199c90f9,二期电解,谭进,,二期电解尾液含酸浓度,,夜班,化验室填报表单,电尾液含酸,2024-05-29 11:50:19,6644541eeb3f0300019793a2,g/L
199,179.75,,,结束,2024-04-02 00:00:00,财务管理部,63e0581be4b02e6e0f71ab66,第一次,2024-04-02,58417862c1d0470b813ae84d199c90f9,五期电解,谭进,,五期电解尾液含酸浓度,,夜班,化验室填报表单,电尾液含酸,2024-05-29 11:50:19,6644541eeb3f0300019793a2,g/L
200,176.96,,,结束,2024-04-02 00:00:00,财务管理部,63e0581be4b02e6e0f71ab66,第一次,2024-04-02,58417862c1d0470b813ae84d199c90f9,四期电解,谭进,,四期电解尾液含酸浓度,,夜班,化验室填报表单,电尾液含酸,2024-05-29 11:50:19,6644541eeb3f0300019793a2,g/L
201,51.05,,,结束,2024-04-02 00:00:00,财务管理部,63e0581be4b02e6e0f71ab66,第一次,2024-04-02,58417862c1d0470b813ae84d199c90f9,一期电解,谭进,,一期电解尾液含CU浓度,,夜班,化验室填报表单,电尾液含铜,2024-05-29 11:50:19,6644541eeb3f0300019793a2,g/L
202,51.99,,,结束,2024-04-02 00:00:00,财务管理部,63e0581be4b02e6e0f71ab66,第一次,2024-04-02,58417862c1d0470b813ae84d199c90f9,三期电解,谭进,,三期电解尾液含CU浓度,,夜班,化验室填报表单,电尾液含铜,2024-05-29 11:50:19,6644541eeb3f0300019793a2,g/L
203,49.18,,,结束,2024-04-02 00:00:00,财务管理部,63e0581be4b02e6e0f71ab66,第一次,2024-04-02,58417862c1d0470b813ae84d199c90f9,二期电解,谭进,,二期电解尾液含CU浓度,,夜班,化验室填报表单,电尾液含铜,2024-05-29 11:50:19,6644541eeb3f0300019793a2,g/L
204,44.68,,,结束,2024-04-02 00:00:00,财务管理部,63e0581be4b02e6e0f71ab66,第一次,2024-04-02,58417862c1d0470b813ae84d199c90f9,五期电解,谭进,,五期电解尾液含CU浓度,,夜班,化验室填报表单,电尾液含铜,2024-05-29 11:50:19,6644541eeb3f0300019793a2,g/L
205,44.03,,,结束,2024-04-02 00:00:00,财务管理部,63e0581be4b02e6e0f71ab66,第一次,2024-04-02,58417862c1d0470b813ae84d199c90f9,四期电解,谭进,,四期电解尾液含CU浓度,,夜班,化验室填报表单,电尾液含铜,2024-05-29 11:50:19,6644541eeb3f0300019793a2,g/L
206,16.81,,,结束,2024-04-02 00:00:00,财务管理部,63e0581be4b02e6e0f71ab66,第一次,2024-04-02,58417862c1d0470b813ae84d199c90f9,10＃浓密机,谭进,,矿浆滤液含酸,,夜班,化验室填报表单,矿浆滤液含酸,2024-05-29 11:50:19,6644541eeb3f0300019793a2,g/L
207,16.31,,,结束,2024-04-02 00:00:00,财务管理部,63e0581be4b02e6e0f71ab66,第一次,2024-04-02,58417862c1d0470b813ae84d199c90f9,4＃浓密机,谭进,,矿浆滤液含酸,,夜班,化验室填报表单,矿浆滤液含酸,2024-05-29 11:50:19,6644541eeb3f0300019793a2,g/L
208,0.0,,,结束,2024-04-02 00:00:00,财务管理部,63e0581be4b02e6e0f71ab66,第一次,2024-04-02,58417862c1d0470b813ae84d199c90f9,5＃浓密机,谭进,,矿浆滤液含酸,,夜班,化验室填报表单,矿浆滤液含酸,2024-05-29 11:50:19,6644541eeb3f0300019793a2,g/L
209,0.0,,,结束,2024-04-02 00:00:00,财务管理部,63e0581be4b02e6e0f71ab66,第一次,2024-04-02,58417862c1d0470b813ae84d199c90f9,7＃浓密机,谭进,,矿浆滤液含酸,,夜班,化验室填报表单,矿浆滤液含酸,2024-05-29 11:50:19,6644541eeb3f0300019793a2,g/L
210,2.03,,,结束,2024-04-02 00:00:00,财务管理部,63e0581be4b02e6e0f71ab66,第一次,2024-04-02,58417862c1d0470b813ae84d199c90f9,10＃浓密机,谭进,,进入尾矿坝料液含铜,,夜班,化验室填报表单,矿浆滤液含铜,2024-05-29 11:50:19,6644541eeb3f0300019793a2,g/L
211,1.13,,,结束,2024-04-02 00:00:00,财务管理部,63e0581be4b02e6e0f71ab66,第一次,2024-04-02,58417862c1d0470b813ae84d199c90f9,4＃浓密机,谭进,,进入尾矿坝料液含铜,,夜班,化验室填报表单,矿浆滤液含铜,2024-05-29 11:50:19,6644541eeb3f0300019793a2,g/L
212,0.0,,,结束,2024-04-02 00:00:00,财务管理部,63e0581be4b02e6e0f71ab66,第一次,2024-04-02,58417862c1d0470b813ae84d199c90f9,5＃浓密机,谭进,,进入尾矿坝料液含铜,,夜班,化验室填报表单,矿浆滤液含铜,2024-05-29 11:50:19,6644541eeb3f0300019793a2,g/L
213,0.0,,,结束,2024-04-02 00:00:00,财务管理部,63e0581be4b02e6e0f71ab66,第一次,2024-04-02,58417862c1d0470b813ae84d199c90f9,7＃浓密机,谭进,,进入尾矿坝料液含铜,,夜班,化验室填报表单,矿浆滤液含铜,2024-05-29 11:50:19,6644541eeb3f0300019793a2,g/L
214,0.38,,,结束,2024-04-02 00:00:00,财务管理部,63e0581be4b02e6e0f71ab66,第一次,2024-04-02,58417862c1d0470b813ae84d199c90f9,一期萃取,谭进,,一期萃余液,,夜班,化验室填报表单,萃余液含铜,2024-05-29 11:50:19,6644541eeb3f0300019793a2,g/L
215,0.38,,,结束,2024-04-02 00:00:00,财务管理部,63e0581be4b02e6e0f71ab66,第一次,2024-04-02,58417862c1d0470b813ae84d199c90f9,七期萃取,谭进,,七期萃余液,,夜班,化验室填报表单,萃余液含铜,2024-05-29 11:50:19,6644541eeb3f0300019793a2,g/L
216,0.54,,,结束,2024-04-02 00:00:00,财务管理部,63e0581be4b02e6e0f71ab66,第一次,2024-04-02,58417862c1d0470b813ae84d199c90f9,三期萃取,谭进,,三期萃余液,,夜班,化验室填报表单,萃余液含铜,2024-05-29 11:50:19,6644541eeb3f0300019793a2,g/L
217,0.52,,,结束,2024-04-02 00:00:00,财务管理部,63e0581be4b02e6e0f71ab66,第一次,2024-04-02,58417862c1d0470b813ae84d199c90f9,二期萃取,谭进,,二期萃余液,,夜班,化验室填报表单,萃余液含铜,2024-05-29 11:50:19,6644541eeb3f0300019793a2,g/L
218,0.73,,,结束,2024-04-02 00:00:00,财务管理部,63e0581be4b02e6e0f71ab66,第一次,2024-04-02,58417862c1d0470b813ae84d199c90f9,五期萃取,谭进,,五期萃余液,,夜班,化验室填报表单,萃余液含铜,2024-05-29 11:50:19,6644541eeb3f0300019793a2,g/L
219,0.53,,,结束,2024-04-02 00:00:00,财务管理部,63e0581be4b02e6e0f71ab66,第一次,2024-04-02,58417862c1d0470b813ae84d199c90f9,六期萃取,谭进,,六期萃余液,,夜班,化验室填报表单,萃余液含铜,2024-05-29 11:50:19,6644541eeb3f0300019793a2,g/L
220,0.62,,,结束,2024-04-02 00:00:00,财务管理部,63e0581be4b02e6e0f71ab66,第一次,2024-04-02,58417862c1d0470b813ae84d199c90f9,四期萃取,谭进,,四期萃余液,,夜班,化验室填报表单,萃余液含铜,2024-05-29 11:50:19,6644541eeb3f0300019793a2,g/L
221,60.19,,,结束,2024-04-02 00:00:00,财务管理部,63e0581be4b02e6e0f71ab66,第三次,2024-04-02,58417862c1d0470b813ae84d199c90f9,一期萃取,谭进,,一期萃取-反萃富液含铜,,夜班,化验室填报表单,反萃富液含铜,2024-05-29 11:50:19,6644541eeb3f0300019793a2,g/L
222,53.86,,,结束,2024-04-02 00:00:00,财务管理部,63e0581be4b02e6e0f71ab66,第三次,2024-04-02,58417862c1d0470b813ae84d199c90f9,七期萃取,谭进,,七期萃取-反萃富液含铜,,夜班,化验室填报表单,反萃富液含铜,2024-05-29 11:50:19,6644541eeb3f0300019793a2,g/L
223,62.76,,,结束,2024-04-02 00:00:00,财务管理部,63e0581be4b02e6e0f71ab66,第三次,2024-04-02,58417862c1d0470b813ae84d199c90f9,三期萃取,谭进,,三期萃取-反萃富液含铜,,夜班,化验室填报表单,反萃富液含铜,2024-05-29 11:50:19,6644541eeb3f0300019793a2,g/L
224,61.59,,,结束,2024-04-02 00:00:00,财务管理部,63e0581be4b02e6e0f71ab66,第三次,2024-04-02,58417862c1d0470b813ae84d199c90f9,二期萃取,谭进,,二期萃取-反萃富液含铜,,夜班,化验室填报表单,反萃富液含铜,2024-05-29 11:50:19,6644541eeb3f0300019793a2,g/L
225,63.23,,,结束,2024-04-02 00:00:00,财务管理部,63e0581be4b02e6e0f71ab66,第三次,2024-04-02,58417862c1d0470b813ae84d199c90f9,五期萃取,谭进,,五期萃取-反萃富液含铜,,夜班,化验室填报表单,反萃富液含铜,2024-05-29 11:50:19,6644541eeb3f0300019793a2,g/L
226,59.37,,,结束,2024-04-02 00:00:00,财务管理部,63e0581be4b02e6e0f71ab66,第三次,2024-04-02,58417862c1d0470b813ae84d199c90f9,六期萃取,谭进,,六期萃取-反萃富液含铜,,夜班,化验室填报表单,反萃富液含铜,2024-05-29 11:50:19,6644541eeb3f0300019793a2,g/L
227,60.89,,,结束,2024-04-02 00:00:00,财务管理部,63e0581be4b02e6e0f71ab66,第三次,2024-04-02,58417862c1d0470b813ae84d199c90f9,四期萃取,谭进,,四期萃取-反萃富液含铜,,夜班,化验室填报表单,反萃富液含铜,2024-05-29 11:50:19,6644541eeb3f0300019793a2,g/L
228,7.65,,,结束,2024-04-02 00:00:00,财务管理部,63e0581be4b02e6e0f71ab66,第三次,2024-04-02,58417862c1d0470b813ae84d199c90f9,一期萃取,谭进,,回厂料液含铜,,夜班,化验室填报表单,含铜浓度,2024-05-29 11:50:19,6644541eeb3f0300019793a2,g/L
229,6.45,,,结束,2024-04-02 00:00:00,财务管理部,63e0581be4b02e6e0f71ab66,第三次,2024-04-02,58417862c1d0470b813ae84d199c90f9,七期萃取,谭进,,7期回厂料液含铜,,夜班,化验室填报表单,含铜浓度,2024-05-29 11:50:19,6644541eeb3f0300019793a2,g/L
230,7.65,,,结束,2024-04-02 00:00:00,财务管理部,63e0581be4b02e6e0f71ab66,第三次,2024-04-02,58417862c1d0470b813ae84d199c90f9,三期萃取,谭进,,回厂料液含铜,,夜班,化验室填报表单,含铜浓度,2024-05-29 11:50:19,6644541eeb3f0300019793a2,g/L
231,7.65,,,结束,2024-04-02 00:00:00,财务管理部,63e0581be4b02e6e0f71ab66,第三次,2024-04-02,58417862c1d0470b813ae84d199c90f9,二期萃取,谭进,,回厂料液含铜,,夜班,化验室填报表单,含铜浓度,2024-05-29 11:50:19,6644541eeb3f0300019793a2,g/L
232,7.12,,,结束,2024-04-02 00:00:00,财务管理部,63e0581be4b02e6e0f71ab66,第三次,2024-04-02,58417862c1d0470b813ae84d199c90f9,五期萃取,谭进,,回厂料液含铜,,夜班,化验室填报表单,含铜浓度,2024-05-29 11:50:19,6644541eeb3f0300019793a2,g/L
233,7.65,,,结束,2024-04-02 00:00:00,财务管理部,63e0581be4b02e6e0f71ab66,第三次,2024-04-02,58417862c1d0470b813ae84d199c90f9,六期萃取,谭进,,回厂料液含铜,,夜班,化验室填报表单,含铜浓度,2024-05-29 11:50:19,6644541eeb3f0300019793a2,g/L
234,7.65,,,结束,2024-04-02 00:00:00,财务管理部,63e0581be4b02e6e0f71ab66,第三次,2024-04-02,58417862c1d0470b813ae84d199c90f9,四期萃取,谭进,,回厂料液含铜,,夜班,化验室填报表单,含铜浓度,2024-05-29 11:50:19,6644541eeb3f0300019793a2,g/L
235,0.0,,,结束,2024-04-02 00:00:00,财务管理部,63e0581be4b02e6e0f71ab66,第三次,2024-04-02,58417862c1d0470b813ae84d199c90f9,尾矿车间,谭进,,尾矿回水料液含铜,,夜班,化验室填报表单,尾矿回水含铜浓度,2024-05-29 11:50:19,6644541eeb3f0300019793a2,g/L
236,0.0,,,结束,2024-04-02 00:00:00,财务管理部,63e0581be4b02e6e0f71ab66,第三次,2024-04-02,58417862c1d0470b813ae84d199c90f9,10＃浓密机,谭进,,"溢流含铜浓度(4,5,10)",,夜班,化验室填报表单,溢流含铜浓度,2024-05-29 11:50:19,6644541eeb3f0300019793a2,g/L
237,0.0,,,结束,2024-04-02 00:00:00,财务管理部,63e0581be4b02e6e0f71ab66,第三次,2024-04-02,58417862c1d0470b813ae84d199c90f9,11＃浓密机,谭进,,溢流含铜浓度(11),,夜班,化验室填报表单,溢流含铜浓度,2024-05-29 11:50:19,6644541eeb3f0300019793a2,g/L
238,0.0,,,结束,2024-04-02 00:00:00,财务管理部,63e0581be4b02e6e0f71ab66,第三次,2024-04-02,58417862c1d0470b813ae84d199c90f9,12＃浓密机,谭进,,溢流含铜浓度(12),,夜班,化验室填报表单,溢流含铜浓度,2024-05-29 11:50:19,6644541eeb3f0300019793a2,g/L
239,0.0,,,结束,2024-04-02 00:00:00,财务管理部,63e0581be4b02e6e0f71ab66,第三次,2024-04-02,58417862c1d0470b813ae84d199c90f9,13＃浓密机,谭进,,"溢流含铜浓度(1，2，3，6，8,13)",,夜班,化验室填报表单,溢流含铜浓度,2024-05-29 11:50:19,6644541eeb3f0300019793a2,g/L
240,0.0,,,结束,2024-04-02 00:00:00,财务管理部,63e0581be4b02e6e0f71ab66,第三次,2024-04-02,58417862c1d0470b813ae84d199c90f9,14＃浓密机,谭进,,溢流含铜浓度(14),,夜班,化验室填报表单,溢流含铜浓度,2024-05-29 11:50:19,6644541eeb3f0300019793a2,g/L
241,0.0,,,结束,2024-04-02 00:00:00,财务管理部,63e0581be4b02e6e0f71ab66,第三次,2024-04-02,58417862c1d0470b813ae84d199c90f9,15＃浓密机,谭进,,溢流含铜浓度(15),,夜班,化验室填报表单,溢流含铜浓度,2024-05-29 11:50:19,6644541eeb3f0300019793a2,g/L
242,0.0,,,结束,2024-04-02 00:00:00,财务管理部,63e0581be4b02e6e0f71ab66,第三次,2024-04-02,58417862c1d0470b813ae84d199c90f9,16＃浓密机,谭进,,溢流含铜浓度(16),,夜班,化验室填报表单,溢流含铜浓度,2024-05-29 11:50:19,6644541eeb3f0300019793a2,g/L
243,0.0,,,结束,2024-04-02 00:00:00,财务管理部,63e0581be4b02e6e0f71ab66,第三次,2024-04-02,58417862c1d0470b813ae84d199c90f9,17＃浓密机,谭进,,溢流含铜浓度(17),,夜班,化验室填报表单,溢流含铜浓度,2024-05-29 11:50:19,6644541eeb3f0300019793a2,g/L
244,0.0,,,结束,2024-04-02 00:00:00,财务管理部,63e0581be4b02e6e0f71ab66,第三次,2024-04-02,58417862c1d0470b813ae84d199c90f9,18＃浓密机,谭进,,溢流含铜浓度(18),,夜班,化验室填报表单,溢流含铜浓度,2024-05-29 11:50:19,6644541eeb3f0300019793a2,g/L
245,0.0,,,结束,2024-04-02 00:00:00,财务管理部,63e0581be4b02e6e0f71ab66,第三次,2024-04-02,58417862c1d0470b813ae84d199c90f9,1＃浓密机,谭进,,"溢流含铜浓度(1，2，3，6，8,13)",,夜班,化验室填报表单,溢流含铜浓度,2024-05-29 11:50:19,6644541eeb3f0300019793a2,g/L
246,0.0,,,结束,2024-04-02 00:00:00,财务管理部,63e0581be4b02e6e0f71ab66,第三次,2024-04-02,58417862c1d0470b813ae84d199c90f9,2＃浓密机,谭进,,"溢流含铜浓度(1，2，3，6，8,13)",,夜班,化验室填报表单,溢流含铜浓度,2024-05-29 11:50:19,6644541eeb3f0300019793a2,g/L
247,0.0,,,结束,2024-04-02 00:00:00,财务管理部,63e0581be4b02e6e0f71ab66,第三次,2024-04-02,58417862c1d0470b813ae84d199c90f9,3＃浓密机,谭进,,"溢流含铜浓度(1，2，3，6，8,13)",,夜班,化验室填报表单,溢流含铜浓度,2024-05-29 11:50:19,6644541eeb3f0300019793a2,g/L
248,0.0,,,结束,2024-04-02 00:00:00,财务管理部,63e0581be4b02e6e0f71ab66,第三次,2024-04-02,58417862c1d0470b813ae84d199c90f9,4＃浓密机,谭进,,"溢流含铜浓度(4,5,10)",,夜班,化验室填报表单,溢流含铜浓度,2024-05-29 11:50:19,6644541eeb3f0300019793a2,g/L
249,0.0,,,结束,2024-04-02 00:00:00,财务管理部,63e0581be4b02e6e0f71ab66,第三次,2024-04-02,58417862c1d0470b813ae84d199c90f9,5＃浓密机,谭进,,"溢流含铜浓度(4,5,10)",,夜班,化验室填报表单,溢流含铜浓度,2024-05-29 11:50:19,6644541eeb3f0300019793a2,g/L
250,0.0,,,结束,2024-04-02 00:00:00,财务管理部,63e0581be4b02e6e0f71ab66,第三次,2024-04-02,58417862c1d0470b813ae84d199c90f9,6＃浓密机,谭进,,"溢流含铜浓度(1，2，3，6，8,13)",,夜班,化验室填报表单,溢流含铜浓度,2024-05-29 11:50:19,6644541eeb3f0300019793a2,g/L
251,0.0,,,结束,2024-04-02 00:00:00,财务管理部,63e0581be4b02e6e0f71ab66,第三次,2024-04-02,58417862c1d0470b813ae84d199c90f9,7＃浓密机,谭进,,"溢流含铜浓度(7,9)",,夜班,化验室填报表单,溢流含铜浓度,2024-05-29 11:50:19,6644541eeb3f0300019793a2,g/L
252,0.0,,,结束,2024-04-02 00:00:00,财务管理部,63e0581be4b02e6e0f71ab66,第三次,2024-04-02,58417862c1d0470b813ae84d199c90f9,8＃浓密机,谭进,,"溢流含铜浓度(1，2，3，6，8,13)",,夜班,化验室填报表单,溢流含铜浓度,2024-05-29 11:50:19,6644541eeb3f0300019793a2,g/L
253,0.0,,,结束,2024-04-02 00:00:00,财务管理部,63e0581be4b02e6e0f71ab66,第三次,2024-04-02,58417862c1d0470b813ae84d199c90f9,9＃浓密机,谭进,,"溢流含铜浓度(7,9)",,夜班,化验室填报表单,溢流含铜浓度,2024-05-29 11:50:19,6644541eeb3f0300019793a2,g/L
254,56.91,,,结束,2024-04-02 00:00:00,财务管理部,63e0581be4b02e6e0f71ab66,第三次,2024-04-02,58417862c1d0470b813ae84d199c90f9,一期电解,谭进,,一期电解-电富液含铜,,夜班,化验室填报表单,电富液含铜,2024-05-29 11:50:19,6644541eeb3f0300019793a2,g/L
255,56.91,,,结束,2024-04-02 00:00:00,财务管理部,63e0581be4b02e6e0f71ab66,第三次,2024-04-02,58417862c1d0470b813ae84d199c90f9,三期电解,谭进,,三期电解-电富液含铜,,夜班,化验室填报表单,电富液含铜,2024-05-29 11:50:19,6644541eeb3f0300019793a2,g/L
256,58.55,,,结束,2024-04-02 00:00:00,财务管理部,63e0581be4b02e6e0f71ab66,第三次,2024-04-02,58417862c1d0470b813ae84d199c90f9,二期电解,谭进,,二期电解-电富液含铜,,夜班,化验室填报表单,电富液含铜,2024-05-29 11:50:19,6644541eeb3f0300019793a2,g/L
257,47.77,,,结束,2024-04-02 00:00:00,财务管理部,63e0581be4b02e6e0f71ab66,第三次,2024-04-02,58417862c1d0470b813ae84d199c90f9,五期电解,谭进,,五期电解-电富液含铜,,夜班,化验室填报表单,电富液含铜,2024-05-29 11:50:19,6644541eeb3f0300019793a2,g/L
258,47.77,,,结束,2024-04-02 00:00:00,财务管理部,63e0581be4b02e6e0f71ab66,第三次,2024-04-02,58417862c1d0470b813ae84d199c90f9,四期电解,谭进,,四期电解-电富液含铜,,夜班,化验室填报表单,电富液含铜,2024-05-29 11:50:19,6644541eeb3f0300019793a2,g/L
259,0.0,,,结束,2024-04-02 00:00:00,财务管理部,63e0581be4b02e6e0f71ab66,第三次,2024-04-02,58417862c1d0470b813ae84d199c90f9,一期电解,谭进,,一期电解尾液含酸浓度,,夜班,化验室填报表单,电尾液含酸,2024-05-29 11:50:19,6644541eeb3f0300019793a2,g/L
260,0.0,,,结束,2024-04-02 00:00:00,财务管理部,63e0581be4b02e6e0f71ab66,第三次,2024-04-02,58417862c1d0470b813ae84d199c90f9,三期电解,谭进,,三期电解尾液含酸浓度,,夜班,化验室填报表单,电尾液含酸,2024-05-29 11:50:19,6644541eeb3f0300019793a2,g/L
261,0.0,,,结束,2024-04-02 00:00:00,财务管理部,63e0581be4b02e6e0f71ab66,第三次,2024-04-02,58417862c1d0470b813ae84d199c90f9,二期电解,谭进,,二期电解尾液含酸浓度,,夜班,化验室填报表单,电尾液含酸,2024-05-29 11:50:19,6644541eeb3f0300019793a2,g/L
262,0.0,,,结束,2024-04-02 00:00:00,财务管理部,63e0581be4b02e6e0f71ab66,第三次,2024-04-02,58417862c1d0470b813ae84d199c90f9,五期电解,谭进,,五期电解尾液含酸浓度,,夜班,化验室填报表单,电尾液含酸,2024-05-29 11:50:19,6644541eeb3f0300019793a2,g/L
263,0.0,,,结束,2024-04-02 00:00:00,财务管理部,63e0581be4b02e6e0f71ab66,第三次,2024-04-02,58417862c1d0470b813ae84d199c90f9,四期电解,谭进,,四期电解尾液含酸浓度,,夜班,化验室填报表单,电尾液含酸,2024-05-29 11:50:19,6644541eeb3f0300019793a2,g/L
264,51.52,,,结束,2024-04-02 00:00:00,财务管理部,63e0581be4b02e6e0f71ab66,第三次,2024-04-02,58417862c1d0470b813ae84d199c90f9,一期电解,谭进,,一期电解尾液含CU浓度,,夜班,化验室填报表单,电尾液含铜,2024-05-29 11:50:19,6644541eeb3f0300019793a2,g/L
265,54.8,,,结束,2024-04-02 00:00:00,财务管理部,63e0581be4b02e6e0f71ab66,第三次,2024-04-02,58417862c1d0470b813ae84d199c90f9,三期电解,谭进,,三期电解尾液含CU浓度,,夜班,化验室填报表单,电尾液含铜,2024-05-29 11:50:19,6644541eeb3f0300019793a2,g/L
266,54.1,,,结束,2024-04-02 00:00:00,财务管理部,63e0581be4b02e6e0f71ab66,第三次,2024-04-02,58417862c1d0470b813ae84d199c90f9,二期电解,谭进,,二期电解尾液含CU浓度,,夜班,化验室填报表单,电尾液含铜,2024-05-29 11:50:19,6644541eeb3f0300019793a2,g/L
267,44.73,,,结束,2024-04-02 00:00:00,财务管理部,63e0581be4b02e6e0f71ab66,第三次,2024-04-02,58417862c1d0470b813ae84d199c90f9,五期电解,谭进,,五期电解尾液含CU浓度,,夜班,化验室填报表单,电尾液含铜,2024-05-29 11:50:19,6644541eeb3f0300019793a2,g/L
268,44.26,,,结束,2024-04-02 00:00:00,财务管理部,63e0581be4b02e6e0f71ab66,第三次,2024-04-02,58417862c1d0470b813ae84d199c90f9,四期电解,谭进,,四期电解尾液含CU浓度,,夜班,化验室填报表单,电尾液含铜,2024-05-29 11:50:19,6644541eeb3f0300019793a2,g/L
269,9.22,,,结束,2024-04-02 00:00:00,财务管理部,63e0581be4b02e6e0f71ab66,第三次,2024-04-02,58417862c1d0470b813ae84d199c90f9,10＃浓密机,谭进,,矿浆滤液含酸,,夜班,化验室填报表单,矿浆滤液含酸,2024-05-29 11:50:19,6644541eeb3f0300019793a2,g/L
270,5.25,,,结束,2024-04-02 00:00:00,财务管理部,63e0581be4b02e6e0f71ab66,第三次,2024-04-02,58417862c1d0470b813ae84d199c90f9,4＃浓密机,谭进,,矿浆滤液含酸,,夜班,化验室填报表单,矿浆滤液含酸,2024-05-29 11:50:19,6644541eeb3f0300019793a2,g/L
271,0.0,,,结束,2024-04-02 00:00:00,财务管理部,63e0581be4b02e6e0f71ab66,第三次,2024-04-02,58417862c1d0470b813ae84d199c90f9,5＃浓密机,谭进,,矿浆滤液含酸,,夜班,化验室填报表单,矿浆滤液含酸,2024-05-29 11:50:19,6644541eeb3f0300019793a2,g/L
272,0.0,,,结束,2024-04-02 00:00:00,财务管理部,63e0581be4b02e6e0f71ab66,第三次,2024-04-02,58417862c1d0470b813ae84d199c90f9,7＃浓密机,谭进,,矿浆滤液含酸,,夜班,化验室填报表单,矿浆滤液含酸,2024-05-29 11:50:19,6644541eeb3f0300019793a2,g/L
273,2.03,,,结束,2024-04-02 00:00:00,财务管理部,63e0581be4b02e6e0f71ab66,第三次,2024-04-02,58417862c1d0470b813ae84d199c90f9,10＃浓密机,谭进,,进入尾矿坝料液含铜,,夜班,化验室填报表单,矿浆滤液含铜,2024-05-29 11:50:19,6644541eeb3f0300019793a2,g/L
274,0.41,,,结束,2024-04-02 00:00:00,财务管理部,63e0581be4b02e6e0f71ab66,第三次,2024-04-02,58417862c1d0470b813ae84d199c90f9,4＃浓密机,谭进,,进入尾矿坝料液含铜,,夜班,化验室填报表单,矿浆滤液含铜,2024-05-29 11:50:19,6644541eeb3f0300019793a2,g/L
275,0.0,,,结束,2024-04-02 00:00:00,财务管理部,63e0581be4b02e6e0f71ab66,第三次,2024-04-02,58417862c1d0470b813ae84d199c90f9,5＃浓密机,谭进,,进入尾矿坝料液含铜,,夜班,化验室填报表单,矿浆滤液含铜,2024-05-29 11:50:19,6644541eeb3f0300019793a2,g/L
276,0.0,,,结束,2024-04-02 00:00:00,财务管理部,63e0581be4b02e6e0f71ab66,第三次,2024-04-02,58417862c1d0470b813ae84d199c90f9,7＃浓密机,谭进,,进入尾矿坝料液含铜,,夜班,化验室填报表单,矿浆滤液含铜,2024-05-29 11:50:19,6644541eeb3f0300019793a2,g/L
277,0.4,,,结束,2024-04-02 00:00:00,财务管理部,63e0581be4b02e6e0f71ab66,第三次,2024-04-02,58417862c1d0470b813ae84d199c90f9,一期萃取,谭进,,一期萃余液,,夜班,化验室填报表单,萃余液含铜,2024-05-29 11:50:19,6644541eeb3f0300019793a2,g/L
278,0.4,,,结束,2024-04-02 00:00:00,财务管理部,63e0581be4b02e6e0f71ab66,第三次,2024-04-02,58417862c1d0470b813ae84d199c90f9,七期萃取,谭进,,七期萃余液,,夜班,化验室填报表单,萃余液含铜,2024-05-29 11:50:19,6644541eeb3f0300019793a2,g/L
279,0.61,,,结束,2024-04-02 00:00:00,财务管理部,63e0581be4b02e6e0f71ab66,第三次,2024-04-02,58417862c1d0470b813ae84d199c90f9,三期萃取,谭进,,三期萃余液,,夜班,化验室填报表单,萃余液含铜,2024-05-29 11:50:19,6644541eeb3f0300019793a2,g/L
280,0.63,,,结束,2024-04-02 00:00:00,财务管理部,63e0581be4b02e6e0f71ab66,第三次,2024-04-02,58417862c1d0470b813ae84d199c90f9,二期萃取,谭进,,二期萃余液,,夜班,化验室填报表单,萃余液含铜,2024-05-29 11:50:19,6644541eeb3f0300019793a2,g/L
281,0.69,,,结束,2024-04-02 00:00:00,财务管理部,63e0581be4b02e6e0f71ab66,第三次,2024-04-02,58417862c1d0470b813ae84d199c90f9,五期萃取,谭进,,五期萃余液,,夜班,化验室填报表单,萃余液含铜,2024-05-29 11:50:19,6644541eeb3f0300019793a2,g/L
282,0.42,,,结束,2024-04-02 00:00:00,财务管理部,63e0581be4b02e6e0f71ab66,第三次,2024-04-02,58417862c1d0470b813ae84d199c90f9,六期萃取,谭进,,六期萃余液,,夜班,化验室填报表单,萃余液含铜,2024-05-29 11:50:19,6644541eeb3f0300019793a2,g/L
283,0.67,,,结束,2024-04-02 00:00:00,财务管理部,63e0581be4b02e6e0f71ab66,第三次,2024-04-02,58417862c1d0470b813ae84d199c90f9,四期萃取,谭进,,四期萃余液,,夜班,化验室填报表单,萃余液含铜,2024-05-29 11:50:19,6644541eeb3f0300019793a2,g/L
284,0.0,,,结束,2024-04-02 00:00:00,财务管理部,63e0581be4b02e6e0f71ab66,第二次,2024-04-02,58417862c1d0470b813ae84d199c90f9,一期萃取,谭进,,一期萃取-反萃富液含铜,,夜班,化验室填报表单,反萃富液含铜,2024-05-29 11:50:19,6644541eeb3f0300019793a2,g/L
285,51.8,,,结束,2024-04-02 00:00:00,财务管理部,63e0581be4b02e6e0f71ab66,第二次,2024-04-02,58417862c1d0470b813ae84d199c90f9,七期萃取,谭进,,七期萃取-反萃富液含铜,,夜班,化验室填报表单,反萃富液含铜,2024-05-29 11:50:19,6644541eeb3f0300019793a2,g/L
286,0.0,,,结束,2024-04-02 00:00:00,财务管理部,63e0581be4b02e6e0f71ab66,第二次,2024-04-02,58417862c1d0470b813ae84d199c90f9,三期萃取,谭进,,三期萃取-反萃富液含铜,,夜班,化验室填报表单,反萃富液含铜,2024-05-29 11:50:19,6644541eeb3f0300019793a2,g/L
287,0.0,,,结束,2024-04-02 00:00:00,财务管理部,63e0581be4b02e6e0f71ab66,第二次,2024-04-02,58417862c1d0470b813ae84d199c90f9,二期萃取,谭进,,二期萃取-反萃富液含铜,,夜班,化验室填报表单,反萃富液含铜,2024-05-29 11:50:19,6644541eeb3f0300019793a2,g/L
288,62.76,,,结束,2024-04-02 00:00:00,财务管理部,63e0581be4b02e6e0f71ab66,第二次,2024-04-02,58417862c1d0470b813ae84d199c90f9,五期萃取,谭进,,五期萃取-反萃富液含铜,,夜班,化验室填报表单,反萃富液含铜,2024-05-29 11:50:19,6644541eeb3f0300019793a2,g/L
289,59.81,,,结束,2024-04-02 00:00:00,财务管理部,63e0581be4b02e6e0f71ab66,第二次,2024-04-02,58417862c1d0470b813ae84d199c90f9,六期萃取,谭进,,六期萃取-反萃富液含铜,,夜班,化验室填报表单,反萃富液含铜,2024-05-29 11:50:19,6644541eeb3f0300019793a2,g/L
290,0.0,,,结束,2024-04-02 00:00:00,财务管理部,63e0581be4b02e6e0f71ab66,第二次,2024-04-02,58417862c1d0470b813ae84d199c90f9,四期萃取,谭进,,四期萃取-反萃富液含铜,,夜班,化验室填报表单,反萃富液含铜,2024-05-29 11:50:19,6644541eeb3f0300019793a2,g/L
291,7.65,,,结束,2024-04-02 00:00:00,财务管理部,63e0581be4b02e6e0f71ab66,第二次,2024-04-02,58417862c1d0470b813ae84d199c90f9,一期萃取,谭进,,回厂料液含铜,,夜班,化验室填报表单,含铜浓度,2024-05-29 11:50:19,6644541eeb3f0300019793a2,g/L
292,6.39,,,结束,2024-04-02 00:00:00,财务管理部,63e0581be4b02e6e0f71ab66,第二次,2024-04-02,58417862c1d0470b813ae84d199c90f9,七期萃取,谭进,,7期回厂料液含铜,,夜班,化验室填报表单,含铜浓度,2024-05-29 11:50:19,6644541eeb3f0300019793a2,g/L
293,7.65,,,结束,2024-04-02 00:00:00,财务管理部,63e0581be4b02e6e0f71ab66,第二次,2024-04-02,58417862c1d0470b813ae84d199c90f9,三期萃取,谭进,,回厂料液含铜,,夜班,化验室填报表单,含铜浓度,2024-05-29 11:50:19,6644541eeb3f0300019793a2,g/L
294,7.65,,,结束,2024-04-02 00:00:00,财务管理部,63e0581be4b02e6e0f71ab66,第二次,2024-04-02,58417862c1d0470b813ae84d199c90f9,二期萃取,谭进,,回厂料液含铜,,夜班,化验室填报表单,含铜浓度,2024-05-29 11:50:19,6644541eeb3f0300019793a2,g/L
295,7.07,,,结束,2024-04-02 00:00:00,财务管理部,63e0581be4b02e6e0f71ab66,第二次,2024-04-02,58417862c1d0470b813ae84d199c90f9,五期萃取,谭进,,回厂料液含铜,,夜班,化验室填报表单,含铜浓度,2024-05-29 11:50:19,6644541eeb3f0300019793a2,g/L
296,7.65,,,结束,2024-04-02 00:00:00,财务管理部,63e0581be4b02e6e0f71ab66,第二次,2024-04-02,58417862c1d0470b813ae84d199c90f9,六期萃取,谭进,,回厂料液含铜,,夜班,化验室填报表单,含铜浓度,2024-05-29 11:50:19,6644541eeb3f0300019793a2,g/L
297,7.65,,,结束,2024-04-02 00:00:00,财务管理部,63e0581be4b02e6e0f71ab66,第二次,2024-04-02,58417862c1d0470b813ae84d199c90f9,四期萃取,谭进,,回厂料液含铜,,夜班,化验室填报表单,含铜浓度,2024-05-29 11:50:19,6644541eeb3f0300019793a2,g/L
298,0.0,,,结束,2024-04-02 00:00:00,财务管理部,63e0581be4b02e6e0f71ab66,第二次,2024-04-02,58417862c1d0470b813ae84d199c90f9,尾矿车间,谭进,,尾矿回水料液含铜,,夜班,化验室填报表单,尾矿回水含铜浓度,2024-05-29 11:50:19,6644541eeb3f0300019793a2,g/L
299,4.58,,,结束,2024-04-02 00:00:00,财务管理部,63e0581be4b02e6e0f71ab66,第二次,2024-04-02,58417862c1d0470b813ae84d199c90f9,10＃浓密机,谭进,,"溢流含铜浓度(4,5,10)",,夜班,化验室填报表单,溢流含铜浓度,2024-05-29 11:50:19,6644541eeb3f0300019793a2,g/L
300,0.0,,,结束,2024-04-02 00:00:00,财务管理部,63e0581be4b02e6e0f71ab66,第二次,2024-04-02,58417862c1d0470b813ae84d199c90f9,11＃浓密机,谭进,,溢流含铜浓度(11),,夜班,化验室填报表单,溢流含铜浓度,2024-05-29 11:50:19,6644541eeb3f0300019793a2,g/L
301,0.0,,,结束,2024-04-02 00:00:00,财务管理部,63e0581be4b02e6e0f71ab66,第二次,2024-04-02,58417862c1d0470b813ae84d199c90f9,12＃浓密机,谭进,,溢流含铜浓度(12),,夜班,化验室填报表单,溢流含铜浓度,2024-05-29 11:50:19,6644541eeb3f0300019793a2,g/L
302,8.09,,,结束,2024-04-02 00:00:00,财务管理部,63e0581be4b02e6e0f71ab66,第二次,2024-04-02,58417862c1d0470b813ae84d199c90f9,13＃浓密机,谭进,,"溢流含铜浓度(1，2，3，6，8,13)",,夜班,化验室填报表单,溢流含铜浓度,2024-05-29 11:50:19,6644541eeb3f0300019793a2,g/L
303,8.31,,,结束,2024-04-02 00:00:00,财务管理部,63e0581be4b02e6e0f71ab66,第二次,2024-04-02,58417862c1d0470b813ae84d199c90f9,14＃浓密机,谭进,,溢流含铜浓度(14),,夜班,化验室填报表单,溢流含铜浓度,2024-05-29 11:50:19,6644541eeb3f0300019793a2,g/L
304,5.08,,,结束,2024-04-02 00:00:00,财务管理部,63e0581be4b02e6e0f71ab66,第二次,2024-04-02,58417862c1d0470b813ae84d199c90f9,15＃浓密机,谭进,,溢流含铜浓度(15),,夜班,化验室填报表单,溢流含铜浓度,2024-05-29 11:50:19,6644541eeb3f0300019793a2,g/L
305,8.89,,,结束,2024-04-02 00:00:00,财务管理部,63e0581be4b02e6e0f71ab66,第二次,2024-04-02,58417862c1d0470b813ae84d199c90f9,16＃浓密机,谭进,,溢流含铜浓度(16),,夜班,化验室填报表单,溢流含铜浓度,2024-05-29 11:50:19,6644541eeb3f0300019793a2,g/L
306,0.0,,,结束,2024-04-02 00:00:00,财务管理部,63e0581be4b02e6e0f71ab66,第二次,2024-04-02,58417862c1d0470b813ae84d199c90f9,17＃浓密机,谭进,,溢流含铜浓度(17),,夜班,化验室填报表单,溢流含铜浓度,2024-05-29 11:50:19,6644541eeb3f0300019793a2,g/L
307,0.0,,,结束,2024-04-02 00:00:00,财务管理部,63e0581be4b02e6e0f71ab66,第二次,2024-04-02,58417862c1d0470b813ae84d199c90f9,18＃浓密机,谭进,,溢流含铜浓度(18),,夜班,化验室填报表单,溢流含铜浓度,2024-05-29 11:50:19,6644541eeb3f0300019793a2,g/L
308,0.0,,,结束,2024-04-02 00:00:00,财务管理部,63e0581be4b02e6e0f71ab66,第二次,2024-04-02,58417862c1d0470b813ae84d199c90f9,1＃浓密机,谭进,,"溢流含铜浓度(1，2，3，6，8,13)",,夜班,化验室填报表单,溢流含铜浓度,2024-05-29 11:50:19,6644541eeb3f0300019793a2,g/L
309,0.0,,,结束,2024-04-02 00:00:00,财务管理部,63e0581be4b02e6e0f71ab66,第二次,2024-04-02,58417862c1d0470b813ae84d199c90f9,2＃浓密机,谭进,,"溢流含铜浓度(1，2，3，6，8,13)",,夜班,化验室填报表单,溢流含铜浓度,2024-05-29 11:50:19,6644541eeb3f0300019793a2,g/L
310,0.0,,,结束,2024-04-02 00:00:00,财务管理部,63e0581be4b02e6e0f71ab66,第二次,2024-04-02,58417862c1d0470b813ae84d199c90f9,3＃浓密机,谭进,,"溢流含铜浓度(1，2，3，6，8,13)",,夜班,化验室填报表单,溢流含铜浓度,2024-05-29 11:50:19,6644541eeb3f0300019793a2,g/L
311,4.77,,,结束,2024-04-02 00:00:00,财务管理部,63e0581be4b02e6e0f71ab66,第二次,2024-04-02,58417862c1d0470b813ae84d199c90f9,4＃浓密机,谭进,,"溢流含铜浓度(4,5,10)",,夜班,化验室填报表单,溢流含铜浓度,2024-05-29 11:50:19,6644541eeb3f0300019793a2,g/L
312,4.51,,,结束,2024-04-02 00:00:00,财务管理部,63e0581be4b02e6e0f71ab66,第二次,2024-04-02,58417862c1d0470b813ae84d199c90f9,5＃浓密机,谭进,,"溢流含铜浓度(4,5,10)",,夜班,化验室填报表单,溢流含铜浓度,2024-05-29 11:50:19,6644541eeb3f0300019793a2,g/L
313,0.0,,,结束,2024-04-02 00:00:00,财务管理部,63e0581be4b02e6e0f71ab66,第二次,2024-04-02,58417862c1d0470b813ae84d199c90f9,6＃浓密机,谭进,,"溢流含铜浓度(1，2，3，6，8,13)",,夜班,化验室填报表单,溢流含铜浓度,2024-05-29 11:50:19,6644541eeb3f0300019793a2,g/L
314,0.0,,,结束,2024-04-02 00:00:00,财务管理部,63e0581be4b02e6e0f71ab66,第二次,2024-04-02,58417862c1d0470b813ae84d199c90f9,7＃浓密机,谭进,,"溢流含铜浓度(7,9)",,夜班,化验室填报表单,溢流含铜浓度,2024-05-29 11:50:19,6644541eeb3f0300019793a2,g/L
315,0.0,,,结束,2024-04-02 00:00:00,财务管理部,63e0581be4b02e6e0f71ab66,第二次,2024-04-02,58417862c1d0470b813ae84d199c90f9,8＃浓密机,谭进,,"溢流含铜浓度(1，2，3，6，8,13)",,夜班,化验室填报表单,溢流含铜浓度,2024-05-29 11:50:19,6644541eeb3f0300019793a2,g/L
316,5.92,,,结束,2024-04-02 00:00:00,财务管理部,63e0581be4b02e6e0f71ab66,第二次,2024-04-02,58417862c1d0470b813ae84d199c90f9,9＃浓密机,谭进,,"溢流含铜浓度(7,9)",,夜班,化验室填报表单,溢流含铜浓度,2024-05-29 11:50:19,6644541eeb3f0300019793a2,g/L
317,53.16,,,结束,2024-04-02 00:00:00,财务管理部,63e0581be4b02e6e0f71ab66,第二次,2024-04-02,58417862c1d0470b813ae84d199c90f9,一期电解,谭进,,一期电解-电富液含铜,,夜班,化验室填报表单,电富液含铜,2024-05-29 11:50:19,6644541eeb3f0300019793a2,g/L
318,53.16,,,结束,2024-04-02 00:00:00,财务管理部,63e0581be4b02e6e0f71ab66,第二次,2024-04-02,58417862c1d0470b813ae84d199c90f9,三期电解,谭进,,三期电解-电富液含铜,,夜班,化验室填报表单,电富液含铜,2024-05-29 11:50:19,6644541eeb3f0300019793a2,g/L
319,56.21,,,结束,2024-04-02 00:00:00,财务管理部,63e0581be4b02e6e0f71ab66,第二次,2024-04-02,58417862c1d0470b813ae84d199c90f9,二期电解,谭进,,二期电解-电富液含铜,,夜班,化验室填报表单,电富液含铜,2024-05-29 11:50:19,6644541eeb3f0300019793a2,g/L
320,48.48,,,结束,2024-04-02 00:00:00,财务管理部,63e0581be4b02e6e0f71ab66,第二次,2024-04-02,58417862c1d0470b813ae84d199c90f9,五期电解,谭进,,五期电解-电富液含铜,,夜班,化验室填报表单,电富液含铜,2024-05-29 11:50:19,6644541eeb3f0300019793a2,g/L
321,48.48,,,结束,2024-04-02 00:00:00,财务管理部,63e0581be4b02e6e0f71ab66,第二次,2024-04-02,58417862c1d0470b813ae84d199c90f9,四期电解,谭进,,四期电解-电富液含铜,,夜班,化验室填报表单,电富液含铜,2024-05-29 11:50:19,6644541eeb3f0300019793a2,g/L
322,0.0,,,结束,2024-04-02 00:00:00,财务管理部,63e0581be4b02e6e0f71ab66,第二次,2024-04-02,58417862c1d0470b813ae84d199c90f9,一期电解,谭进,,一期电解尾液含酸浓度,,夜班,化验室填报表单,电尾液含酸,2024-05-29 11:50:19,6644541eeb3f0300019793a2,g/L
323,0.0,,,结束,2024-04-02 00:00:00,财务管理部,63e0581be4b02e6e0f71ab66,第二次,2024-04-02,58417862c1d0470b813ae84d199c90f9,三期电解,谭进,,三期电解尾液含酸浓度,,夜班,化验室填报表单,电尾液含酸,2024-05-29 11:50:19,6644541eeb3f0300019793a2,g/L
324,0.0,,,结束,2024-04-02 00:00:00,财务管理部,63e0581be4b02e6e0f71ab66,第二次,2024-04-02,58417862c1d0470b813ae84d199c90f9,二期电解,谭进,,二期电解尾液含酸浓度,,夜班,化验室填报表单,电尾液含酸,2024-05-29 11:50:19,6644541eeb3f0300019793a2,g/L
325,0.0,,,结束,2024-04-02 00:00:00,财务管理部,63e0581be4b02e6e0f71ab66,第二次,2024-04-02,58417862c1d0470b813ae84d199c90f9,五期电解,谭进,,五期电解尾液含酸浓度,,夜班,化验室填报表单,电尾液含酸,2024-05-29 11:50:19,6644541eeb3f0300019793a2,g/L
326,0.0,,,结束,2024-04-02 00:00:00,财务管理部,63e0581be4b02e6e0f71ab66,第二次,2024-04-02,58417862c1d0470b813ae84d199c90f9,四期电解,谭进,,四期电解尾液含酸浓度,,夜班,化验室填报表单,电尾液含酸,2024-05-29 11:50:19,6644541eeb3f0300019793a2,g/L
327,50.4,,,结束,2024-04-02 00:00:00,财务管理部,63e0581be4b02e6e0f71ab66,第二次,2024-04-02,58417862c1d0470b813ae84d199c90f9,一期电解,谭进,,一期电解尾液含CU浓度,,夜班,化验室填报表单,电尾液含铜,2024-05-29 11:50:19,6644541eeb3f0300019793a2,g/L
328,52.69,,,结束,2024-04-02 00:00:00,财务管理部,63e0581be4b02e6e0f71ab66,第二次,2024-04-02,58417862c1d0470b813ae84d199c90f9,三期电解,谭进,,三期电解尾液含CU浓度,,夜班,化验室填报表单,电尾液含铜,2024-05-29 11:50:19,6644541eeb3f0300019793a2,g/L
329,51.52,,,结束,2024-04-02 00:00:00,财务管理部,63e0581be4b02e6e0f71ab66,第二次,2024-04-02,58417862c1d0470b813ae84d199c90f9,二期电解,谭进,,二期电解尾液含CU浓度,,夜班,化验室填报表单,电尾液含铜,2024-05-29 11:50:19,6644541eeb3f0300019793a2,g/L
330,45.9,,,结束,2024-04-02 00:00:00,财务管理部,63e0581be4b02e6e0f71ab66,第二次,2024-04-02,58417862c1d0470b813ae84d199c90f9,五期电解,谭进,,五期电解尾液含CU浓度,,夜班,化验室填报表单,电尾液含铜,2024-05-29 11:50:19,6644541eeb3f0300019793a2,g/L
331,45.43,,,结束,2024-04-02 00:00:00,财务管理部,63e0581be4b02e6e0f71ab66,第二次,2024-04-02,58417862c1d0470b813ae84d199c90f9,四期电解,谭进,,四期电解尾液含CU浓度,,夜班,化验室填报表单,电尾液含铜,2024-05-29 11:50:19,6644541eeb3f0300019793a2,g/L
332,20.23,,,结束,2024-04-02 00:00:00,财务管理部,63e0581be4b02e6e0f71ab66,第二次,2024-04-02,58417862c1d0470b813ae84d199c90f9,10＃浓密机,谭进,,矿浆滤液含酸,,夜班,化验室填报表单,矿浆滤液含酸,2024-05-29 11:50:19,6644541eeb3f0300019793a2,g/L
333,17.08,,,结束,2024-04-02 00:00:00,财务管理部,63e0581be4b02e6e0f71ab66,第二次,2024-04-02,58417862c1d0470b813ae84d199c90f9,4＃浓密机,谭进,,矿浆滤液含酸,,夜班,化验室填报表单,矿浆滤液含酸,2024-05-29 11:50:19,6644541eeb3f0300019793a2,g/L
334,0.0,,,结束,2024-04-02 00:00:00,财务管理部,63e0581be4b02e6e0f71ab66,第二次,2024-04-02,58417862c1d0470b813ae84d199c90f9,5＃浓密机,谭进,,矿浆滤液含酸,,夜班,化验室填报表单,矿浆滤液含酸,2024-05-29 11:50:19,6644541eeb3f0300019793a2,g/L
335,0.0,,,结束,2024-04-02 00:00:00,财务管理部,63e0581be4b02e6e0f71ab66,第二次,2024-04-02,58417862c1d0470b813ae84d199c90f9,7＃浓密机,谭进,,矿浆滤液含酸,,夜班,化验室填报表单,矿浆滤液含酸,2024-05-29 11:50:19,6644541eeb3f0300019793a2,g/L
336,2.03,,,结束,2024-04-02 00:00:00,财务管理部,63e0581be4b02e6e0f71ab66,第二次,2024-04-02,58417862c1d0470b813ae84d199c90f9,10＃浓密机,谭进,,进入尾矿坝料液含铜,,夜班,化验室填报表单,矿浆滤液含铜,2024-05-29 11:50:19,6644541eeb3f0300019793a2,g/L
337,1.33,,,结束,2024-04-02 00:00:00,财务管理部,63e0581be4b02e6e0f71ab66,第二次,2024-04-02,58417862c1d0470b813ae84d199c90f9,4＃浓密机,谭进,,进入尾矿坝料液含铜,,夜班,化验室填报表单,矿浆滤液含铜,2024-05-29 11:50:19,6644541eeb3f0300019793a2,g/L
338,0.0,,,结束,2024-04-02 00:00:00,财务管理部,63e0581be4b02e6e0f71ab66,第二次,2024-04-02,58417862c1d0470b813ae84d199c90f9,5＃浓密机,谭进,,进入尾矿坝料液含铜,,夜班,化验室填报表单,矿浆滤液含铜,2024-05-29 11:50:19,6644541eeb3f0300019793a2,g/L
339,0.0,,,结束,2024-04-02 00:00:00,财务管理部,63e0581be4b02e6e0f71ab66,第二次,2024-04-02,58417862c1d0470b813ae84d199c90f9,7＃浓密机,谭进,,进入尾矿坝料液含铜,,夜班,化验室填报表单,矿浆滤液含铜,2024-05-29 11:50:19,6644541eeb3f0300019793a2,g/L
340,0.35,,,结束,2024-04-02 00:00:00,财务管理部,63e0581be4b02e6e0f71ab66,第二次,2024-04-02,58417862c1d0470b813ae84d199c90f9,一期萃取,谭进,,一期萃余液,,夜班,化验室填报表单,萃余液含铜,2024-05-29 11:50:19,6644541eeb3f0300019793a2,g/L
341,0.35,,,结束,2024-04-02 00:00:00,财务管理部,63e0581be4b02e6e0f71ab66,第二次,2024-04-02,58417862c1d0470b813ae84d199c90f9,七期萃取,谭进,,七期萃余液,,夜班,化验室填报表单,萃余液含铜,2024-05-29 11:50:19,6644541eeb3f0300019793a2,g/L
342,0.0,,,结束,2024-04-02 00:00:00,财务管理部,63e0581be4b02e6e0f71ab66,第二次,2024-04-02,58417862c1d0470b813ae84d199c90f9,三期萃取,谭进,,三期萃余液,,夜班,化验室填报表单,萃余液含铜,2024-05-29 11:50:19,6644541eeb3f0300019793a2,g/L
343,0.0,,,结束,2024-04-02 00:00:00,财务管理部,63e0581be4b02e6e0f71ab66,第二次,2024-04-02,58417862c1d0470b813ae84d199c90f9,二期萃取,谭进,,二期萃余液,,夜班,化验室填报表单,萃余液含铜,2024-05-29 11:50:19,6644541eeb3f0300019793a2,g/L
344,0.73,,,结束,2024-04-02 00:00:00,财务管理部,63e0581be4b02e6e0f71ab66,第二次,2024-04-02,58417862c1d0470b813ae84d199c90f9,五期萃取,谭进,,五期萃余液,,夜班,化验室填报表单,萃余液含铜,2024-05-29 11:50:19,6644541eeb3f0300019793a2,g/L
345,0.61,,,结束,2024-04-02 00:00:00,财务管理部,63e0581be4b02e6e0f71ab66,第二次,2024-04-02,58417862c1d0470b813ae84d199c90f9,六期萃取,谭进,,六期萃余液,,夜班,化验室填报表单,萃余液含铜,2024-05-29 11:50:19,6644541eeb3f0300019793a2,g/L
346,0.0,,,结束,2024-04-02 00:00:00,财务管理部,63e0581be4b02e6e0f71ab66,第二次,2024-04-02,58417862c1d0470b813ae84d199c90f9,四期萃取,谭进,,四期萃余液,,夜班,化验室填报表单,萃余液含铜,2024-05-29 11:50:19,6644541eeb3f0300019793a2,g/L
347,0.0,,,结束,2024-04-02 00:00:00,财务管理部,63e0581be4b02e6e0f71ab66,第一次,2024-04-02,58417862c1d0470b813ae84d199c90f9,一期萃取,谭进,,一期萃取分项时间,,夜班,化验室填报表单,1萃分项时间,2024-05-29 11:50:19,6644541eeb3f0300019793a2,分钟
348,0.0,,,结束,2024-04-02 00:00:00,财务管理部,63e0581be4b02e6e0f71ab66,第一次,2024-04-02,58417862c1d0470b813ae84d199c90f9,七期萃取,谭进,,七期萃取分项时间,,夜班,化验室填报表单,1萃分项时间,2024-05-29 11:50:19,6644541eeb3f0300019793a2,分钟
349,0.0,,,结束,2024-04-02 00:00:00,财务管理部,63e0581be4b02e6e0f71ab66,第一次,2024-04-02,58417862c1d0470b813ae84d199c90f9,三期萃取,谭进,,三期萃取分项时间,,夜班,化验室填报表单,1萃分项时间,2024-05-29 11:50:19,6644541eeb3f0300019793a2,分钟
350,0.0,,,结束,2024-04-02 00:00:00,财务管理部,63e0581be4b02e6e0f71ab66,第一次,2024-04-02,58417862c1d0470b813ae84d199c90f9,二期萃取,谭进,,二期萃取分项时间,,夜班,化验室填报表单,1萃分项时间,2024-05-29 11:50:19,6644541eeb3f0300019793a2,分钟
351,0.0,,,结束,2024-04-02 00:00:00,财务管理部,63e0581be4b02e6e0f71ab66,第一次,2024-04-02,58417862c1d0470b813ae84d199c90f9,五期萃取,谭进,,五期萃取分项时间,,夜班,化验室填报表单,1萃分项时间,2024-05-29 11:50:19,6644541eeb3f0300019793a2,分钟
352,0.0,,,结束,2024-04-02 00:00:00,财务管理部,63e0581be4b02e6e0f71ab66,第一次,2024-04-02,58417862c1d0470b813ae84d199c90f9,六期萃取,谭进,,六期萃取分项时间,,夜班,化验室填报表单,1萃分项时间,2024-05-29 11:50:19,6644541eeb3f0300019793a2,分钟
353,0.0,,,结束,2024-04-02 00:00:00,财务管理部,63e0581be4b02e6e0f71ab66,第一次,2024-04-02,58417862c1d0470b813ae84d199c90f9,四期萃取,谭进,,四期萃取分项时间,,夜班,化验室填报表单,1萃分项时间,2024-05-29 11:50:19,6644541eeb3f0300019793a2,分钟
354,0.0,,,结束,2024-04-02 00:00:00,财务管理部,63e0581be4b02e6e0f71ab66,第一次,2024-04-02,58417862c1d0470b813ae84d199c90f9,一期萃取,谭进,,一期萃取分项时间,,夜班,化验室填报表单,2萃分项时间,2024-05-29 11:50:19,6644541eeb3f0300019793a2,分钟
355,0.0,,,结束,2024-04-02 00:00:00,财务管理部,63e0581be4b02e6e0f71ab66,第一次,2024-04-02,58417862c1d0470b813ae84d199c90f9,七期萃取,谭进,,七期萃取分项时间,,夜班,化验室填报表单,2萃分项时间,2024-05-29 11:50:19,6644541eeb3f0300019793a2,分钟
356,0.0,,,结束,2024-04-02 00:00:00,财务管理部,63e0581be4b02e6e0f71ab66,第一次,2024-04-02,58417862c1d0470b813ae84d199c90f9,三期萃取,谭进,,三期萃取分项时间,,夜班,化验室填报表单,2萃分项时间,2024-05-29 11:50:19,6644541eeb3f0300019793a2,分钟
357,0.0,,,结束,2024-04-02 00:00:00,财务管理部,63e0581be4b02e6e0f71ab66,第一次,2024-04-02,58417862c1d0470b813ae84d199c90f9,二期萃取,谭进,,二期萃取分项时间,,夜班,化验室填报表单,2萃分项时间,2024-05-29 11:50:19,6644541eeb3f0300019793a2,分钟
358,0.0,,,结束,2024-04-02 00:00:00,财务管理部,63e0581be4b02e6e0f71ab66,第一次,2024-04-02,58417862c1d0470b813ae84d199c90f9,五期萃取,谭进,,五期萃取分项时间,,夜班,化验室填报表单,2萃分项时间,2024-05-29 11:50:19,6644541eeb3f0300019793a2,分钟
359,0.0,,,结束,2024-04-02 00:00:00,财务管理部,63e0581be4b02e6e0f71ab66,第一次,2024-04-02,58417862c1d0470b813ae84d199c90f9,六期萃取,谭进,,六期萃取分项时间,,夜班,化验室填报表单,2萃分项时间,2024-05-29 11:50:19,6644541eeb3f0300019793a2,分钟
360,0.0,,,结束,2024-04-02 00:00:00,财务管理部,63e0581be4b02e6e0f71ab66,第一次,2024-04-02,58417862c1d0470b813ae84d199c90f9,四期萃取,谭进,,四期萃取分项时间,,夜班,化验室填报表单,2萃分项时间,2024-05-29 11:50:19,6644541eeb3f0300019793a2,分钟
361,0.0,,,结束,2024-04-02 00:00:00,财务管理部,63e0581be4b02e6e0f71ab66,第一次,2024-04-02,58417862c1d0470b813ae84d199c90f9,一期萃取,谭进,,一期萃取分项时间,,夜班,化验室填报表单,3萃分项时间,2024-05-29 11:50:19,6644541eeb3f0300019793a2,分钟
362,0.0,,,结束,2024-04-02 00:00:00,财务管理部,63e0581be4b02e6e0f71ab66,第一次,2024-04-02,58417862c1d0470b813ae84d199c90f9,七期萃取,谭进,,七期萃取分项时间,,夜班,化验室填报表单,3萃分项时间,2024-05-29 11:50:19,6644541eeb3f0300019793a2,分钟
363,0.0,,,结束,2024-04-02 00:00:00,财务管理部,63e0581be4b02e6e0f71ab66,第一次,2024-04-02,58417862c1d0470b813ae84d199c90f9,三期萃取,谭进,,三期萃取分项时间,,夜班,化验室填报表单,3萃分项时间,2024-05-29 11:50:19,6644541eeb3f0300019793a2,分钟
364,0.0,,,结束,2024-04-02 00:00:00,财务管理部,63e0581be4b02e6e0f71ab66,第一次,2024-04-02,58417862c1d0470b813ae84d199c90f9,二期萃取,谭进,,二期萃取分项时间,,夜班,化验室填报表单,3萃分项时间,2024-05-29 11:50:19,6644541eeb3f0300019793a2,分钟
365,0.0,,,结束,2024-04-02 00:00:00,财务管理部,63e0581be4b02e6e0f71ab66,第一次,2024-04-02,58417862c1d0470b813ae84d199c90f9,五期萃取,谭进,,五期萃取分项时间,,夜班,化验室填报表单,3萃分项时间,2024-05-29 11:50:19,6644541eeb3f0300019793a2,分钟
366,0.0,,,结束,2024-04-02 00:00:00,财务管理部,63e0581be4b02e6e0f71ab66,第一次,2024-04-02,58417862c1d0470b813ae84d199c90f9,六期萃取,谭进,,六期萃取分项时间,,夜班,化验室填报表单,3萃分项时间,2024-05-29 11:50:19,6644541eeb3f0300019793a2,分钟
367,0.0,,,结束,2024-04-02 00:00:00,财务管理部,63e0581be4b02e6e0f71ab66,第一次,2024-04-02,58417862c1d0470b813ae84d199c90f9,四期萃取,谭进,,四期萃取分项时间,,夜班,化验室填报表单,3萃分项时间,2024-05-29 11:50:19,6644541eeb3f0300019793a2,分钟
368,0.0,,,结束,2024-04-02 00:00:00,财务管理部,63e0581be4b02e6e0f71ab66,第一次,2024-04-02,58417862c1d0470b813ae84d199c90f9,七期萃取,谭进,,七期萃取分项时间,,夜班,化验室填报表单,4萃分项时间,2024-05-29 11:50:19,6644541eeb3f0300019793a2,分钟
369,0.0,,,结束,2024-04-02 00:00:00,财务管理部,63e0581be4b02e6e0f71ab66,第一次,2024-04-02,58417862c1d0470b813ae84d199c90f9,七期萃取,谭进,,七期萃取分项时间,,夜班,化验室填报表单,反萃1分项时间,2024-05-29 11:50:19,6644541eeb3f0300019793a2,分钟
370,0.0,,,结束,2024-04-02 00:00:00,财务管理部,63e0581be4b02e6e0f71ab66,第一次,2024-04-02,58417862c1d0470b813ae84d199c90f9,七期萃取,谭进,,七期萃取分项时间,,夜班,化验室填报表单,反萃2分项时间,2024-05-29 11:50:19,6644541eeb3f0300019793a2,分钟
371,0.0,,,结束,2024-04-02 00:00:00,财务管理部,63e0581be4b02e6e0f71ab66,第一次,2024-04-02,58417862c1d0470b813ae84d199c90f9,一期萃取,谭进,,一期萃取分项时间,,夜班,化验室填报表单,反萃分项时间,2024-05-29 11:50:19,6644541eeb3f0300019793a2,分钟
372,0.0,,,结束,2024-04-02 00:00:00,财务管理部,63e0581be4b02e6e0f71ab66,第一次,2024-04-02,58417862c1d0470b813ae84d199c90f9,三期萃取,谭进,,三期萃取分项时间,,夜班,化验室填报表单,反萃分项时间,2024-05-29 11:50:19,6644541eeb3f0300019793a2,分钟
373,0.0,,,结束,2024-04-02 00:00:00,财务管理部,63e0581be4b02e6e0f71ab66,第一次,2024-04-02,58417862c1d0470b813ae84d199c90f9,二期萃取,谭进,,二期萃取分项时间,,夜班,化验室填报表单,反萃分项时间,2024-05-29 11:50:19,6644541eeb3f0300019793a2,分钟
374,0.0,,,结束,2024-04-02 00:00:00,财务管理部,63e0581be4b02e6e0f71ab66,第一次,2024-04-02,58417862c1d0470b813ae84d199c90f9,五期萃取,谭进,,五期萃取分项时间,,夜班,化验室填报表单,反萃分项时间,2024-05-29 11:50:19,6644541eeb3f0300019793a2,分钟
375,0.0,,,结束,2024-04-02 00:00:00,财务管理部,63e0581be4b02e6e0f71ab66,第一次,2024-04-02,58417862c1d0470b813ae84d199c90f9,六期萃取,谭进,,六期萃取分项时间,,夜班,化验室填报表单,反萃分项时间,2024-05-29 11:50:19,6644541eeb3f0300019793a2,分钟
376,0.0,,,结束,2024-04-02 00:00:00,财务管理部,63e0581be4b02e6e0f71ab66,第一次,2024-04-02,58417862c1d0470b813ae84d199c90f9,四期萃取,谭进,,四期萃取分项时间,,夜班,化验室填报表单,反萃分项时间,2024-05-29 11:50:19,6644541eeb3f0300019793a2,分钟
