,总折干,取数日期,夜班水分,白班折干量,夜班折干量,白班金属铜,总含铜率,夜班金属铜,白班含铜量,总金属铜,夜班含铜量,白班水分
0,0.0,2024-04-01,0.114,504.336,558.18,11.145825599999998,0.0,11.386872,0.0,0.0,0.0,0.09939999999999999
1,0.0,2024-04-02,0.0,325.8,0.0,9.122399999999999,0.0,0.0,0.0,0.0,0.0,0.1
2,0.0,2024-05-29,0.0,0.0,0.0,0.0,0.0,0.0,0.0,0.0,0.0,0.098
3,0.0,2024-05-30,0.0,0.0,0.0,0.0,0.0,0.0,0.0,0.0,0.0,0.0
4,0.0,2024-05-31,0.0959,0.0,320.95550000000003,0.0,0.0,7.735027550000001,0.0,0.0,0.0,0.0
5,0.0,2024-06-01,0.0,142.0,0.0,4.4872000000000005,0.0,0.0,0.0,0.0,0.0,0.0
6,0.0,2024-06-02,0.0,0.0,0.0,0.0,0.0,0.0,0.0,0.0,0.0,0.0
7,0.0,2024-06-03,0.0,123.31679999999999,0.0,3.3048902399999998,0.0,0.0,0.0,0.0,0.0,0.10640000000000001
8,0.0,2024-06-04,0.0,83.9608,0.0,0.0,0.0,0.0,0.0,0.0,0.0,0.10679999999999999
9,0.0,2024-06-05,0.0,52.0,0.0,0.0,0.0,0.0,0.0,0.0,0.0,0.0
10,0.0,2024-06-06,0.0,49.0,0.0,0.0,0.0,0.0,0.0,0.0,0.0,0.0
11,0.0,2024-06-07,0.0,0.0,0.0,0.0,0.0,0.0,0.0,0.0,0.0,0.0
12,0.0,2024-06-08,0.0,0.0,0.0,0.0,0.0,0.0,0.0,0.0,0.0,0.0
13,0.0,2024-06-09,0.0,201.97109999999998,0.0,4.12021044,0.0,0.0,0.0,0.0,0.0,0.0943
14,0.0,2024-06-10,0.1081,0.0,1672.3125,0.0,0.0,38.29595625,0.0,0.0,0.0,0.0
15,0.0,2024-06-11,0.0969,1952.0,1337.4911,0.0,0.0,31.832288179999995,0.0,0.0,0.0,0.0
16,0.0,2024-06-12,0.0922,1632.4952,2175.9966,37.38414008,0.0,43.084732679999995,0.0,0.0,0.0,0.10890000000000001
17,0.0,2024-06-13,0.1185,1981.2239,1988.664,39.42635561,0.0,39.77328,0.0,0.0,0.0,0.1023
18,0.0,2024-06-14,0.1026,1717.5802,1768.7754,36.41270024,0.0,36.43677324,0.0,0.0,0.0,0.08929999999999999
19,0.0,2024-06-15,0.0953,884.3652000000001,1450.2341000000001,12.20423976,0.0,33.93547794,0.0,0.0,0.0,0.1174
20,0.0,2024-06-16,0.1166,0.0,91.8736,0.0,0.0,2.0212192,0.0,0.0,0.0,0.0
21,0.0,2024-06-17,0.0,0.0,0.0,0.0,0.0,0.0,0.0,0.0,0.0,0.0
22,0.0,2024-06-18,0.0,0.0,0.0,0.0,0.0,0.0,0.0,0.0,0.0,0.0
23,0.0,2024-06-19,0.0,79.0,0.0,0.0,0.0,0.0,0.0,0.0,0.0,0.0
24,0.0,2024-06-20,0.0,348.02909999999997,0.0,7.55223147,0.0,0.0,0.0,0.0,0.0,0.1007
25,0.0,2024-06-21,0.0,0.0,0.0,0.0,0.0,0.0,0.0,0.0,0.0,0.0
26,0.0,2024-06-22,0.1323,443.41659999999996,656.8489000000001,7.9814988,0.0,16.02711316,0.0,0.0,0.0,0.1167
27,0.0,2024-06-23,0.0,0.0,0.0,0.0,0.0,0.0,0.0,0.0,0.0,0.0
28,0.0,2024-06-24,0.0,0.0,0.0,0.0,0.0,0.0,0.0,0.0,0.0,0.0
29,0.0,2024-06-25,0.1063,0.0,215.3817,0.0,0.0,3.79071792,0.0,0.0,0.0,0.0
30,0.0,2024-06-26,0.0,0.0,0.0,0.0,0.0,0.0,0.0,0.0,0.0,0.0
31,0.0,2024-06-27,0.0,0.0,0.0,0.0,0.0,0.0,0.0,0.0,0.0,0.0
32,0.0,2024-06-28,0.0,0.0,0.0,0.0,0.0,0.0,0.0,0.0,0.0,0.0
33,0.0,2024-06-29,0.0,0.0,0.0,0.0,0.0,0.0,0.0,0.0,0.0,0.0
34,0.0,2024-06-30,0.0,353.3112,0.0,8.09082648,0.0,0.0,0.0,0.0,0.0,0.10779999999999999
35,0.0,2024-07-01,0.0,0.0,0.0,0.0,0.0,0.0,0.0,0.0,0.0,0.0
36,0.0,2024-07-02,0.0,0.0,0.0,0.0,0.0,0.0,0.0,0.0,0.0,0.0
37,0.0,2024-07-03,0.0,146.3864,0.0,2.2982664800000006,0.0,0.0,0.0,0.0,0.0,0.1074
38,0.0,2024-07-04,0.0,0.0,0.0,0.0,0.0,0.0,0.0,0.0,0.0,0.0
39,0.0,2024-07-05,0.0,0.0,0.0,0.0,0.0,0.0,0.0,0.0,0.0,0.0
40,0.0,2024-07-06,0.0,0.0,0.0,0.0,0.0,0.0,0.0,0.0,0.0,0.0
41,0.0,2024-07-07,0.0,0.0,0.0,0.0,0.0,0.0,0.0,0.0,0.0,0.0
42,0.0,2024-07-08,0.0,256.7232,0.0,4.9804300800000005,0.0,0.0,0.0,0.0,0.0,0.10859999999999999
43,0.0,2024-07-09,0.0,0.0,0.0,0.0,0.0,0.0,0.0,0.0,0.0,0.0
44,0.0,2024-07-10,0.0,0.0,0.0,0.0,0.0,0.0,0.0,0.0,0.0,0.0
45,0.0,2024-07-11,0.0,0.0,0.0,0.0,0.0,0.0,0.0,0.0,0.0,0.0
46,0.0,2024-07-12,0.0,1504.0,160.0,0.0,0.0,0.0,0.0,0.0,0.0,0.0
47,0.0,2024-07-13,0.1175,2358.7774,1134.0125,45.524403819999996,0.0,19.958620000000003,0.0,0.0,0.0,0.0966
48,0.0,2024-07-14,0.0998,434.04200000000003,1704.9788,8.8110526,0.0,32.053601439999994,0.0,0.0,0.0,0.1142
49,0.0,2024-07-15,0.0,0.0,0.0,0.0,0.0,0.0,0.0,0.0,0.0,0.0
50,0.0,2024-07-16,0.0,0.0,0.0,0.0,0.0,0.0,0.0,0.0,0.0,0.0
51,0.0,2024-07-17,0.0,0.0,0.0,0.0,0.0,0.0,0.0,0.0,0.0,0.0
52,0.0,2024-07-18,0.0,0.0,0.0,0.0,0.0,0.0,0.0,0.0,0.0,0.0
53,0.0,2024-07-19,0.0,0.0,0.0,0.0,0.0,0.0,0.0,0.0,0.0,0.0
54,0.0,2024-07-20,0.0,0.0,0.0,0.0,0.0,0.0,0.0,0.0,0.0,0.0
55,0.0,2024-07-21,0.1024,0.0,731.544,0.0,0.0,15.9476592,0.0,0.0,0.0,0.0
56,0.0,2024-07-22,0.0,0.0,0.0,0.0,0.0,0.0,0.0,0.0,0.0,0.0
57,0.0,2024-07-23,0.0,0.0,0.0,0.0,0.0,0.0,0.0,0.0,0.0,0.0
58,0.0,2024-07-24,0.0,0.0,0.0,0.0,0.0,0.0,0.0,0.0,0.0,0.0
59,0.0,2024-07-25,0.0,0.0,0.0,0.0,0.0,0.0,0.0,0.0,0.0,0.0
60,0.0,2024-07-26,0.0,0.0,0.0,0.0,0.0,0.0,0.0,0.0,0.0,0.0
61,0.0,2024-07-27,0.0,0.0,0.0,0.0,0.0,0.0,0.0,0.0,0.0,0.0
62,0.0,2024-07-28,0.0,0.0,0.0,0.0,0.0,0.0,0.0,0.0,0.0,0.0
63,0.0,2024-07-29,0.0,0.0,0.0,0.0,0.0,0.0,0.0,0.0,0.0,0.0
64,0.0,2024-07-30,0.0,0.0,0.0,0.0,0.0,0.0,0.0,0.0,0.0,0.0
65,0.0,2024-07-31,0.0,0.0,0.0,0.0,0.0,0.0,0.0,0.0,0.0,0.0
66,0.0,2024-08-01,0.0,0.0,0.0,0.0,0.0,0.0,0.0,0.0,0.0,0.0
67,0.0,2024-08-02,0.0,0.0,0.0,0.0,0.0,0.0,0.0,0.0,0.0,0.0
68,0.0,2024-08-03,0.0,0.0,0.0,0.0,0.0,0.0,0.0,0.0,0.0,0.0
69,0.0,2024-08-04,0.0,0.0,0.0,0.0,0.0,0.0,0.0,0.0,0.0,0.0
70,0.0,2024-08-05,0.0,0.0,0.0,0.0,0.0,0.0,0.0,0.0,0.0,0.0
71,0.0,2024-08-06,0.0,0.0,0.0,0.0,0.0,0.0,0.0,0.0,0.0,0.0
72,0.0,2024-08-07,0.0,0.0,0.0,0.0,0.0,0.0,0.0,0.0,0.0,0.0
73,0.0,2024-08-08,0.0,0.0,0.0,0.0,0.0,0.0,0.0,0.0,0.0,0.0
74,0.0,2024-08-09,0.0,0.0,0.0,0.0,0.0,0.0,0.0,0.0,0.0,0.0
75,0.0,2024-08-10,0.0,0.0,0.0,0.0,0.0,0.0,0.0,0.0,0.0,0.0
76,0.0,2024-08-11,0.0,0.0,0.0,0.0,0.0,0.0,0.0,0.0,0.0,0.0
77,0.0,2024-08-12,0.0,0.0,0.0,0.0,0.0,0.0,0.0,0.0,0.0,0.1036
78,0.0,2024-08-13,0.1003,412.8003,325.6914,6.6048048,0.0,6.8395194,0.0,0.0,0.0,0.08470000000000001
79,0.0,2024-08-14,0.1024,955.514,334.8048,20.065794,0.0,6.76305696,0.0,0.0,0.0,0.083
80,0.0,2024-08-15,0.0858,349.657,1001.9632,6.2238945999999995,0.0,17.93514128,0.0,0.0,0.0,0.09179999999999999
81,0.0,2024-08-16,0.1153,1964.8200000000002,2800.9602,38.706954,0.0,48.45661146,0.0,0.0,0.0,0.084
82,0.0,2024-08-17,0.0932,1944.3885,1777.3280000000002,48.80415135,0.0,35.54656000000001,0.0,0.0,0.0,0.07629999999999999
83,0.0,2024-08-18,0.0863,1810.8144,1874.9124,31.14600768,0.0,41.81054652,0.0,0.0,0.0,0.09820000000000001
84,0.0,2024-08-19,0.1084,1839.2304,2098.8264,34.39360848,0.0,46.1741808,0.0,0.0,0.0,0.10890000000000001
85,0.0,2024-08-20,0.0932,1578.892,2100.1488,32.9988428,0.0,53.763809280000004,0.0,0.0,0.0,0.132
86,0.0,2024-08-21,0.1116,1131.9048,1757.2551999999998,25.24147704,0.0,32.5092212,0.0,0.0,0.0,0.09519999999999999
87,0.0,2024-08-22,0.0,965.8116,0.0,21.537598680000002,0.0,0.0,0.0,0.0,0.0,0.0828
88,0.0,2024-08-23,0.0968,1657.104,941.1344,36.621998399999995,0.0,18.916801439999997,0.0,0.0,0.0,0.08800000000000001
89,0.0,2024-08-24,0.10289999999999999,0.0,726.651,0.0,0.0,15.4050012,0.0,0.0,0.0,0.0
90,0.0,2024-08-25,0.0,0.0,171.0,0.0,0.0,0.0,0.0,0.0,0.0,0.0
91,0.0,2024-08-26,0.10369999999999999,1394.5240000000001,458.9056,26.217051199999997,0.0,8.16851968,0.0,0.0,0.0,0.1032
92,0.0,2024-08-27,0.11259999999999999,0.0,515.5794,0.0,0.0,7.2181115999999985,0.0,0.0,0.0,0.0
93,0.0,2024-08-28,0.0,0.0,0.0,0.0,0.0,0.0,0.0,0.0,0.0,0.0
94,0.0,2024-08-29,0.0,0.0,0.0,0.0,0.0,0.0,0.0,0.0,0.0,0.0
95,0.0,2024-08-30,0.0,0.0,0.0,0.0,0.0,0.0,0.0,0.0,0.0,0.0
96,0.0,2024-08-31,0.0,0.0,0.0,0.0,0.0,0.0,0.0,0.0,0.0,0.0
97,0.0,2024-09-01,0.0,0.0,0.0,0.0,0.0,0.0,0.0,0.0,0.0,0.0
98,0.0,2024-09-02,0.0,0.0,0.0,0.0,0.0,0.0,0.0,0.0,0.0,0.0
99,0.0,2024-09-03,0.0,0.0,0.0,0.0,0.0,0.0,0.0,0.0,0.0,0.0
100,0.0,2024-09-04,0.0,450.368,0.0,7.656256000000001,0.0,0.0,0.0,0.0,0.0,0.092
101,0.0,2024-09-05,0.0,0.0,0.0,0.0,0.0,0.0,0.0,0.0,0.0,0.0
102,0.0,2024-09-06,0.0,0.0,0.0,0.0,0.0,0.0,0.0,0.0,0.0,0.0
103,0.0,2024-09-07,0.0,0.0,0.0,0.0,0.0,0.0,0.0,0.0,0.0,0.0
104,0.0,2024-09-08,0.0,0.0,0.0,0.0,0.0,0.0,0.0,0.0,0.0,0.0
105,0.0,2024-09-09,0.0,0.0,0.0,0.0,0.0,0.0,0.0,0.0,0.0,0.0
106,0.0,2024-09-10,0.0837,329.5539,101.7093,4.2842007,0.0,0.77299068,0.0,0.0,0.0,0.1069
107,0.0,2024-09-11,0.0913,0.0,156.2964,0.0,0.0,5.611040760000001,0.0,0.0,0.0,0.0
108,0.0,2024-09-12,0.0,0.0,0.0,0.0,0.0,0.0,0.0,0.0,0.0,0.0
109,0.0,2024-09-13,0.0,0.0,0.0,0.0,0.0,0.0,0.0,0.0,0.0,0.0
110,0.0,2024-09-14,0.0,0.0,0.0,0.0,0.0,0.0,0.0,0.0,0.0,0.0
111,0.0,2024-09-15,0.0,0.0,0.0,0.0,0.0,0.0,0.0,0.0,0.0,0.0
112,0.0,2024-09-16,0.0,0.0,0.0,0.0,0.0,0.0,0.0,0.0,0.0,0.0
113,0.0,2024-09-17,0.09880000000000001,1610.635,2489.1144,24.6427155,0.0,41.56821048,0.0,0.0,0.0,0.0926
114,0.0,2024-09-18,0.0977,645.3308,1856.0311,11.55142132,0.0,42.503112189999996,0.0,0.0,0.0,0.0987
115,0.0,2024-09-19,0.09179999999999999,1800.3728,1557.563,34.92723232,0.0,40.185125400000004,0.0,0.0,0.0,0.10339999999999999
116,0.0,2024-09-20,0.1188,1890.8227,1968.6008,24.95885964,0.0,27.560411199999997,0.0,0.0,0.0,0.1043
117,0.0,2024-09-21,0.1107,0.0,1895.0982999999999,0.0,0.0,23.68872875,0.0,0.0,0.0,0.0
118,0.0,2024-09-22,0.0,0.0,0.0,0.0,0.0,0.0,0.0,0.0,0.0,0.0
119,0.0,2024-09-23,0.0,0.0,0.0,0.0,0.0,0.0,0.0,0.0,0.0,0.0
120,0.0,2024-09-24,0.0,0.0,0.0,0.0,0.0,0.0,0.0,0.0,0.0,0.0
121,0.0,2024-09-25,0.1001,1976.6060000000002,1718.809,39.1367988,0.0,48.8141756,0.0,0.0,0.0,0.0933
122,0.0,2024-09-26,0.0967,1953.82,753.3522,38.49025399999999,0.0,15.29304966,0.0,0.0,0.0,0.1119
123,0.0,2024-09-27,0.09949999999999999,0.0,1443.5014999999999,0.0,0.0,18.332469049999997,0.0,0.0,0.0,0.0
124,0.0,2024-09-28,0.0,776.5359000000001,0.0,25.54803111,0.0,0.0,0.0,0.0,0.0,0.0981
125,0.0,2024-09-29,0.0,0.0,0.0,0.0,0.0,0.0,0.0,0.0,0.0,0.0
126,0.0,2024-09-30,0.0,0.0,0.0,0.0,0.0,0.0,0.0,0.0,0.0,0.0
127,0.0,2024-10-01,0.0,0.0,0.0,0.0,0.0,0.0,0.0,0.0,0.0,0.0
128,0.0,2024-10-02,0.0,0.0,0.0,0.0,0.0,0.0,0.0,0.0,0.0,0.0
129,0.0,2024-10-03,0.0,0.0,0.0,0.0,0.0,0.0,0.0,0.0,0.0,0.0
130,0.0,2024-10-04,0.0,0.0,0.0,0.0,0.0,0.0,0.0,0.0,0.0,0.0
131,0.0,2024-10-05,0.0,0.0,0.0,0.0,0.0,0.0,0.0,0.0,0.0,0.0
132,0.0,2024-10-06,0.0,0.0,0.0,0.0,0.0,0.0,0.0,0.0,0.0,0.0
133,0.0,2024-10-07,0.0,0.0,0.0,0.0,0.0,0.0,0.0,0.0,0.0,0.0
134,0.0,2024-10-08,0.0,0.0,0.0,0.0,0.0,0.0,0.0,0.0,0.0,0.0
135,0.0,2024-10-09,0.0,0.0,0.0,0.0,0.0,0.0,0.0,0.0,0.0,0.0
136,0.0,2024-10-10,0.0,0.0,0.0,0.0,0.0,0.0,0.0,0.0,0.0,0.0
137,0.0,2024-10-11,0.0,0.0,0.0,0.0,0.0,0.0,0.0,0.0,0.0,0.0
138,0.0,2024-10-12,0.0,0.0,0.0,0.0,0.0,0.0,0.0,0.0,0.0,0.0
139,0.0,2024-10-13,0.0,0.0,0.0,0.0,0.0,0.0,0.0,0.0,0.0,0.0
140,0.0,2024-10-14,0.0,0.0,0.0,0.0,0.0,0.0,0.0,0.0,0.0,0.0
141,0.0,2024-10-15,0.0,0.0,0.0,0.0,0.0,0.0,0.0,0.0,0.0,0.0
142,0.0,2024-10-16,0.0,0.0,0.0,0.0,0.0,0.0,0.0,0.0,0.0,0.0
143,0.0,2024-10-17,0.0,0.0,0.0,0.0,0.0,0.0,0.0,0.0,0.0,0.0
144,0.0,2024-10-18,0.0,0.0,0.0,0.0,0.0,0.0,0.0,0.0,0.0,0.0
145,0.0,2024-10-19,0.0,0.0,0.0,0.0,0.0,0.0,0.0,0.0,0.0,0.0
146,0.0,2024-10-20,0.0,0.0,0.0,0.0,0.0,0.0,0.0,0.0,0.0,0.0
147,0.0,2024-10-21,0.0,0.0,0.0,0.0,0.0,0.0,0.0,0.0,0.0,0.0
148,0.0,2024-10-22,0.0,95.7008,276.0,2.55521136,0.0,0.0,0.0,0.0,0.0,0.1056
149,0.0,2024-10-23,0.0,60.0,36.0,0.0,0.0,0.0,0.0,0.0,0.0,0.0
150,0.0,2024-10-24,0.0,1852.6354,16.0,34.45901844,0.0,0.0,0.0,0.0,0.0,0.09140000000000001
151,0.0,2024-10-25,0.0975,192.99599999999998,1582.0825,4.535405999999999,0.0,39.393854250000004,0.0,0.0,0.0,0.1065
152,0.0,2024-10-26,0.0,0.0,32.0,0.0,0.0,0.0,0.0,0.0,0.0,0.0
153,0.0,2024-10-27,0.0,0.0,0.0,0.0,0.0,0.0,0.0,0.0,0.0,0.0
154,0.0,2024-10-28,0.0,0.0,0.0,0.0,0.0,0.0,0.0,0.0,0.0,0.0
155,0.0,2024-10-29,0.0,0.0,0.0,0.0,0.0,0.0,0.0,0.0,0.0,0.0
156,0.0,2024-10-30,0.0,0.0,0.0,0.0,0.0,0.0,0.0,0.0,0.0,0.0
157,0.0,2024-10-31,0.0837,979.6351999999999,310.6257,15.77212672,0.0,6.243576569999998,0.0,0.0,0.0,0.09960000000000001
158,0.0,2024-11-01,0.0,190.0,1184.0,0.0,0.0,0.0,0.0,0.0,0.0,0.0
159,0.0,2024-11-02,0.0,0.0,0.0,0.0,0.0,0.0,0.0,0.0,0.0,0.0
160,0.0,2024-11-03,0.0915,977.1175999999999,1558.9859999999999,21.88743424,0.0,30.400226999999997,0.0,0.0,0.0,0.0986
161,0.0,2024-11-04,0.08460000000000001,100.0,366.15999999999997,0.0,0.0,8.78784,0.0,0.0,0.0,0.0
162,0.0,2024-11-05,0.0,0.0,0.0,0.0,0.0,0.0,0.0,0.0,0.0,0.0
163,0.0,2024-11-06,0.0,0.0,0.0,0.0,0.0,0.0,0.0,0.0,0.0,0.0
164,0.0,2024-11-07,0.0,0.0,0.0,0.0,0.0,0.0,0.0,0.0,0.0,0.0
165,0.0,2024-11-08,0.0,255.6568,0.0,6.7749052,0.0,0.0,0.0,0.0,0.0,0.0998
166,0.0,2024-11-09,0.0,0.0,0.0,0.0,0.0,0.0,0.0,0.0,0.0,0.0
167,0.0,2024-11-10,0.0,0.0,0.0,0.0,0.0,0.0,0.0,0.0,0.0,0.0
168,0.0,2024-11-11,0.0,0.0,0.0,0.0,0.0,0.0,0.0,0.0,0.0,0.0
169,0.0,2024-11-12,0.0,0.0,0.0,0.0,0.0,0.0,0.0,0.0,0.0,0.0
170,0.0,2024-11-13,0.0,0.0,0.0,0.0,0.0,0.0,0.0,0.0,0.0,0.0
171,0.0,2024-11-14,0.0,0.0,0.0,0.0,0.0,0.0,0.0,0.0,0.0,0.0
172,0.0,2024-11-15,0.0,0.0,0.0,0.0,0.0,0.0,0.0,0.0,0.0,0.0
173,0.0,2024-11-16,0.0,0.0,0.0,0.0,0.0,0.0,0.0,0.0,0.0,0.0
174,0.0,2024-11-17,0.0,0.0,0.0,0.0,0.0,0.0,0.0,0.0,0.0,0.0
175,0.0,2024-11-18,0.0,0.0,0.0,0.0,0.0,0.0,0.0,0.0,0.0,0.0
176,0.0,2024-11-19,0.0,0.0,0.0,0.0,0.0,0.0,0.0,0.0,0.0,0.0
177,0.0,2024-11-20,0.0,0.0,0.0,0.0,0.0,0.0,0.0,0.0,0.0,0.0
178,0.0,2024-11-21,0.0,0.0,0.0,0.0,0.0,0.0,0.0,0.0,0.0,0.0
179,0.0,2024-11-22,0.0,0.0,0.0,0.0,0.0,0.0,0.0,0.0,0.0,0.0
180,0.0,2024-11-23,0.0,0.0,0.0,0.0,0.0,0.0,0.0,0.0,0.0,0.0
181,0.0,2024-11-24,0.0,0.0,0.0,0.0,0.0,0.0,0.0,0.0,0.0,0.0
182,0.0,2024-11-25,0.0,0.0,0.0,0.0,0.0,0.0,0.0,0.0,0.0,0.0
183,0.0,2024-11-26,0.0,0.0,0.0,0.0,0.0,0.0,0.0,0.0,0.0,0.0
184,0.0,2024-11-27,0.0,0.0,0.0,0.0,0.0,0.0,0.0,0.0,0.0,0.0
185,0.0,2024-11-28,0.0,0.0,0.0,0.0,0.0,0.0,0.0,0.0,0.0,0.0
186,0.0,2024-11-29,0.0,0.0,0.0,0.0,0.0,0.0,0.0,0.0,0.0,0.0
187,0.0,2024-11-30,0.0,0.0,0.0,0.0,0.0,0.0,0.0,0.0,0.0,0.0
188,0.0,2024-12-01,0.0,0.0,0.0,0.0,0.0,0.0,0.0,0.0,0.0,0.0
189,0.0,2024-12-02,0.0,0.0,0.0,0.0,0.0,0.0,0.0,0.0,0.0,0.0
190,0.0,2024-12-03,0.0,0.0,0.0,0.0,0.0,0.0,0.0,0.0,0.0,0.0
191,0.0,2024-12-04,0.0,0.0,0.0,0.0,0.0,0.0,0.0,0.0,0.0,0.0
192,0.0,2024-12-05,0.0,0.0,0.0,0.0,0.0,0.0,0.0,0.0,0.0,0.0
193,0.0,2024-12-06,0.0,0.0,0.0,0.0,0.0,0.0,0.0,0.0,0.0,0.0
194,0.0,2024-12-07,0.0,0.0,0.0,0.0,0.0,0.0,0.0,0.0,0.0,0.0
195,0.0,2024-12-08,0.0,0.0,0.0,0.0,0.0,0.0,0.0,0.0,0.0,0.0
196,0.0,2024-12-09,0.0,1631.1785,0.0,29.198095149999997,0.0,0.0,0.0,0.0,0.0,0.09630000000000001
197,0.0,2024-12-10,0.1041,1449.9868,1777.4656,27.259751839999993,0.0,39.459736320000005,0.0,0.0,0.0,0.1137
198,0.0,2024-12-11,0.1024,1850.3706,1384.0991999999999,32.93659668,0.0,26.436294719999996,0.0,0.0,0.0,0.0934
199,0.0,2024-12-12,0.1023,0.0,228.9135,0.0,0.0,4.00598625,0.0,0.0,0.0,0.0
200,0.0,2024-12-13,0.0,0.0,0.0,0.0,0.0,0.0,0.0,0.0,0.0,0.0
201,0.0,2024-12-14,0.0,0.0,0.0,0.0,0.0,0.0,0.0,0.0,0.0,0.0
202,0.0,2024-12-15,0.0,0.0,0.0,0.0,0.0,0.0,0.0,0.0,0.0,0.0
203,0.0,2024-12-16,0.0,384.0,0.0,0.0,0.0,0.0,0.0,0.0,0.0,0.0
204,0.0,2024-12-17,0.0,0.0,0.0,0.0,0.0,0.0,0.0,0.0,0.0,0.0
205,0.0,2024-12-18,0.0,0.0,0.0,0.0,0.0,0.0,0.0,0.0,0.0,0.0
206,0.0,2024-12-19,0.0,0.0,0.0,0.0,0.0,0.0,0.0,0.0,0.0,0.0
207,0.0,2024-12-20,0.0,949.5928,0.0,15.09852552,0.0,0.0,0.0,0.0,0.0,0.09390000000000001
208,0.0,2024-12-21,0.1018,1464.3405,166.167,25.040222550000003,0.0,2.5922052,0.0,0.0,0.0,0.08650000000000001
209,0.0,2024-12-22,0.1025,0.0,49.3625,0.0,0.0,1.0316762499999999,0.0,0.0,0.0,0.0
210,0.0,2024-12-23,0.0,0.0,0.0,0.0,0.0,0.0,0.0,0.0,0.0,0.0
211,0.0,2024-12-24,0.0,0.0,0.0,0.0,0.0,0.0,0.0,0.0,0.0,0.0
212,0.0,2024-12-25,0.0,0.0,0.0,0.0,0.0,0.0,0.0,0.0,0.0,0.0
213,0.0,2024-12-26,0.0,0.0,0.0,0.0,0.0,0.0,0.0,0.0,0.0,0.0
214,0.0,2024-12-27,0.0,0.0,0.0,0.0,0.0,0.0,0.0,0.0,0.0,0.0
215,0.0,2024-12-28,0.0,0.0,0.0,0.0,0.0,0.0,0.0,0.0,0.0,0.0
216,0.0,2024-12-29,0.0,0.0,0.0,0.0,0.0,0.0,0.0,0.0,0.0,0.0
217,0.0,2024-12-30,0.0,0.0,0.0,0.0,0.0,0.0,0.0,0.0,0.0,0.0
218,0.0,2024-12-31,0.0,0.0,0.0,0.0,0.0,0.0,0.0,0.0,0.0,0.0
219,0.0,2025-01-01,0.0,0.0,0.0,0.0,0.0,0.0,0.0,0.0,0.0,0.0
220,0.0,2025-01-02,0.0,0.0,0.0,0.0,0.0,0.0,0.0,0.0,0.0,0.0
221,0.0,2025-01-03,0.12710000000000002,1786.0086,748.0753,36.07737372,0.0,13.24093281,0.0,0.0,0.0,0.0897
222,0.0,2025-01-04,0.0992,1477.7916,979.1696000000001,26.30469048,0.0,19.87714288,0.0,0.0,0.0,0.1011
223,0.0,2025-01-05,0.10279999999999999,1314.2394,1915.522,27.730451339999995,0.0,36.011813599999996,0.0,0.0,0.0,0.11259999999999999
224,0.0,2025-01-06,0.1246,772.1064,498.1026,17.681236560000002,0.0,10.11148278,0.0,0.0,0.0,0.1186
225,0.0,2025-01-07,0.1229,0.0,599.9364,0.0,0.0,14.938416360000003,0.0,0.0,0.0,0.0
226,0.0,2025-01-08,0.0,288.519,0.0,5.481861,0.0,0.0,0.0,0.0,0.0,0.1257
227,0.0,2025-01-09,0.0,0.0,0.0,0.0,0.0,0.0,0.0,0.0,0.0,0.0
228,0.0,2025-01-10,0.0,457.92,0.0,8.059392,0.0,0.0,0.0,0.0,0.0,0.136
229,0.0,2025-01-11,0.1197,0.0,140.84799999999998,0.0,0.0,3.4930303999999994,0.0,0.0,0.0,0.0
230,0.0,2025-01-12,0.0,0.0,0.0,0.0,0.0,0.0,0.0,0.0,0.0,0.0
231,0.0,2025-01-13,0.0,346.332,0.0,7.5846708,0.0,0.0,0.0,0.0,0.0,0.1165
232,0.0,2025-01-14,0.1103,0.0,154.80780000000001,0.0,0.0,3.2200022400000003,0.0,0.0,0.0,0.0
233,0.0,2025-01-15,0.0,128.7279,0.0,1.3130245800000002,0.0,0.0,0.0,0.0,0.0,0.1243
234,0.0,2025-01-16,0.0,0.0,0.0,0.0,0.0,0.0,0.0,0.0,0.0,0.0
235,0.0,2025-01-17,0.0,0.0,0.0,0.0,0.0,0.0,0.0,0.0,0.0,0.0
236,0.0,2025-01-18,0.0,0.0,0.0,0.0,0.0,0.0,0.0,0.0,0.0,0.0
237,0.0,2025-01-19,0.0,0.0,0.0,0.0,0.0,0.0,0.0,0.0,0.0,0.0
238,0.0,2025-01-20,0.1259,1519.1748,651.2044999999999,38.43512244,0.0,10.940235599999998,0.0,0.0,0.0,0.11470000000000001
239,0.0,2025-01-21,0.10830000000000001,1900.2448,1129.7839,30.973990239999996,0.0,20.11015342,0.0,0.0,0.0,0.1331
240,0.0,2025-01-22,0.11720000000000001,0.0,944.596,0.0,0.0,14.3578592,0.0,0.0,0.0,0.0
241,0.0,2025-01-23,0.12119999999999999,1666.5383,878.8000000000001,27.83118961,0.0,13.182,0.0,0.0,0.0,0.11869999999999999
242,0.0,2025-01-24,0.0,1831.0,0.0,0.0,0.0,0.0,0.0,0.0,0.0,0.0
243,0.0,2025-01-25,0.10460000000000001,1462.7648,835.4082,26.183489919999996,0.0,15.20442924,0.0,0.0,0.0,0.1124
244,0.0,2025-01-26,0.1155,909.1683,1273.6799999999998,17.45603136,0.0,22.671503999999995,0.0,0.0,0.0,0.1333
245,0.0,2025-01-27,0.1127,1271.6408999999999,688.5448,21.999387569999996,0.0,13.35776912,0.0,0.0,0.0,0.1367
246,0.0,2025-01-28,0.113,955.0056,182.722,12.51057336,0.0,2.5032914,0.0,0.0,0.0,0.0922
247,0.0,2025-01-29,0.1259,1279.7268,1609.2181,20.859546839999997,0.0,29.931456660000006,0.0,0.0,0.0,0.11560000000000001
248,0.0,2025-01-30,0.1114,1020.2464,1180.9494,25.71020928,0.0,21.138994259999997,0.0,0.0,0.0,0.11359999999999999
249,0.0,2025-01-31,0.1175,1248.4836,1597.325,23.221794960000004,0.0,23.959875,0.0,0.0,0.0,0.13419999999999999
250,0.0,2025-02-01,0.1134,1265.0539,1458.457,20.493873180000005,0.0,27.4189916,0.0,0.0,0.0,0.12210000000000001
251,0.0,2025-02-02,0.1093,782.9292,1198.8822,12.996624720000002,0.0,26.01574374,0.0,0.0,0.0,0.1042
252,0.0,2025-02-03,0.10339999999999999,388.7559,825.7686000000001,7.4252376899999994,0.0,15.276719100000005,0.0,0.0,0.0,0.1303
253,0.0,2025-02-04,0.0,159.61999999999998,0.0,2.9210459999999996,0.0,0.0,0.0,0.0,0.0,0.1325
254,0.0,2025-02-05,0.0,0.0,0.0,0.0,0.0,0.0,0.0,0.0,0.0,0.0
255,0.0,2025-02-06,0.0,394.2536,0.0,7.76679592,0.0,0.0,0.0,0.0,0.0,0.1316
256,0.0,2025-02-07,0.0,0.0,0.0,0.0,0.0,0.0,0.0,0.0,0.0,0.0
257,0.0,2025-02-08,0.13390000000000002,86.74,379.35179999999997,1.3965139999999998,0.0,14.45330358,0.0,0.0,0.0,0.1326
258,0.0,2025-02-09,0.0,134.0262,0.0,2.4794847,0.0,0.0,0.0,0.0,0.0,0.1297
259,0.0,2025-02-10,0.1183,0.0,691.2528,0.0,0.0,13.1338032,0.0,0.0,0.0,0.0
260,0.0,2025-02-11,0.1186,889.6510000000001,638.1336,17.6150898,0.0,10.720644479999999,0.0,0.0,0.0,0.1295
261,0.0,2025-02-12,0.11449999999999999,895.1634,906.752,19.60407846,0.0,17.1376128,0.0,0.0,0.0,0.1198
262,0.0,2025-02-13,0.1219,1376.555,1335.5901,26.705167000000003,0.0,27.780274079999998,0.0,0.0,0.0,0.1119
263,0.0,2025-02-14,0.11359999999999999,468.7758,1078.7487999999998,10.26619002,0.0,20.388352319999996,0.0,0.0,0.0,0.1351
264,0.0,2025-02-15,0.1578,1095.5276999999999,1037.5904,20.595920759999995,0.0,21.58188032,0.0,0.0,0.0,0.1367
265,0.0,2025-02-16,0.1559,0.0,606.9078999999999,0.0,0.0,12.623684319999997,0.0,0.0,0.0,0.0
266,0.0,2025-02-17,0.0,0.0,0.0,0.0,0.0,0.0,0.0,0.0,0.0,0.0
267,0.0,2025-02-18,0.0,0.0,0.0,0.0,0.0,0.0,0.0,0.0,0.0,0.0
268,0.0,2025-02-19,0.0,1054.5444,0.0,23.41088568,0.0,0.0,0.0,0.0,0.0,0.13419999999999999
269,0.0,2025-02-20,0.1174,693.6375,1653.9924,13.7340225,0.0,39.36501912,0.0,0.0,0.0,0.1275
270,0.0,2025-02-21,0.11470000000000001,1037.6093,1099.5426,21.99731716,0.0,18.032498639999996,0.0,0.0,0.0,0.1229
271,0.0,2025-02-22,0.1114,494.486,582.9216,9.790822799999999,0.0,11.0755104,0.0,0.0,0.0,0.134
272,0.0,2025-02-23,0.1213,403.6494,791.7087,8.75919198,0.0,17.89261662,0.0,0.0,0.0,0.1263
273,0.0,2025-02-24,0.126,0.0,601.312,0.0,0.0,12.086371199999999,0.0,0.0,0.0,0.0
274,0.0,2025-02-25,0.0,173.264,0.0,3.725176,0.0,0.0,0.0,0.0,0.0,0.11599999999999999
275,0.0,2025-02-26,0.1306,437.55879999999996,763.3331999999999,7.657279,0.0,14.350664159999996,0.0,0.0,0.0,0.11960000000000001
276,0.0,2025-02-27,0.11380000000000001,553.4256,556.5336,11.95399296,0.0,12.633312720000001,0.0,0.0,0.0,0.1131
277,0.0,2025-02-28,0.0,0.0,0.0,0.0,0.0,0.0,0.0,0.0,0.0,0.0
278,0.0,2025-03-01,0.0,0.0,0.0,0.0,0.0,0.0,0.0,0.0,0.0,0.0
279,0.0,2025-03-02,0.0,0.0,0.0,0.0,0.0,0.0,0.0,0.0,0.0,0.0
280,0.0,2025-03-03,0.0,0.0,0.0,0.0,0.0,0.0,0.0,0.0,0.0,0.0
281,0.0,2025-03-04,0.0,0.0,0.0,0.0,0.0,0.0,0.0,0.0,0.0,0.0
282,0.0,2025-03-05,0.0,0.0,0.0,0.0,0.0,0.0,0.0,0.0,0.0,0.0
283,0.0,2025-03-06,0.0,0.0,0.0,0.0,0.0,0.0,0.0,0.0,0.0,0.0
284,0.0,2025-03-07,0.0,40.834199999999996,0.0,0.76359954,0.0,0.0,0.0,0.0,0.0,0.11230000000000001
285,0.0,2025-03-08,0.0,0.0,0.0,0.0,0.0,0.0,0.0,0.0,0.0,0.0
286,0.0,2025-03-09,0.0,0.0,0.0,0.0,0.0,0.0,0.0,0.0,0.0,0.0
287,0.0,2025-03-10,0.0,0.0,0.0,0.0,0.0,0.0,0.0,0.0,0.0,0.0
288,0.0,2025-03-11,0.0,0.0,0.0,0.0,0.0,0.0,0.0,0.0,0.0,0.0
289,0.0,2025-03-12,0.0,0.0,0.0,0.0,0.0,0.0,0.0,0.0,0.0,0.0
290,0.0,2025-03-13,0.0,0.0,0.0,0.0,0.0,0.0,0.0,0.0,0.0,0.0
291,0.0,2025-03-14,0.0,0.0,0.0,0.0,0.0,0.0,0.0,0.0,0.0,0.0
292,0.0,2025-03-15,0.1164,657.6462,1039.1136,13.94209944,0.0,21.094006079999996,0.0,0.0,0.0,0.16329999999999997
293,0.0,2025-03-16,0.0,0.0,0.0,0.0,0.0,0.0,0.0,0.0,0.0,0.0
294,0.0,2025-03-17,0.0,0.0,0.0,0.0,0.0,0.0,0.0,0.0,0.0,0.0
295,0.0,2025-03-18,0.0,492.43500000000006,0.0,11.326005,0.0,0.0,0.0,0.0,0.0,0.1175
296,0.0,2025-03-19,0.1259,1565.7356000000002,1204.5098,33.6633154,0.0,25.294705800000003,0.0,0.0,0.0,0.1134
297,0.0,2025-03-20,0.1016,0.0,743.8752,0.0,0.0,14.877504,0.0,0.0,0.0,0.0
298,0.0,2025-03-21,0.0,205.7895,0.0,4.7743164,0.0,0.0,0.0,0.0,0.0,0.1243
299,0.0,2025-03-22,0.1216,1091.1965,428.6592,22.151288949999998,0.0,9.68769792,0.0,0.0,0.0,0.14550000000000002
300,0.0,2025-03-23,0.1223,540.6621,1347.2695,10.434778529999999,0.0,29.50520205,0.0,0.0,0.0,0.1377
301,0.0,2025-03-24,0.1225,548.0607,532.6424999999999,8.933389409999998,0.0,8.841865499999999,0.0,0.0,0.0,0.1259
302,0.0,2025-03-25,0.12539999999999998,1092.026,617.4676000000001,20.9668992,0.0,11.60839088,0.0,0.0,0.0,0.134
303,0.0,2025-03-26,0.10439999999999999,1350.6857,1634.4699999999998,24.447411170000002,0.0,33.17974099999999,0.0,0.0,0.0,0.12689999999999999
304,0.0,2025-03-27,0.1275,1699.831,1576.6075,25.837431199999997,0.0,26.959988250000002,0.0,0.0,0.0,0.1265
305,0.0,2025-03-28,0.1378,1343.4477,1732.1598,22.97295567,0.0,30.3127965,0.0,0.0,0.0,0.13269999999999998
306,0.0,2025-03-29,0.124,1666.6398,1815.072,26.166244860000003,0.0,29.4041664,0.0,0.0,0.0,0.1306
307,0.0,2025-03-30,0.12029999999999999,1688.1287,1273.8056000000001,24.64667902,0.0,19.36184512,0.0,0.0,0.0,0.1157
308,0.0,2025-03-31,0.1264,1278.299,823.8047999999999,21.8589129,0.0,14.0046816,0.0,0.0,0.0,0.131
309,0.0,2025-04-01,0.12140000000000001,1218.5654,1029.7192,21.56860758,0.0,17.09333872,0.0,0.0,0.0,0.1157
310,0.0,2025-04-02,0.1298,1309.048,1324.4443999999999,21.4683872,0.0,27.018665759999998,0.0,0.0,0.0,0.1472
311,0.0,2025-04-03,0.1388,832.3502,1067.0267999999999,13.81701332,0.0,21.76734672,0.0,0.0,0.0,0.1266
312,0.0,2025-04-04,0.124,1158.817,1247.424,20.3951792,0.0,23.451571199999997,0.0,0.0,0.0,0.1365
313,0.0,2025-04-05,0.1351,1751.7276,1489.3578,31.531096800000004,0.0,29.48928444,0.0,0.0,0.0,0.11259999999999999
314,0.0,2025-04-06,0.1143,1520.5762,1743.9433000000001,24.481276819999998,0.0,31.91416239,0.0,0.0,0.0,0.1251
315,0.0,2025-04-07,0.1331,1497.6025000000002,1185.0523,24.410920750000002,0.0,17.42026881,0.0,0.0,0.0,0.1175
316,0.0,2025-04-08,0.1158,1498.12,1566.8024,20.374432,0.0,25.8522396,0.0,0.0,0.0,0.129
317,0.0,2025-04-09,0.1274,1144.066,984.2928,21.966067199999998,0.0,17.81569968,0.0,0.0,0.0,0.1398
318,0.0,2025-04-10,0.13269999999999998,1461.5259999999998,1255.8504,25.576705,0.0,22.47972216,0.0,0.0,0.0,0.14279999999999998
319,0.0,2025-04-11,0.1341,933.6042,1240.8347,15.124388040000003,0.0,22.459108070000003,0.0,0.0,0.0,0.1209
320,0.0,2025-04-12,0.1317,977.892,790.153,19.7534184,0.0,14.617830500000002,0.0,0.0,0.0,0.1422
321,0.0,2025-04-13,0.13119999999999998,1578.0362,1225.8768,27.93124074,0.0,22.188370080000002,0.0,0.0,0.0,0.12380000000000001
322,0.0,2025-04-14,0.1244,1221.9624000000001,1456.1228,23.950463040000002,0.0,27.6663332,0.0,0.0,0.0,0.1352
323,0.0,2025-04-15,0.1334,1309.019,1468.8870000000002,23.8241458,0.0,29.230851300000005,0.0,0.0,0.0,0.1331
324,0.0,2025-04-16,0.13269999999999998,1418.8242,1576.7513999999999,20.99859816,0.0,28.381525200000002,0.0,0.0,0.0,0.1231
325,0.0,2025-04-17,0.1292,665.6482,1590.0808,12.11479724,0.0,32.278640239999994,0.0,0.0,0.0,0.10289999999999999
326,0.0,2025-04-18,0.1197,1832.0511999999999,1820.4604,41.221152,0.0,36.955346119999994,0.0,0.0,0.0,0.0984
327,0.0,2025-04-19,0.1235,1861.8600000000001,1848.5385,39.471432,0.0,39.74357775,0.0,0.0,0.0,0.1537
328,0.0,2025-04-20,0.14980000000000002,1615.7064,2023.4759999999999,31.829416079999998,0.0,44.111776799999994,0.0,0.0,0.0,0.1257
329,0.0,2025-04-21,0.1467,1496.6928,1645.1624,25.29410832,0.0,32.903248,0.0,0.0,0.0,0.0962
330,0.0,2025-04-22,0.115,1273.3799999999999,1680.615,26.868317999999995,0.0,34.284546000000006,0.0,0.0,0.0,0.10640000000000001
331,0.0,2025-04-23,0.1166,1372.3861,1740.298,31.427641689999998,0.0,36.372228199999995,0.0,0.0,0.0,0.11630000000000001
332,0.0,2025-04-24,0.1311,1670.2931999999998,1173.015,33.906951959999994,0.0,21.4661745,0.0,0.0,0.0,0.1106
333,0.0,2025-04-25,0.11939999999999999,1527.4395000000002,1727.7372,32.53446135,0.0,31.963138200000007,0.0,0.0,0.0,0.11349999999999999
334,0.0,2025-04-26,0.13,1561.1284,1790.46,36.37429172,0.0,39.032028000000004,0.0,0.0,0.0,0.1394
335,0.0,2025-04-27,0.1399,1449.921,1585.1643,27.4035069,0.0,33.76399959,0.0,0.0,0.0,0.1255
336,0.0,2025-04-28,0.1207,1565.0397,1567.7919,27.85770666,0.0,37.15666803,0.0,0.0,0.0,0.10210000000000001
337,0.0,2025-04-29,0.10289999999999999,633.7056,1641.693,13.05433536,0.0,36.6097539,0.0,0.0,0.0,0.1024
338,0.0,2025-04-30,0.10300000000000001,130.0362,888.03,2.54870952,0.0,18.915039,0.0,0.0,0.0,0.11539999999999999
339,0.0,2025-05-01,0.1015,507.471,371.979,13.295740200000001,0.0,8.853100199999998,0.0,0.0,0.0,0.1097
340,0.0,2025-05-02,0.1072,689.387,752.6304,15.235452699999998,0.0,18.0631296,0.0,0.0,0.0,0.12179999999999999
341,0.0,2025-05-03,0.1352,0.0,729.8912,0.0,0.0,12.91907424,0.0,0.0,0.0,0.0
342,0.0,2025-05-04,0.12279999999999999,564.6408,688.602,10.78463928,0.0,15.906706199999999,0.0,0.0,0.0,0.11220000000000001
343,0.0,2025-05-05,0.1116,1290.7916,1144.2592,22.588853000000004,0.0,23.457313599999996,0.0,0.0,0.0,0.1061
344,0.0,2025-05-06,0.1165,1660.1584,1653.0285,32.3730888,0.0,28.597393049999997,0.0,0.0,0.0,0.09380000000000001
345,0.0,2025-05-07,0.1134,1119.8988,1208.4358,19.71021888,0.0,20.301721439999998,0.0,0.0,0.0,0.11259999999999999
346,0.0,2025-05-08,0.11779999999999999,1186.1872,1259.7816,22.41893808,0.0,23.9358504,0.0,0.0,0.0,0.10880000000000001
347,0.0,2025-05-09,0.1215,1229.684,1395.9365,22.257280400000003,0.0,27.91873,0.0,0.0,0.0,0.1115
348,0.0,2025-05-10,0.1084,1443.4962,1347.2076,25.40553312,0.0,23.84557452,0.0,0.0,0.0,0.1106
349,0.0,2025-05-11,0.1081,1221.8120999999999,1357.4718,21.9926178,0.0,29.321390880000003,0.0,0.0,0.0,0.1127
350,0.0,2025-05-12,0.1231,1444.4660999999999,1497.7452,25.42260336,0.0,27.558511680000002,0.0,0.0,0.0,0.1067
351,0.0,2025-05-13,0.11230000000000001,1796.9687000000001,1639.5819,34.86119278,0.0,32.29976343,0.0,0.0,0.0,0.1161
352,0.0,2025-05-14,0.1211,1535.7202,1608.387,30.407259959999998,0.0,29.4334821,0.0,0.0,0.0,0.1061
353,0.0,2025-05-15,0.1193,1202.4111,1513.9233000000002,22.605328679999996,0.0,30.581250660000002,0.0,0.0,0.0,0.11130000000000001
354,0.0,2025-05-16,0.11130000000000001,1569.9672,1627.2097,30.300366959999998,0.0,27.49984393,0.0,0.0,0.0,0.1039
355,0.0,2025-05-17,0.1047,1144.1757,884.5563999999999,20.93841531,0.0,17.425761079999997,0.0,0.0,0.0,0.1151
356,0.0,2025-05-18,0.1213,626.0808000000001,1633.5033,11.081630160000001,0.0,29.89311039,0.0,0.0,0.0,0.11320000000000001
357,0.0,2025-05-19,0.1092,1363.1970000000001,1286.3152,29.0360961,0.0,23.410936640000003,0.0,0.0,0.0,0.1002
358,0.0,2025-05-20,0.11720000000000001,1105.1105,1827.396,19.4499448,0.0,31.796690399999996,0.0,0.0,0.0,0.10949999999999999
359,0.0,2025-05-21,0.09609999999999999,1549.6704,2229.9213,27.894067200000002,0.0,38.80063062,0.0,0.0,0.0,0.1032
360,0.0,2025-05-22,0.10400000000000001,1850.0945,1924.608,35.336804949999994,0.0,36.7600128,0.0,0.0,0.0,0.11689999999999999
361,0.0,2025-05-23,0.1002,1147.902,1611.5418,21.350977200000003,0.0,28.201981500000002,0.0,0.0,0.0,0.094
362,0.0,2025-05-24,0.1168,1869.3567,2002.2144,34.02229194,0.0,35.23897344,0.0,0.0,0.0,0.11109999999999999
363,0.0,2025-05-25,0.1103,1597.3929,1994.7074,30.51020439,0.0,33.9100258,0.0,0.0,0.0,0.1081
364,0.0,2025-05-26,0.12029999999999999,590.605,1222.7830000000001,14.2335805,0.0,24.5779383,0.0,0.0,0.0,0.1185
365,0.0,2025-05-27,0.10220000000000001,1077.4152000000001,1249.7376,22.841202240000005,0.0,26.494437119999997,0.0,0.0,0.0,0.1081
366,0.0,2025-05-28,0.1207,1885.6706,2043.4932,35.45060727999999,0.0,39.64376808,0.0,0.0,0.0,0.1266
367,0.0,2025-05-29,0.1134,2000.295,1884.9116000000001,35.205192000000004,0.0,35.05935576000001,0.0,0.0,0.0,0.109
368,0.0,2025-05-30,0.1183,1576.2591,2004.1041,29.79129699,0.0,37.67715707999999,0.0,0.0,0.0,0.1199
369,0.0,2025-05-31,0.1155,1906.9595,2009.5839999999998,32.4183115,0.0,31.5504688,0.0,0.0,0.0,0.1151
370,0.0,2025-06-01,0.1165,1805.8384,2001.1274999999998,32.68567504000001,0.0,37.02085875,0.0,0.0,0.0,0.11130000000000001
371,0.0,2025-06-02,0.1204,1921.887,1212.9684,32.2877016,0.0,20.13527544,0.0,0.0,0.0,0.109
372,0.0,2025-06-03,0.10289999999999999,1946.19,1865.0709,30.165945,0.0,30.400655669999995,0.0,0.0,0.0,0.1052
373,0.0,2025-06-04,0.1211,1932.4488999999999,1701.5504,32.65838640999999,0.0,28.075581600000003,0.0,0.0,0.0,0.1107
374,0.0,2025-06-05,0.11900000000000001,1912.8972999999999,2006.037,39.59697411,0.0,35.9080623,0.0,0.0,0.0,0.0843
375,0.0,2025-06-06,0.1114,1804.4016,1817.1870000000001,29.231305920000004,0.0,29.438429400000008,0.0,0.0,0.0,0.09960000000000001
376,0.0,2025-06-07,0.1204,1912.2946,1883.2236,38.05466254,0.0,32.0148012,0.0,0.0,0.0,0.1118
377,0.0,2025-06-08,0.1099,1650.2342999999998,1634.2236,30.85938141,0.0,36.93345336,0.0,0.0,0.0,0.11230000000000001
378,0.0,2025-06-09,0.1164,950.9992,1801.6604,16.35718624,0.0,32.97038532,0.0,0.0,0.0,0.1323
379,0.0,2025-06-10,0.1127,876.9359000000001,948.5237,15.609459020000001,0.0,16.59916475,0.0,0.0,0.0,0.1151
380,0.0,2025-06-11,0.1094,1688.1287,1388.4454,30.386316600000004,0.0,27.491218919999998,0.0,0.0,0.0,0.1157
381,0.0,2025-06-12,0.1247,1351.0944,1870.5160999999998,26.3463408,0.0,37.784425219999996,0.0,0.0,0.0,0.1272
382,0.0,2025-06-13,0.1204,1751.7377999999999,1577.1228,30.83058528,0.0,30.28075776,0.0,0.0,0.0,0.1058
383,0.0,2025-06-14,0.1204,1345.7524,1691.4708,22.60864032,0.0,26.386944480000004,0.0,0.0,0.0,0.1158
384,0.0,2025-06-15,0.1134,2026.0533,1449.5910000000001,35.25332742,0.0,25.077924300000003,0.0,0.0,0.0,0.11410000000000001
385,0.0,2025-06-16,0.12029999999999999,1683.7011,1246.5349,28.454548589999998,0.0,21.191093300000002,0.0,0.0,0.0,0.1217
386,0.0,2025-06-17,0.1093,1783.53,840.8208000000001,28.714833,0.0,13.53721488,0.0,0.0,0.0,0.106
387,0.0,2025-06-18,0.12369999999999999,1708.6496,1177.7472,27.16752864,0.0,18.13730688,0.0,0.0,0.0,0.1026
388,0.0,2025-06-19,0.11220000000000001,1704.6953999999998,1150.5888,29.491230419999997,0.0,19.21483296,0.0,0.0,0.0,0.11259999999999999
389,0.0,2025-06-20,0.0958,1778.7594,1630.2726,33.97430454,0.0,31.301233919999998,0.0,0.0,0.0,0.1066
390,0.0,2025-06-21,0.1107,1616.6112,1518.9243999999999,31.36225728,0.0,28.25199384,0.0,0.0,0.0,0.1137
391,0.0,2025-06-22,0.10779999999999999,1384.686,1669.3062,26.585971199999996,0.0,32.38454028,0.0,0.0,0.0,0.10550000000000001
392,0.0,2025-06-23,0.11900000000000001,1590.8116,918.002,30.2254204,0.0,14.5044316,0.0,0.0,0.0,0.1326
393,0.0,2025-06-24,0.1373,1030.4616,1346.6747,18.033078000000003,0.0,23.29747231,0.0,0.0,0.0,0.11320000000000001
394,0.0,2025-06-25,0.10460000000000001,932.2236,1010.9066,16.780024800000003,0.0,17.58977484,0.0,0.0,0.0,0.1222
395,0.0,2025-06-26,0.1232,1828.332,1284.512,31.6301436,0.0,20.809094400000003,0.0,0.0,0.0,0.109
396,0.0,2025-06-27,0.10279999999999999,1572.1660000000002,1561.128,30.657237000000002,0.0,31.0664472,0.0,0.0,0.0,0.13140000000000002
397,0.0,2025-06-28,0.1151,1508.6466,1928.1971,26.552180160000002,0.0,34.12908867,0.0,0.0,0.0,0.1162
398,0.0,2025-06-29,0.1246,1353.8303999999998,1815.5795999999998,26.94122496,0.0,37.76405567999999,0.0,0.0,0.0,0.1186
399,0.0,2025-06-30,0.0969,1598.6466,1902.8317,26.69739822,0.0,33.68012109,0.0,0.0,0.0,0.1074
400,0.0,2025-07-01,0.127,1604.694,847.683,28.724022599999998,0.0,15.173525699999999,0.0,0.0,0.0,0.1183
401,0.0,2025-07-02,0.1266,1832.7159,1569.4997999999998,30.972898709999996,0.0,27.152346539999996,0.0,0.0,0.0,0.1099
402,0.0,2025-07-03,0.09380000000000001,1783.24,1403.7038,27.283572000000003,0.0,22.740001560000003,0.0,0.0,0.0,0.128
403,0.0,2025-07-04,0.1134,1828.8,1772.3134,30.35808,0.0,26.40746966,0.0,0.0,0.0,0.08560000000000001
404,0.0,2025-07-05,0.1261,524.5286,1566.9027,8.969439060000001,0.0,27.890868060000003,0.0,0.0,0.0,0.10490000000000001
405,0.0,2025-07-06,0.1155,1822.9288000000001,762.439,29.71373944,0.0,14.105121500000001,0.0,0.0,0.0,0.1112
406,0.0,2025-07-07,0.10880000000000001,1710.8576,2077.3872,29.59783648,0.0,35.523321120000006,0.0,0.0,0.0,0.1052
407,0.0,2025-07-08,0.10859999999999999,1412.9217,1870.1571999999999,23.17191588,0.0,29.54848376,0.0,0.0,0.0,0.09369999999999999
408,0.0,2025-07-09,0.1099,1391.2432000000001,1378.7649,21.703393920000003,0.0,19.02695562,0.0,0.0,0.0,0.1272
409,0.0,2025-07-10,0.1222,1420.2617,1369.368,27.269024639999998,0.0,22.320698399999998,0.0,0.0,0.0,0.0971
410,0.0,2025-07-11,0.0947,1071.8517,1461.1542,17.363997540000003,0.0,25.42408308,0.0,0.0,0.0,0.1363
411,0.0,2025-07-12,0.11720000000000001,1823.506,1557.2592,29.3584466,0.0,23.826065760000002,0.0,0.0,0.0,0.107
412,0.0,2025-07-13,0.10310000000000001,1270.935,1253.8662,21.605895,0.0,23.8234578,0.0,0.0,0.0,0.085
413,0.0,2025-07-14,0.094,1875.148,1538.3880000000001,32.815090000000005,0.0,29.5370496,0.0,0.0,0.0,0.10279999999999999
414,0.0,2025-07-15,0.1261,1873.726,1569.5244,26.6069092,0.0,27.152772119999998,0.0,0.0,0.0,0.11699999999999999
415,0.0,2025-07-16,0.1085,1393.8996,1673.3455,27.599212079999997,0.0,30.120219000000002,0.0,0.0,0.0,0.1116
416,0.0,2025-07-17,0.1045,847.6263,1161.4634999999998,14.07059658,0.0,18.583415999999996,0.0,0.0,0.0,0.10869999999999999
417,0.0,2025-07-18,0.11699999999999999,1703.28,1562.91,30.999696,0.0,25.162851,0.0,0.0,0.0,0.094
418,0.0,2025-07-19,0.1051,0.0,1616.1894,0.0,0.0,29.25302814,0.0,0.0,0.0,0.1074
419,0.0,2025-07-20,0.1153,1646.848,1283.6997000000001,32.6075904,0.0,21.822894900000005,0.0,0.0,0.0,0.10400000000000001
420,0.0,2025-07-21,0.1042,1400.562,1589.1492,24.9300036,0.0,29.081430360000002,0.0,0.0,0.0,0.1045
421,0.0,2025-07-22,0.1051,1987.3656,1802.3286,34.182688320000004,0.0,32.982613380000004,0.0,0.0,0.0,0.0892
422,0.0,2025-07-23,0.10880000000000001,1994.652,1760.12,33.1112232,0.0,27.809896000000002,0.0,0.0,0.0,0.0892
423,0.0,2025-07-24,0.105,1452.656,1867.865,24.404620799999996,0.0,30.0726265,0.0,0.0,0.0,0.10880000000000001
424,0.0,2025-07-25,0.10869999999999999,1713.99,1489.3623,28.966430999999996,0.0,27.25533009,0.0,0.0,0.0,0.09789999999999999
425,0.0,2025-07-26,0.1072,1593.9444999999998,1485.6192,29.48797325,0.0,26.741145600000007,0.0,0.0,0.0,0.08130000000000001
426,0.0,2025-07-27,0.10619999999999999,1702.6812,1474.77,30.81852972,0.0,26.103429000000002,0.0,0.0,0.0,0.09480000000000001
427,0.0,2025-07-28,0.1073,1597.7214,1713.0913,32.43374442,0.0,33.74789861,0.0,0.0,0.0,0.0958
428,0.0,2025-07-29,0.09380000000000001,1507.128,1308.5528,27.881868,0.0,26.432766559999997,0.0,0.0,0.0,0.10289999999999999
429,0.0,2025-07-30,0.1149,1166.7061999999999,1401.9984,20.4173585,0.0,25.936970400000003,0.0,0.0,0.0,0.10460000000000001
430,0.0,2025-07-31,0.0,1077.425,0.0,20.255589999999994,0.0,0.0,0.0,0.0,0.0,0.1125
431,0.0,2025-08-01,0.1069,1298.8304,1225.3332,22.33988288,0.0,22.791197520000004,0.0,0.0,0.0,0.08789999999999999
432,0.0,2025-08-02,0.08199999999999999,1178.496,1220.0220000000002,18.620236800000004,0.0,21.594389400000004,0.0,0.0,0.0,0.1072
433,0.0,2025-08-03,0.0843,776.6706999999999,1088.7673,15.300412789999998,0.0,19.70668813,0.0,0.0,0.0,0.10830000000000001
434,0.0,2025-08-04,0.1014,501.34680000000003,1045.9704,10.077070679999999,0.0,21.024005039999995,0.0,0.0,0.0,0.0868
435,0.0,2025-08-05,0.106,1554.0136,1551.984,33.10048968,0.0,31.815671999999996,0.0,0.0,0.0,0.0986
436,0.0,2025-08-06,0.0911,1348.022,1420.6107,26.1516268,0.0,25.28687046,0.0,0.0,0.0,0.0965
437,0.0,2025-08-07,0.10619999999999999,324.0336,580.0762,7.74440304,0.0,12.00757734,0.0,0.0,0.0,0.1024
438,0.0,2025-08-08,0.10039999999999999,1750.1381999999999,1021.9455999999999,36.57788838,0.0,22.89158144,0.0,0.0,0.0,0.0946
439,0.0,2025-08-09,0.1033,1434.5231999999999,1729.7343,26.68213152,0.0,33.72981885,0.0,0.0,0.0,0.11230000000000001
440,0.0,2025-08-10,0.10890000000000001,768.0274999999999,1238.629,12.211637249999999,0.0,22.5430478,0.0,0.0,0.0,0.0975
441,0.0,2025-08-11,0.1165,991.2417,137.826,17.04935724,0.0,2.4119550000000003,0.0,0.0,0.0,0.0931
442,0.0,2025-08-12,0.1,558.0927,1173.6000000000001,10.324714950000002,0.0,24.76296,0.0,0.0,0.0,0.1099
443,0.0,2025-08-13,0.0,0.0,0.0,0.0,0.0,0.0,0.0,0.0,0.0,0.0
444,0.0,2025-08-14,0.0,0.0,0.0,0.0,0.0,0.0,0.0,0.0,0.0,0.0
445,0.0,2025-08-15,0.0,0.0,0.0,0.0,0.0,0.0,0.0,0.0,0.0,0.0
446,0.0,2025-08-16,0.0,0.0,0.0,0.0,0.0,0.0,0.0,0.0,0.0,0.0
447,0.0,2025-08-17,0.0,0.0,0.0,0.0,0.0,0.0,0.0,0.0,0.0,0.0
448,0.0,2025-08-18,0.0,0.0,0.0,0.0,0.0,0.0,0.0,0.0,0.0,0.0
449,0.0,2025-08-19,0.0,0.0,0.0,0.0,0.0,0.0,0.0,0.0,0.0,0.0
450,0.0,2025-08-20,0.0,0.0,0.0,0.0,0.0,0.0,0.0,0.0,0.0,0.0
451,0.0,2025-08-21,0.0,0.0,0.0,0.0,0.0,0.0,0.0,0.0,0.0,0.0
452,0.0,2025-08-22,0.0,0.0,0.0,0.0,0.0,0.0,0.0,0.0,0.0,0.0
453,0.0,2025-08-23,0.0,0.0,0.0,0.0,0.0,0.0,0.0,0.0,0.0,0.0
454,0.0,2025-08-24,0.0,0.0,0.0,0.0,0.0,0.0,0.0,0.0,0.0,0.0
455,0.0,2025-08-25,0.0,0.0,0.0,0.0,0.0,0.0,0.0,0.0,0.0,0.0
456,0.0,2025-08-26,0.0,0.0,0.0,0.0,0.0,0.0,0.0,0.0,0.0,0.0
457,0.0,2025-08-27,0.0,0.0,0.0,0.0,0.0,0.0,0.0,0.0,0.0,0.0
458,0.0,2025-08-28,0.0,0.0,0.0,0.0,0.0,0.0,0.0,0.0,0.0,0.0
459,0.0,2025-08-29,0.0,0.0,0.0,0.0,0.0,0.0,0.0,0.0,0.0,0.0
460,0.0,2025-08-30,0.0,0.0,0.0,0.0,0.0,0.0,0.0,0.0,0.0,0.0
461,0.0,2025-08-31,0.0,0.0,0.0,0.0,0.0,0.0,0.0,0.0,0.0,0.0
462,0.0,2025-09-01,0.11539999999999999,955.7027999999999,1248.1706000000001,15.577955639999997,0.0,21.468534320000003,0.0,0.0,0.0,0.0924
463,0.0,2025-09-02,0.1096,201.72760000000002,1313.34,4.07489752,0.0,20.882106,0.0,0.0,0.0,0.1074
464,0.0,2025-09-03,0.11539999999999999,1756.0881,1427.7444,30.02910651,0.0,25.27107588,0.0,0.0,0.0,0.11710000000000001
465,0.0,2025-09-04,0.1116,1654.9389999999999,1984.6856,25.3205667,0.0,34.33506088,0.0,0.0,0.0,0.1035
466,0.0,2025-09-05,0.1096,1924.7294,1659.7056,27.716103359999998,0.0,26.057377920000004,0.0,0.0,0.0,0.1118
467,0.0,2025-09-06,0.1035,1808.5704,1812.723,29.660554559999998,0.0,26.8283004,0.0,0.0,0.0,0.1082
468,0.0,2025-09-07,0.1091,1585.045,1800.5089,30.749873,0.0,32.76926198,0.0,0.0,0.0,0.105
469,0.0,2025-09-08,0.1112,1804.578,1659.3896,30.1364526,0.0,30.20089072,0.0,0.0,0.0,0.10220000000000001
470,0.0,2025-09-09,0.0978,1386.3285,1448.031,25.647077250000006,0.0,24.9061332,0.0,0.0,0.0,0.1027
471,0.0,2025-09-10,0.109,457.6656,1496.88,8.9244792,0.0,32.931360000000005,0.0,0.0,0.0,0.1096
472,0.0,2025-09-11,0.11410000000000001,1616.9412,1288.9845,25.062588599999998,0.0,20.237056650000003,0.0,0.0,0.0,0.1012
473,0.0,2025-09-12,0.0931,262.16650000000004,1100.0697,4.4043972,0.0,16.72105944,0.0,0.0,0.0,0.11130000000000001
474,0.0,2025-09-13,0.091,1709.0106,1423.4940000000001,30.07858656,0.0,22.491205200000003,0.0,0.0,0.0,0.10710000000000001
475,0.0,2025-09-14,0.1091,1612.8075,1652.6195,25.32107775,0.0,28.4250554,0.0,0.0,0.0,0.1025
476,0.0,2025-09-15,0.10800000000000001,1475.2605,1788.46,22.719011700000003,0.0,29.330743999999996,0.0,0.0,0.0,0.0977
477,0.0,2025-09-16,0.1081,1522.7240000000002,1651.7988,23.602222,0.0,24.11626248,0.0,0.0,0.0,0.086
478,0.0,2025-09-17,0.1047,1425.1741,1600.7964,18.95481553,0.0,23.85186636,0.0,0.0,0.0,0.10310000000000001
479,0.0,2025-09-18,0.10830000000000001,1558.4289999999999,1759.3240999999998,29.610151,0.0,24.102740169999997,0.0,0.0,0.0,0.1115
480,0.0,2025-09-19,0.1092,1933.6392,1936.5992,34.22541384,0.0,40.66858320000001,0.0,0.0,0.0,0.1081
481,0.0,2025-09-20,0.09960000000000001,1939.6368,1951.1668,38.01688128,0.0,35.31611908,0.0,0.0,0.0,0.0868
482,0.0,2025-09-21,0.1002,1874.7716,2029.0490000000002,39.55768076,0.0,37.3345016,0.0,0.0,0.0,0.0978
483,0.0,2025-09-22,0.1092,1770.3374,1900.9672,35.22971426,0.0,33.07682928,0.0,0.0,0.0,0.0926
484,0.0,2025-09-23,0.10490000000000001,1702.8004,1939.6817,30.650407200000004,0.0,33.944429750000005,0.0,0.0,0.0,0.11220000000000001
485,0.0,2025-09-24,0.0,1312.0,2145.0,0.0,0.0,0.0,0.0,0.0,0.0,0.0
486,0.0,2025-09-25,0.09880000000000001,1645.4199999999998,2043.9216,30.44027,0.0,43.535530079999994,0.0,0.0,0.0,0.0984
487,0.0,2025-09-26,0.09269999999999999,1706.8714,1574.1655,26.968568120000004,0.0,30.69622725,0.0,0.0,0.0,0.1007
488,0.0,2025-09-27,0.10210000000000001,1454.9912,1607.241,24.0073548,0.0,20.2512366,0.0,0.0,0.0,0.0974
489,0.0,2025-09-28,0.1081,2065.2264,1916.6931,43.163231759999995,0.0,33.54212925,0.0,0.0,0.0,0.1048
490,0.0,2025-09-29,0.1051,2082.7513,2237.25,39.988824959999995,0.0,44.745,0.0,0.0,0.0,0.1011
491,0.0,2025-09-30,0.10210000000000001,1858.4735,2094.8007000000002,34.939301799999996,0.0,40.42965351,0.0,0.0,0.0,0.10949999999999999
492,0.0,2025-10-01,0.10439999999999999,1040.1762,1413.2567999999999,18.723171600000004,0.0,27.841158959999994,0.0,0.0,0.0,0.11019999999999999
493,0.0,2025-10-02,0.10210000000000001,224.0194,1105.3149,4.61479964,0.0,19.78513671,0.0,0.0,0.0,0.07429999999999999
494,0.0,2025-10-03,0.0934,1770.6936,927.4517999999999,36.65335752,0.0,14.931973979999999,0.0,0.0,0.0,0.09519999999999999
495,0.0,2025-10-04,0.1075,2080.3622,1959.0375,43.895642419999994,0.0,40.55207625,0.0,0.0,0.0,0.0998
496,0.0,2025-10-05,0.10800000000000001,2247.987,1962.4,44.0605452,0.0,42.387840000000004,0.0,0.0,0.0,0.1026
497,0.0,2025-10-06,0.11199999999999999,2072.7214,2070.816,36.2726245,0.0,39.96674879999999,0.0,0.0,0.0,0.11460000000000001
498,0.0,2025-10-07,0.1069,2180.8392,1954.1028000000001,42.30828048,0.0,39.66828684,0.0,0.0,0.0,0.0898
499,0.0,2025-10-08,0.09519999999999999,2145.618,2027.6568000000002,49.349213999999996,0.0,41.566964399999996,0.0,0.0,0.0,0.1045
500,0.0,2025-10-09,0.11019999999999999,2064.3525,1872.1392,38.80982699999999,0.0,38.00442576,0.0,0.0,0.0,0.1075
501,0.0,2025-10-10,0.1051,1944.3475999999998,1288.656,39.859125799999994,0.0,27.8349696,0.0,0.0,0.0,0.10439999999999999
502,0.0,2025-10-11,0.11259999999999999,1933.7527,1758.8267999999998,38.675054,0.0,37.81477619999999,0.0,0.0,0.0,0.1101
503,0.0,2025-10-12,0.1048,1960.1196,2067.0168,34.10608104,0.0,38.65321416,0.0,0.0,0.0,0.1066
504,0.0,2025-10-13,0.10640000000000001,1926.1696,2086.556,33.13011712,0.0,34.428174000000006,0.0,0.0,0.0,0.1016
505,0.0,2025-10-14,0.0949,2035.766,1969.4976000000001,36.0330582,0.0,33.4814592,0.0,0.0,0.0,0.0932
506,0.0,2025-10-15,0.1035,1661.3855999999998,1725.7624999999998,33.39385055999999,0.0,34.86040249999999,0.0,0.0,0.0,0.1144
507,0.0,2025-10-16,0.0931,2163.3472,1843.7277000000001,42.83427456,0.0,34.477707990000006,0.0,0.0,0.0,0.1016
508,0.0,2025-10-17,0.11460000000000001,2013.8437000000001,2044.3886,34.235342900000006,0.0,34.14128962,0.0,0.0,0.0,0.1101
509,0.0,2025-10-18,0.1048,1977.3423,2023.152,38.75590908,0.0,35.2028448,0.0,0.0,0.0,0.1081
510,0.0,2025-10-19,0.1016,2224.1492000000003,2128.3096,42.48124972,0.0,42.566192,0.0,0.0,0.0,0.1082
511,0.0,2025-10-20,0.1081,2055.799,2027.2887,41.7327197,0.0,36.4911966,0.0,0.0,0.0,0.1085
512,0.0,2025-10-21,0.1109,1832.2932,2140.0637,41.77628496,0.0,44.51332496,0.0,0.0,0.0,0.1114
513,0.0,2025-10-22,0.11320000000000001,1746.0744,2066.244,43.128037680000006,0.0,40.291758,0.0,0.0,0.0,0.1096
514,0.0,2025-10-23,0.1048,1952.6336000000001,1822.6272,41.00530560000001,0.0,29.708823359999997,0.0,0.0,0.0,0.1092
515,0.0,2025-10-24,0.1073,1712.2953,982.8627,28.76656104,0.0,14.251509149999999,0.0,0.0,0.0,0.10210000000000001
516,0.0,2025-10-25,0.1066,1870.683,1708.1807999999999,46.205870100000006,0.0,51.416242079999996,0.0,0.0,0.0,0.113
517,0.0,2025-10-26,0.1144,2185.5316,1980.2015999999999,34.9685056,0.0,53.26742304,0.0,0.0,0.0,0.1166
518,0.0,2025-10-27,0.1081,2090.942,1856.9358,35.546014,0.0,33.79623156,0.0,0.0,0.0,0.1026
519,0.0,2025-10-28,0.1065,2043.9270000000001,1574.347,39.447791099999996,0.0,29.597723599999995,0.0,0.0,0.0,0.1094
520,0.0,2025-10-29,0.1066,2026.3968,2053.9266,35.461944,0.0,35.943715499999996,0.0,0.0,0.0,0.1081
521,0.0,2025-10-30,0.10830000000000001,2045.5246,1984.9242,33.13749852,0.0,38.50752948,0.0,0.0,0.0,0.1118
522,0.0,2025-10-31,0.1103,2088.8784,1922.6417000000001,37.80869904000001,0.0,39.414154849999996,0.0,0.0,0.0,0.1096
523,0.0,2025-11-01,0.1066,2010.4656,1640.2824,33.37372896,0.0,37.7264952,0.0,0.0,0.0,0.1112
524,0.0,2025-11-02,0.1051,0.0,2103.9099,0.0,0.0,34.924904340000005,0.0,0.0,0.0,0.1038
525,0.0,2025-11-03,0.0,388.0,261.0,0.0,0.0,0.0,0.0,0.0,0.0,0.0
526,0.0,2025-11-04,0.1116,1939.6923,1990.9044,35.88430755,0.0,32.8499226,0.0,0.0,0.0,0.11470000000000001
527,0.0,2025-11-05,0.106,1765.7640000000001,2065.14,29.6648352,0.0,35.313894,0.0,0.0,0.0,0.1082
528,0.0,2025-11-06,0.111,2075.4894,1969.135,39.4342986,0.0,47.25924,0.0,0.0,0.0,0.1213
529,0.0,2025-11-07,0.1189,2028.0126,2024.7678,39.34344444,0.0,42.92507736,0.0,0.0,0.0,0.1311
530,0.0,2025-11-08,0.12789999999999999,1658.9391,1805.247,35.33540283,0.0,34.4802177,0.0,0.0,0.0,0.1319
531,0.0,2025-11-09,0.1242,1800.7703999999999,2076.5218,31.333404959999996,0.0,34.47026188,0.0,0.0,0.0,0.1288
532,0.0,2025-11-10,0.1274,1865.3138,2002.6170000000002,37.11974462,0.0,39.2512932,0.0,0.0,0.0,0.1467
533,0.0,2025-11-11,0.1305,1065.3074,1939.8545,16.40573396,0.0,37.051220949999994,0.0,0.0,0.0,0.1346
534,0.0,2025-11-12,0.1048,167.7524,1520.0496,2.39885932,0.0,27.81690768,0.0,0.0,0.0,0.10769999999999999
535,0.0,2025-11-13,0.1329,1022.4039999999999,669.4012,18.914474000000002,0.0,10.844299440000002,0.0,0.0,0.0,0.12240000000000001
536,0.0,2025-11-14,0.12369999999999999,1680.2800000000002,1411.7193,30.245040000000007,0.0,30.210793020000004,0.0,0.0,0.0,0.1175
537,0.0,2025-11-15,0.1215,0.0,1476.7585000000001,0.0,0.0,25.6955979,0.0,0.0,0.0,0.1199
538,0.0,2025-11-16,0.1188,569.8439999999999,452.9368,14.5880064,0.0,9.14932336,0.0,0.0,0.0,0.1366
539,0.0,2025-11-17,0.1112,1428.2784,1758.0464000000002,32.27909184,0.0,42.89633216,0.0,0.0,0.0,0.1328
540,0.0,2025-11-18,0.1311,1370.103,1620.4985,25.483915800000005,0.0,55.096949,0.0,0.0,0.0,0.1383
541,0.0,2025-11-19,0.13269999999999998,1912.723,1763.2209,33.281380199999994,0.0,44.0805225,0.0,0.0,0.0,0.1286
542,0.0,2025-11-20,0.14279999999999998,2055.6099,1748.6879999999999,35.15092929,0.0,28.3287456,0.0,0.0,0.0,0.1249
543,0.0,2025-11-21,0.1293,1948.3254,1837.1770000000001,37.797512760000004,0.0,31.0482913,0.0,0.0,0.0,0.1306
544,0.0,2025-11-22,0.1411,1894.2186,1473.0135,35.61130967999999,0.0,26.072338950000002,0.0,0.0,0.0,0.1386
545,0.0,2025-11-23,0.1144,1523.0198,1637.4743999999998,24.063712840000004,0.0,26.690832719999996,0.0,0.0,0.0,0.13019999999999998
546,0.0,2025-11-24,0.1298,1871.36,1824.8093999999999,31.251711999999998,0.0,34.6713786,0.0,0.0,0.0,0.12960000000000002
547,0.0,2025-11-25,0.1346,1649.6064,1778.397,29.19803328,0.0,35.3901003,0.0,0.0,0.0,0.1188
548,0.0,2025-11-26,0.1286,1803.6168,1863.0531999999998,33.72763416,0.0,35.398010799999994,0.0,0.0,0.0,0.1448
549,0.0,2025-11-27,0.1412,2219.286,1964.0756000000001,51.4874352,0.0,40.65636492,0.0,0.0,0.0,0.151
550,0.0,2025-11-28,0.1244,1895.6916,1835.2576000000001,43.98004512,0.0,30.281750400000004,0.0,0.0,0.0,0.1332
551,0.0,2025-11-29,0.1168,2049.72,1831.7567999999999,37.509876,0.0,34.803379199999995,0.0,0.0,0.0,0.1165
552,0.0,2025-11-30,0.1117,2057.0889,1272.0456,43.81599357,0.0,27.221775840000003,0.0,0.0,0.0,0.10210000000000001
553,0.0,2025-12-01,0.1051,1722.4398,2017.9995000000001,32.89860018,0.0,43.992389100000004,0.0,0.0,0.0,0.12210000000000001
554,0.0,2025-12-02,0.1081,259.7196,1666.9611,4.51912104,0.0,31.17217257,0.0,0.0,0.0,0.1166
555,0.0,2025-12-03,0.0,800.6448,0.0,14.891993280000003,0.0,0.0,0.0,0.0,0.0,0.12210000000000001
