,夜硫化铜折铜,白班氧化铜折铜,精铜矿,夜班折干,电解铜矿,取数日期,白班氧化铜,夜班氧化铜折铜,合计氧化铜,夜班氧化铜,合计氧化铜折铜,白班折干,合计硫化铜,夜班硫化铜,白硫化铜折铜,合计折干,白班硫化铜,合计硫化铜折铜
0,0.0,67.64882255999999,0.0,4277.6732999999995,152.34675389999995,2024-04-01,0.019799999999999998,84.69793133999998,0.0,0.019799999999999998,0.0,3416.6072,0.0,0.0,0.0,0.0,0.0,0.0
1,0.0,64.8911328,0.0,3852.8635,146.95712534999998,2024-04-02,0.018799999999999997,82.06599254999999,0.0,0.0213,0.0,3451.656,0.0,0.0,0.0,0.0,0.0,0.0
2,19.725426,96.17683504,73.4163776,4696.53,199.03084203999998,2024-06-01,0.0206,102.854007,0.0,0.0219,0.0,4668.7784,0.0,0.0042,53.6909516,0.0,0.0115,0.0
3,61.879580399999995,83.18268766,114.68656750999999,4687.847,168.50150306,2024-06-02,0.0178,85.3188154,0.0,0.0182,0.0,4673.1847,0.0,0.0132,52.806987109999994,0.0,0.0113,0.0
4,9.21236756,108.833592,59.97089156,2093.7199,159.50161358,2024-06-03,0.023799999999999998,50.66802158,0.0,0.0242,0.0,4572.84,0.0,0.0044,50.758524,0.0,0.0111,0.0
5,44.4474264,103.20948960000001,91.90536134999999,4831.242,210.46306200000004,2024-06-04,0.022400000000000003,107.25357240000001,0.0,0.0222,0.0,4607.5665,0.0,0.0092,47.45793495,0.0,0.0103,0.0
6,62.13606168,62.059065600000004,110.03602008,4707.2774,159.02898004,2024-06-05,0.0206,96.96991444,0.0,0.0206,0.0,3012.576,0.0,0.0132,47.8999584,0.0,0.0159,0.0
7,24.90333384,86.28535047999999,75.80199564,1886.6162,119.11247236,2024-06-06,0.0178,32.82712188,0.0,0.0174,0.0,4847.491599999999,0.0,0.0132,50.8986618,0.0,0.0105,0.0
8,34.46837856,0.0,34.46837856,3916.8612,70.5035016,2024-06-07,0.0,70.5035016,0.0,0.018000000000000002,0.0,0.0,0.0,0.0088,0.0,0.0,0.0,0.0
9,42.522264400000005,68.98515119999999,68.61664768,4832.0755,155.9625102,2024-06-08,0.023,86.977359,0.0,0.018000000000000002,0.0,2999.3543999999997,0.0,0.0088,26.094383279999995,0.0,0.0087,0.0
10,29.41811136,79.57502784000002,79.50774942000001,3342.9672,146.10007512000004,2024-06-09,0.022400000000000003,66.52504728000001,0.0,0.0199,0.0,3552.4566000000004,0.0,0.0088,50.089638060000006,0.0,0.0141,0.0
11,38.37173010000001,0.0,38.37173010000001,3586.143,68.85394559999999,2024-06-10,0.0,68.85394559999999,0.0,0.0192,0.0,0.0,0.0,0.010700000000000001,0.0,0.0,0.0,0.0
12,24.547732560000004,56.165683200000004,56.77917576,3147.1452000000004,114.07315488,2024-06-11,0.0176,57.90747168000001,0.0,0.0184,0.0,3191.232,0.0,0.0078000000000000005,32.2314432,0.0,0.0101,0.0
13,26.22428755,0.0,26.22428755,3085.2102999999997,69.41723174999998,2024-06-12,0.0,69.41723174999998,0.0,0.0225,0.0,0.0,0.0,0.0085,0.0,0.0,0.0,0.0
14,49.353202800000005,72.8149824,78.1977852,2741.8446,128.47442777999998,2024-06-13,0.0207,55.659445379999994,0.0,0.0203,0.0,3517.632,0.0,0.018000000000000002,28.844582399999997,0.0,0.008199999999999999,0.0
15,0.0,79.4499216,28.0411488,0.0,79.4499216,2024-06-14,0.023799999999999998,0.0,0.0,0.0,0.0,3338.232,0.0,0.0,28.0411488,0.0,0.0084,0.0
16,29.7905045984,67.58482178,53.3610118384,3273.681824,173.3247446952,2024-06-15,0.0281,105.7399229152,0.0,0.0323,0.0,2405.1538,0.0,0.0091,23.57050724,0.0,0.0098,0.0
17,31.105183499999995,89.97411360000001,50.93621261999999,4147.3578,185.77807878,2024-06-16,0.0245,95.80396517999999,0.0,0.0231,0.0,3672.4128,0.0,0.0075,19.83102912,0.0,0.0054,0.0
18,15.024136050000001,109.16663384,59.84752213,2116.0755000000004,167.57031764,2024-06-17,0.0302,58.40368380000001,0.0,0.0276,0.0,3614.7892,0.0,0.0070999999999999995,44.82338608,0.0,0.0124,0.0
19,50.484735840000006,100.55680037999998,83.88266232000001,3767.5176,209.43805902,2024-06-18,0.0277,108.88125864000001,0.0,0.028900000000000002,0.0,3630.2093999999997,0.0,0.0134,33.397926479999995,0.0,0.0092,0.0
20,40.40414784,61.12214639999999,73.89128124,3922.7327999999998,134.86952304,2024-06-19,0.018799999999999997,73.74737663999998,0.0,0.018799999999999997,0.0,3251.178,0.0,0.0103,33.4871334,0.0,0.0103,0.0
21,39.847691600000005,80.26320375,78.73075475000002,3945.3160000000003,177.31797735,2024-06-20,0.0225,97.0547736,0.0,0.0246,0.0,3567.2535000000003,0.0,0.0101,38.883063150000005,0.0,0.0109,0.0
22,0.0,47.58241440000001,27.006235200000003,0.0,47.58241440000001,2024-06-21,0.0222,0.0,0.0,0.0,0.0,2143.3520000000003,0.0,0.0,27.006235200000003,0.0,0.0126,0.0
23,24.516510059999995,113.019786,80.24695625999999,2989.8183,191.05404363,2024-06-22,0.028999999999999998,78.03425763,0.0,0.026099999999999998,0.0,3897.234,0.0,0.008199999999999999,55.7304462,0.0,0.0143,0.0
24,0.0,91.55481048,41.780965099999996,0.0,91.55481048,2024-06-23,0.0252,0.0,0.0,0.0,0.0,3633.1274,0.0,0.0,41.780965099999996,0.0,0.0115,0.0
25,46.69504979999999,54.18614871999999,79.33998365999999,4096.057,163.14126492,2024-06-24,0.024399999999999998,108.9551162,0.0,0.026600000000000002,0.0,2220.7437999999997,0.0,0.011399999999999999,32.644933859999995,0.0,0.0147,0.0
26,24.472427699999997,103.56360192,75.44513802,2497.1865,167.99101362,2024-06-25,0.0256,64.4274117,0.0,0.0258,0.0,4045.4532,0.0,0.0098,50.97271032,0.0,0.0126,0.0
27,58.918924,95.33078543999999,138.36124519999998,4149.22,181.63456143999997,2024-06-26,0.022799999999999997,86.303776,0.0,0.0208,0.0,4181.1748,0.0,0.014199999999999999,79.4423212,0.0,0.019,0.0
28,63.72233679999999,48.631124500000006,79.47120629999999,3389.486,120.48822770000001,2024-06-27,0.0281,71.8571032,0.0,0.0212,0.0,1730.6450000000002,0.0,0.018799999999999997,15.748869500000003,0.0,0.0091,0.0
29,13.495166399999999,91.15895682,66.01472999999999,1645.752,130.82158002,2024-06-28,0.024300000000000002,39.6626232,0.0,0.0241,0.0,3751.3974,0.0,0.008199999999999999,52.51956359999999,0.0,0.013999999999999999,0.0
30,0.0,86.9302272,41.0881152,0.0,86.9302272,2024-06-29,0.0256,0.0,0.0,0.0,0.0,3395.712,0.0,0.0,41.0881152,0.0,0.0121,0.0
31,41.500564559999994,90.3472804,89.95293671,3487.4424,183.81073672000002,2024-06-30,0.0248,93.46345632,0.0,0.0268,0.0,3643.0355000000004,0.0,0.011899999999999999,48.45237215000001,0.0,0.013300000000000001,0.0
32,33.9006528,66.45709125,59.0335164,3026.844,142.43087565000002,2024-07-01,0.0275,75.9737844,0.0,0.025099999999999997,0.0,2416.6215,0.0,0.011200000000000002,25.1328636,0.0,0.0104,0.0
33,11.98570464,100.414728,44.78784912,1051.3776,128.69678543999999,2024-07-02,0.03,28.282057440000003,0.0,0.0269,0.0,3347.1576,0.0,0.011399999999999999,32.802144479999995,0.0,0.0098,0.0
34,42.727903999999995,89.35477548,94.04410035999999,3683.44,192.12275148,2024-07-03,0.024900000000000002,102.767976,0.0,0.0279,0.0,3588.5452,0.0,0.0116,51.31619636,0.0,0.0143,0.0
35,45.597587,99.37499462,82.9123083,3831.73,190.57016862,2024-07-04,0.0253,91.195174,0.0,0.023799999999999998,0.0,3927.8654,0.0,0.011899999999999999,37.3147213,0.0,0.0095,0.0
36,30.477704400000004,96.64136239999999,67.67420000000001,3386.4116,181.3016524,2024-07-05,0.0278,84.66029,0.0,0.025,0.0,3476.308,0.0,0.009000000000000001,37.196495600000006,0.0,0.010700000000000001,0.0
37,36.01841598,0.0,36.01841598,3566.1798000000003,92.00743884,2024-07-06,0.0,92.00743884,0.0,0.0258,0.0,0.0,0.0,0.0101,0.0,0.0,0.0,0.0
38,30.05618288,1002.6079956499999,435.44280928000006,3377.0992,1099.8684526099998,2024-07-07,0.0277,97.26045696,0.0,0.0288,0.0,36195.2345,0.0,0.0089,405.38662640000007,0.0,0.011200000000000002,0.0
39,31.403760000000002,70.15373835,57.020062800000005,3140.376,154.31581515,2024-07-08,0.0241,84.16207680000001,0.0,0.0268,0.0,2910.9435,0.0,0.01,25.6163028,0.0,0.0088,0.0
40,35.15763258,57.96616012,57.488858199999996,3780.3905999999997,148.31749545999998,2024-07-09,0.024399999999999998,90.35133533999999,0.0,0.0239,0.0,2375.6623,0.0,0.009300000000000001,22.331225619999998,0.0,0.009399999999999999,0.0
41,33.5835236,0.0,33.5835236,3650.3830000000003,87.24415370000001,2024-07-10,0.0,87.24415370000001,0.0,0.0239,0.0,0.0,0.0,0.0092,0.0,0.0,0.0,0.0
42,42.47315632,90.03158911000001,98.1149968,3758.6864,182.87114319000003,2024-07-11,0.0233,92.83955408000001,0.0,0.024700000000000003,0.0,3864.0167,0.0,0.0113,55.64184048,0.0,0.0144,0.0
43,43.6382044,0.0,43.6382044,3861.788,95.38616360000002,2024-07-12,0.0,95.38616360000002,0.0,0.024700000000000003,0.0,0.0,0.0,0.0113,0.0,0.0,0.0,0.0
44,37.834784,0.0,37.834784,3673.28,95.137952,2024-07-13,0.0,95.137952,0.0,0.0259,0.0,1978.464,0.0,0.0103,0.0,0.0,0.0,0.0
45,56.3669268,72.25840448,92.80230871999998,3395.598,159.86483288,2024-07-14,0.0236,87.6064284,0.0,0.0258,0.0,3061.7967999999996,0.0,0.0166,36.43538191999999,0.0,0.011899999999999999,0.0
46,0.0,64.32087286,45.725739,0.0,64.32087286,2024-07-15,0.021099999999999997,0.0,0.0,0.0,0.0,3048.3826,0.0,0.0,45.725739,0.0,0.015,0.0
47,30.383591609999993,45.81672767999999,59.257675199999994,2185.8698999999997,101.33782313999998,2024-07-16,0.0192,55.52109545999999,0.0,0.0254,0.0,2386.2879,0.0,0.0139,28.874083589999998,0.0,0.0121,0.0
48,30.880956190000003,73.68714143999999,86.93021803,2357.3249,119.89070948,2024-07-17,0.018799999999999997,46.20356804,0.0,0.0196,0.0,3919.5288,0.0,0.0131,56.04926184,0.0,0.0143,0.0
49,55.31905536,72.75523082,113.30713537,3663.5135999999998,145.29280009999997,2024-07-18,0.0202,72.53756927999999,0.0,0.019799999999999998,0.0,3601.7441,0.0,0.0151,57.98808001,0.0,0.0161,0.0
50,61.621066049999996,70.14882336000001,114.71713677,3780.4335,139.70879976,2024-07-19,0.0181,69.5599764,0.0,0.0184,0.0,3875.6256000000003,0.0,0.0163,53.09607072000001,0.0,0.0137,0.0
51,40.27469166,57.163044000000006,78.94380966,3628.3506,129.73005600000002,2024-07-20,0.0204,72.567012,0.0,0.02,0.0,2802.11,0.0,0.0111,38.669118000000005,0.0,0.0138,0.0
52,36.902350799999994,68.11162644000001,74.49401347999999,3765.546,144.17565564,2024-07-21,0.0183,76.0640292,0.0,0.0202,0.0,3721.9468,0.0,0.0098,37.59166268,0.0,0.0101,0.0
53,26.555782,74.18528970000001,73.19547890000001,2250.4900000000002,126.84675570000002,2024-07-22,0.023700000000000002,52.661466,0.0,0.023399999999999997,0.0,3130.181,0.0,0.0118,46.639696900000004,0.0,0.0149,0.0
54,51.40911636,85.792608,107.02890036000001,3497.2188,162.38169972,2024-07-23,0.0236,76.58909172,0.0,0.0219,0.0,3635.28,0.0,0.0147,55.61978400000001,0.0,0.015300000000000001,0.0
55,48.66234723,20.602164000000002,65.93180823,3451.2303,95.14873848,2024-07-24,0.0204,74.54657448,0.0,0.0216,0.0,1009.9100000000001,0.0,0.0141,17.269461000000003,0.0,0.0171,0.0
56,54.12569976,53.01214775999999,91.09469754,3425.6772,130.08988476,2024-07-25,0.022799999999999997,77.077737,0.0,0.0225,0.0,2325.0942,0.0,0.0158,36.96899778,0.0,0.0159,0.0
57,45.77977056,83.79521722,88.33718403,3366.1596,159.87042418,2024-07-26,0.0254,76.07520695999999,0.0,0.0226,0.0,3299.0243,0.0,0.013600000000000001,42.55741347,0.0,0.0129,0.0
58,57.371986750000005,0.0,57.371986750000005,3701.4185,82.54163255,2024-07-27,0.0,82.54163255,0.0,0.0223,0.0,0.0,0.0,0.0155,0.0,0.0,0.0,0.0
59,43.53400679999999,94.52419776,79.96520802,3510.807,183.34761486,2024-07-28,0.0288,88.82341709999999,0.0,0.0253,0.0,3282.0902,0.0,0.0124,36.431201220000005,0.0,0.0111,0.0
60,31.90510818,100.2439152,78.49282518,3222.7382000000002,198.85970412,2024-07-29,0.031200000000000002,98.61578892000001,0.0,0.030600000000000002,0.0,3212.946,0.0,0.009899999999999999,46.587717,0.0,0.014499999999999999,0.0
61,39.2649937,104.40711008,83.64711018,3602.293,211.39521218,2024-07-30,0.0287,106.9881021,0.0,0.0297,0.0,3637.8784,0.0,0.0109,44.38211648,0.0,0.012199999999999999,0.0
62,44.93109375,29.1863845,56.385372950000004,3594.4874999999997,124.0808545,2024-07-31,0.0265,94.89447,0.0,0.0264,0.0,1101.373,0.0,0.0125,11.4542792,0.0,0.0104,0.0
63,65.27160552000001,66.2439744,98.68161,3566.7544000000003,163.97304496,2024-08-01,0.023,97.72907056000001,0.0,0.0274,0.0,2880.1728000000003,0.0,0.0183,33.41000448,0.0,0.0116,0.0
64,50.45328000000001,96.58434978,99.67059234000001,3709.8,202.31364978,2024-08-02,0.026099999999999998,105.72930000000001,0.0,0.0285,0.0,3700.5498000000002,0.0,0.013600000000000001,49.21731234000001,0.0,0.013300000000000001,0.0
65,43.02276929999999,83.49191962999998,86.93087046,3526.4565,169.89010387999997,2024-08-03,0.025099999999999997,86.39818425,0.0,0.0245,0.0,3326.3713,0.0,0.012199999999999999,43.908101159999994,0.0,0.0132,0.0
66,0.0,100.15340543999999,55.38786816,0.0,100.15340543999999,2024-08-04,0.0264,0.0,0.0,0.0,0.0,3793.6895999999997,0.0,0.0,55.38786816,0.0,0.0146,0.0
67,55.21900509000001,80.79451739999999,102.46325679,3609.0853,166.69074754,2024-08-05,0.0236,85.89623014,0.0,0.023799999999999998,0.0,3423.4964999999997,0.0,0.015300000000000001,47.24425169999999,0.0,0.0138,0.0
68,6.685604100000001,92.57027597999999,51.4221687,454.80300000000005,102.89430408,2024-08-06,0.0269,10.324028100000001,0.0,0.0227,0.0,3441.2742,0.0,0.0147,44.7365646,0.0,0.013000000000000001,0.0
69,40.93106052,85.68535822,79.05092461000001,3528.5397000000003,171.07601896,2024-08-07,0.0254,85.39066074,0.0,0.0242,0.0,3373.4393,0.0,0.0116,38.11986409,0.0,0.0113,0.0
70,33.203471400000005,74.95600896,72.73723140000001,2477.871,141.61073886000003,2024-08-08,0.023700000000000002,66.6547299,0.0,0.0269,0.0,3162.7008,0.0,0.0134,39.53376,0.0,0.0125,0.0
71,0.0,88.05231864,40.023781199999995,174.0,88.05231864,2024-08-09,0.0253,0.0,0.0,0.0,0.0,3480.3288,0.0,0.0,40.023781199999995,0.0,0.0115,0.0
72,60.0669838,65.47580543999999,98.91777292,3618.493,149.06299373999997,2024-08-10,0.0241,83.5871883,0.0,0.0231,0.0,2716.8383999999996,0.0,0.0166,38.850789119999995,0.0,0.0143,0.0
73,41.570146799999996,90.08334192,88.21409064,3464.1789,174.26288919,2024-08-11,0.0253,84.17954727,0.0,0.024300000000000002,0.0,3560.6063999999997,0.0,0.012,46.64394384,0.0,0.0131,0.0
74,42.58232,0.0,42.58232,3406.5856,92.31846976,2024-08-12,0.0,92.31846976,0.0,0.0271,0.0,0.0,0.0,0.0125,0.0,0.0,0.0,0.0
75,47.0199488,0.0,47.0199488,3311.264,85.0994848,2024-08-13,0.0,85.0994848,0.0,0.025699999999999997,0.0,0.0,0.0,0.014199999999999999,0.0,0.0,0.0,0.0
76,3.62790978,119.23289749999999,15.551199529999998,1909.4261999999999,155.70293791999998,2024-08-22,0.025,36.47004042,0.0,0.0191,0.0,4769.3159,0.0,0.0019,11.923289749999999,0.0,0.0025,0.0
77,9.5814048,77.91940407999999,16.73726844,3992.252,156.96599368,2024-08-23,0.0196,79.04658959999999,0.0,0.019799999999999998,0.0,3975.4798,0.0,0.0024,7.15586364,0.0,0.0018,0.0
78,7.33272016,83.548168,14.750548160000001,3859.3264,152.24417792,2024-08-24,0.021400000000000002,68.69600992,0.0,0.0178,0.0,3904.12,0.0,0.0019,7.417828,0.0,0.0019,0.0
79,4.984181399999999,102.80201584,15.358696759999999,4153.4845,181.71822133999999,2024-08-25,0.0218,78.91620549999999,0.0,0.019,0.0,4715.6888,0.0,0.0012,10.37451536,0.0,0.0022,0.0
80,8.891789399999999,70.15129628,63.17175168,3419.919,135.47174918,2024-08-26,0.022099999999999998,65.32045289999999,0.0,0.0191,0.0,3174.2668,0.0,0.0026,54.27996228,0.0,0.0171,0.0
81,57.89832562,90.68594626000001,115.54080968,3834.3262,184.62693816,2024-08-27,0.024700000000000003,93.9409919,0.0,0.0245,0.0,3671.4957999999997,0.0,0.0151,57.64248406,0.0,0.015700000000000002,0.0
82,56.565599999999996,78.3966967,120.5112927,3535.35,157.58853670000002,2024-08-28,0.0217,79.19184000000001,0.0,0.022400000000000003,0.0,3612.751,0.0,0.016,63.9456927,0.0,0.0177,0.0
83,51.80776999999999,49.59753984,81.25630927999998,3700.555,132.86002734,2024-08-29,0.0256,83.26248749999999,0.0,0.0225,0.0,1937.4039,0.0,0.013999999999999999,29.44853928,0.0,0.0152,0.0
84,31.294755,98.02723243999999,97.66338707999999,2086.317,148.93336724,2024-08-30,0.025699999999999997,50.9061348,0.0,0.024399999999999998,0.0,3814.2892,0.0,0.015,66.36863208,0.0,0.0174,0.0
85,57.90981469,94.38536694000001,105.26467233,3596.8829,182.86868628000002,2024-08-31,0.0291,88.48331934000001,0.0,0.0246,0.0,3243.4834,0.0,0.0161,47.35485764,0.0,0.0146,0.0
86,35.5735296,102.68355852,92.03054148000001,2470.384,165.92538892000002,2024-09-01,0.0271,63.241830400000005,0.0,0.0256,0.0,3789.0612,0.0,0.0144,56.45701188,0.0,0.0149,0.0
87,54.4736232,87.28499626000001,108.66170638,3947.364,197.02171546,2024-09-02,0.0269,109.7367192,0.0,0.0278,0.0,3244.7954000000004,0.0,0.0138,54.18808318000001,0.0,0.0167,0.0
88,54.719699999999996,92.7428304,102.49630959999999,3853.5,189.4656804,2024-09-03,0.0264,96.72285,0.0,0.025099999999999997,0.0,3512.986,0.0,0.014199999999999999,47.7766096,0.0,0.013600000000000001,0.0
89,59.368532640000005,90.97170472,120.26088338000001,3781.4352,181.348006,2024-09-04,0.0248,90.37630128,0.0,0.0239,0.0,3668.2139,0.0,0.015700000000000002,60.892350740000005,0.0,0.0166,0.0
90,53.833315410000004,93.02495496,109.93233405000001,3662.1303000000003,183.8457864,2024-09-05,0.0262,90.82083144,0.0,0.0248,0.0,3550.5708,0.0,0.0147,56.099018640000004,0.0,0.0158,0.0
91,50.19838722,40.47017715,77.33356347,3438.2457,117.48688083,2024-09-06,0.026099999999999998,77.01670368,0.0,0.022400000000000003,0.0,1550.5815,0.0,0.0146,27.135176250000004,0.0,0.0175,0.0
92,43.2937764,91.02126200999999,92.61206976,3436.0139999999997,162.49035320999997,2024-09-07,0.025099999999999997,71.4690912,0.0,0.0208,0.0,3626.3451,0.0,0.0126,49.318293360000006,0.0,0.013600000000000001,0.0
93,34.50026875,21.28051712,43.56111393,2760.0215,88.34903957,2024-09-08,0.0256,67.06852245,0.0,0.024300000000000002,0.0,831.2701999999999,0.0,0.0125,9.06084518,0.0,0.0109,0.0
94,53.56698776,55.21455047999999,88.99994731999999,3745.9432,154.10745096,2024-09-09,0.0254,98.89290048000001,0.0,0.0264,0.0,2173.8012,0.0,0.0143,35.43295955999999,0.0,0.0163,0.0
95,0.0,84.03265739999999,60.64965708,745.0,84.03265739999999,2024-09-10,0.023,0.0,0.0,0.0,0.0,3653.5937999999996,0.0,0.0,60.64965708,0.0,0.0166,0.0
96,54.2205894,85.071168,118.02396540000001,3713.739,173.8295301,2024-09-11,0.0216,88.7583621,0.0,0.0239,0.0,3938.48,0.0,0.0146,63.80337600000001,0.0,0.016200000000000003,0.0
97,58.892126000000005,77.18110920000001,93.471476,3799.492,171.78846000000001,2024-09-12,0.0279,94.6073508,0.0,0.024900000000000002,0.0,2766.348,0.0,0.0155,34.57935,0.0,0.0125,0.0
98,63.68005691999999,78.51116496,109.41471612,3882.9303,173.25466428,2024-09-13,0.0206,94.74349932,0.0,0.024399999999999998,0.0,3811.2216000000003,0.0,0.016399999999999998,45.7346592,0.0,0.012,0.0
99,61.80362768,50.09174508,101.55033845,3791.6336,149.4325454,2024-09-14,0.0276,99.34080032000001,0.0,0.0262,0.0,1814.9183,0.0,0.0163,39.74671077,0.0,0.0219,0.0
100,58.05405060000001,71.3072508,94.58337908000001,3674.3070000000002,172.71812400000002,2024-09-15,0.0285,101.41087320000001,0.0,0.0276,0.0,2502.0088,0.0,0.0158,36.529328480000004,0.0,0.0146,0.0
101,73.95523872,104.363424,146.81988384,3954.8255999999997,212.72564544,2024-09-16,0.0275,108.36222144,0.0,0.0274,0.0,3795.0335999999998,0.0,0.0187,72.86464511999999,0.0,0.0192,0.0
102,61.929235170000005,91.3011,125.07916267000002,3621.5927,178.58148407,2024-09-17,0.024,87.28038407,0.0,0.0241,0.0,3804.2125,0.0,0.0171,63.149927500000004,0.0,0.0166,0.0
103,62.2895175,95.87477519999999,133.1697015,3559.401,183.0800997,2024-09-18,0.025699999999999997,87.2053245,0.0,0.0245,0.0,3730.536,0.0,0.0175,70.880184,0.0,0.019,0.0
104,55.831720399999995,95.55035246,114.51618884,3673.1394999999998,180.39987491,2024-09-19,0.0254,84.84952245,0.0,0.0231,0.0,3761.8249,0.0,0.0152,58.68446844,0.0,0.015600000000000001,0.0
105,47.26431,89.54137575000001,103.75607925,3501.06,174.26702775,2024-09-20,0.0233,84.725652,0.0,0.0242,0.0,3842.9775000000004,0.0,0.013500000000000002,56.491769250000004,0.0,0.0147,0.0
106,55.1516199,81.76329512999999,103.39509672,3701.451,178.37116622999997,2024-09-21,0.026099999999999998,96.6078711,0.0,0.026099999999999998,0.0,3132.6933,0.0,0.0149,48.24347682,0.0,0.0154,0.0
107,56.5091226,108.28808000000001,114.2897026,3844.158,204.39203,2024-09-22,0.0268,96.10395,0.0,0.025,0.0,4040.6,0.0,0.0147,57.78058,0.0,0.0143,0.0
108,57.61812474,101.95821124,112.69044321999999,3946.4469,198.64616029,2024-09-23,0.0274,96.68794905,0.0,0.0245,0.0,3721.1025999999997,0.0,0.0146,55.07231848,0.0,0.0148,0.0
109,34.98057024,125.7639435,89.00288273999999,2843.9488,200.84419182,2024-09-24,0.0291,75.08024832000001,0.0,0.0264,0.0,4321.785,0.0,0.0123,54.0223125,0.0,0.0125,0.0
110,61.828404639999995,130.82247999999998,115.00141264,4067.6582,258.14018166,2024-09-25,0.031,127.31770166,0.0,0.0313,0.0,4220.08,0.0,0.0152,53.173008,0.0,0.0126,0.0
111,58.45883160000001,131.622628,123.60087800000001,4298.4435,279.05924005,2024-09-26,0.029500000000000002,147.43661205000004,0.0,0.034300000000000004,0.0,4461.784,0.0,0.013600000000000001,65.1420464,0.0,0.0146,0.0
112,67.54724676000001,115.884054,122.79429576000001,4473.3276000000005,250.08388200000002,2024-09-27,0.0258,134.19982800000002,0.0,0.03,0.0,4491.63,0.0,0.0151,55.247049000000004,0.0,0.0123,0.0
113,10.06618176,0.0,10.06618176,977.2991999999999,27.071187839999997,2024-09-28,0.0,27.071187839999997,0.0,0.0277,0.0,1460.0,0.0,0.0103,0.0,0.0,0.0,0.0
114,46.590736500000006,25.8912603,60.72066720000001,2823.681,104.3895921,2024-09-29,0.0317,78.4983318,0.0,0.0278,0.0,816.759,0.0,0.0165,14.1299307,0.0,0.0173,0.0
115,50.124985679999995,106.5589344,91.41165767999999,3797.3473999999997,227.31458171999998,2024-09-30,0.0271,120.75564732,0.0,0.0318,0.0,3932.064,0.0,0.0132,41.286672,0.0,0.0105,0.0
116,2.2428089599999996,87.58133392,9.17994432,773.3824,103.9770408,2024-10-01,0.0202,16.39570688,0.0,0.0212,0.0,4335.7096,0.0,0.0029,6.937135360000001,0.0,0.0016,0.0
117,7.213296,73.12097990000001,15.1182668,2254.1549999999997,119.5565729,2024-10-02,0.018500000000000003,46.435593,0.0,0.0206,0.0,3952.4854,0.0,0.0032,7.9049708,0.0,0.002,0.0
118,14.682355200000002,0.0,14.682355200000002,4894.1184,92.9882496,2024-10-03,0.0,92.9882496,0.0,0.019,0.0,173.0,0.0,0.003,0.0,0.0,0.0,0.0
119,10.9613946,101.88804416,21.30341412,4215.921,204.33492446000002,2024-10-04,0.026600000000000002,102.44688030000002,0.0,0.024300000000000002,0.0,3830.3776,0.0,0.0026,10.34201952,0.0,0.0027,0.0
120,1.07525304,85.38647155999999,6.05889924,448.0221,101.06724505999999,2024-10-05,0.025699999999999997,15.680773500000003,0.0,0.035,0.0,3322.4308,0.0,0.0024,4.9836462,0.0,0.0015,0.0
121,1.8335522499999999,119.0171524,14.25273337,733.4209,137.13264863,2024-10-06,0.023,18.11549623,0.0,0.024700000000000003,0.0,5174.6588,0.0,0.0025,12.41918112,0.0,0.0024,0.0
122,5.64059304,45.44839854,10.324206629999999,3133.6628,117.83600922,2024-10-07,0.0262,72.38761068,0.0,0.0231,0.0,1734.6716999999999,0.0,0.0018,4.68361359,0.0,0.0027,0.0
123,2.30229839,107.16991376,13.12233776,1000.9993,137.90059227,2024-10-08,0.0208,30.730678509999997,0.0,0.030699999999999998,0.0,5152.3997,0.0,0.0023,10.82003937,0.0,0.0021,0.0
124,9.161695199999999,121.31880305999998,18.337066859999997,3817.373,200.33842416,2024-10-09,0.023799999999999998,79.0196211,0.0,0.0207,0.0,5097.4286999999995,0.0,0.0024,9.175371659999998,0.0,0.0018,0.0
125,14.26678635,87.53538213000002,26.15430738,4919.5815,206.09729628000002,2024-10-10,0.024300000000000002,118.56191415,0.0,0.0241,0.0,3602.2791,0.0,0.0029,11.88752103,0.0,0.0033,0.0
126,3.26958984,91.3721616,10.094066640000001,1816.4388000000001,132.06039072000002,2024-10-11,0.0241,40.68822912000001,0.0,0.022400000000000003,0.0,3791.376,0.0,0.0018,6.8244768,0.0,0.0018,0.0
127,6.474985440000001,43.71313149,12.411336630000001,2312.4948,96.43801292999999,2024-10-12,0.024300000000000002,52.72488143999999,0.0,0.022799999999999997,0.0,1798.8943,0.0,0.0028000000000000004,5.93635119,0.0,0.0033,0.0
128,10.02778748,117.98106371999998,21.12002424,4359.9076000000005,223.05483687999998,2024-10-13,0.023399999999999997,105.07377316000002,0.0,0.0241,0.0,5041.9258,0.0,0.0023,11.09223676,0.0,0.0022,0.0
129,0.6265225299999999,91.30633968,7.067218690000001,272.4011,97.32640398999999,2024-10-14,0.0241,6.0200643099999995,0.0,0.022099999999999998,0.0,3788.6448,0.0,0.0023,6.440696160000001,0.0,0.0017000000000000001,0.0
130,13.2791724,54.98510226,17.6258208,4918.2119999999995,171.05490546,2024-10-15,0.0253,116.06980319999998,0.0,0.0236,0.0,2173.3242,0.0,0.0027,4.3466484,0.0,0.002,0.0
131,7.12793529,59.24750999999999,15.718824239999998,3099.1023,125.56829922,2024-10-16,0.02,66.32078922000001,0.0,0.021400000000000002,0.0,2962.3754999999996,0.0,0.0023,8.590888949999998,0.0,0.0029,0.0
132,6.783616,38.11332474,11.90996962,4239.76,112.73310074,2024-10-17,0.0171,74.619776,0.0,0.0176,0.0,2228.8494,0.0,0.0016,5.12635362,0.0,0.0023,0.0
133,6.88744342,51.2070528,11.89682902,2649.0167,91.73700831000001,2024-10-18,0.0184,40.52995551000001,0.0,0.015300000000000001,0.0,2782.992,0.0,0.0026,5.0093856,0.0,0.0018,0.0
134,5.0672061,70.85414772,16.44524442,1876.743,95.06413241999999,2024-10-19,0.0137,24.2099847,0.0,0.0129,0.0,5171.8356,0.0,0.0027,11.378038320000002,0.0,0.0022,0.0
135,2.42669118,0.0,2.42669118,1427.4654,19.84176906,2024-10-20,0.0,19.84176906,0.0,0.0139,0.0,0.0,0.0,0.0017000000000000001,0.0,0.0,0.0,0.0
136,8.63743548,31.289356799999997,12.54860508,5080.8444,111.05861388000001,2024-10-21,0.0144,79.76925708000002,0.0,0.015700000000000002,0.0,2172.872,0.0,0.0017000000000000001,3.9111695999999996,0.0,0.0018,0.0
137,5.765322960000001,74.54113488000002,16.483656080000003,3202.9572000000003,123.86667576000002,2024-10-22,0.015300000000000001,49.325540880000005,0.0,0.0154,0.0,4871.9696,0.0,0.0018,10.718333120000002,0.0,0.0022,0.0
138,9.2087376,76.1675952,20.019622079999998,4846.704,158.5615632,2024-10-23,0.0155,82.393968,0.0,0.017,0.0,4914.0383999999995,0.0,0.0019,10.810884479999999,0.0,0.0022,0.0
139,10.46359776,73.67831483999998,18.7469586,4982.6656,159.38016316,2024-10-24,0.0169,85.70184832000001,0.0,0.0172,0.0,4359.6636,0.0,0.0021,8.28336084,0.0,0.0019,0.0
140,7.5796544,73.8962994,15.7370381,4737.284,152.5352138,2024-10-25,0.0154,78.63891439999999,0.0,0.0166,0.0,4798.461,0.0,0.0016,8.1573837,0.0,0.0017000000000000001,0.0
141,5.8827195,61.77841080000001,11.7477585,3921.813,128.0570505,2024-10-26,0.0158,66.2786397,0.0,0.0169,0.0,3910.0260000000003,0.0,0.0015,5.865039,0.0,0.0015,0.0
142,2.0874419,83.76747959999999,13.0569928,1227.907,104.39631719999998,2024-10-27,0.0168,20.628837599999997,0.0,0.0168,0.0,4986.1595,0.0,0.0017000000000000001,10.9695509,0.0,0.0022,0.0
143,10.63543488,59.49418752,15.9031494,5064.4928,163.8227392,2024-10-28,0.0192,104.32855168,0.0,0.0206,0.0,3098.6556,0.0,0.0021,5.26771452,0.0,0.0017000000000000001,0.0
144,6.0997136,94.2171076,15.16874,3049.8568,156.43418632,2024-10-29,0.0187,62.21707872,0.0,0.0204,0.0,5038.348,0.0,0.002,9.0690264,0.0,0.0018,0.0
145,9.35569842,111.83538374999998,21.95686842,4924.0518,206.37717830999998,2024-10-30,0.0213,94.54179456,0.0,0.0192,0.0,5250.487499999999,0.0,0.0019,12.601169999999998,0.0,0.0024,0.0
146,3.92979888,59.6730834,12.13879448,2068.3152,100.21206132,2024-10-31,0.0189,40.53897792,0.0,0.0196,0.0,3157.306,0.0,0.0019,8.2089956,0.0,0.0026,0.0
147,67.31706239999998,116.83684788,131.55577211999997,4674.795999999999,236.51162547999996,2024-11-01,0.0271,119.67477759999998,0.0,0.0256,0.0,4311.3228,0.0,0.0144,64.23870972,0.0,0.0149,0.0
148,9.630936000000002,95.13123576,17.223569840000003,4815.468000000001,198.18225096000003,2024-11-02,0.0213,103.05101520000002,0.0,0.021400000000000002,0.0,4466.2552,0.0,0.002,7.5926338399999995,0.0,0.0017000000000000001,0.0
149,11.05411395,91.68326051999999,18.900879489999998,4806.1365,192.61212702,2024-11-03,0.0222,100.9288665,0.0,0.021,0.0,4129.8766,0.0,0.0023,7.846765539999999,0.0,0.0019,0.0
150,12.9847482,38.89188684,18.2168406,4809.166,160.08287004,2024-11-04,0.0223,121.1909832,0.0,0.0252,0.0,1744.0308,0.0,0.0027,5.2320924,0.0,0.003,0.0
151,6.264174700000001,50.19742968999999,10.63822459,4474.4105,154.00375329,2024-11-05,0.0241,103.8063236,0.0,0.0232,0.0,2082.8808999999997,0.0,0.0014000000000000002,4.374049889999999,0.0,0.0021,0.0
152,6.0972045,97.32401112,15.2356093,3209.0550000000003,167.92322112,2024-11-06,0.0213,70.59921000000001,0.0,0.022000000000000002,0.0,4569.2024,0.0,0.0019,9.1384048,0.0,0.002,0.0
153,5.937885800000001,46.41408,9.805725800000001,2699.039,96.61620540000001,2024-11-07,0.0192,50.20212540000001,0.0,0.018600000000000002,0.0,2417.4,0.0,0.0022,3.86784,0.0,0.0016,0.0
154,11.193468,106.38499200000001,23.95966704,5087.94,212.722938,2024-11-08,0.02,106.33794599999999,0.0,0.0209,0.0,5319.2496,0.0,0.0022,12.766199039999998,0.0,0.0024,0.0
155,0.0376362,31.882954400000006,1.7767064399999999,25.0908,32.39229764000001,2024-11-09,0.022000000000000002,0.50934324,0.0,0.0203,0.0,1449.2252,0.0,0.0015,1.73907024,0.0,0.0012,0.0
156,10.201699200000002,35.601489,11.938357200000002,4637.136,132.05391780000002,2024-11-10,0.0246,96.4524288,0.0,0.0208,0.0,1447.215,0.0,0.0022,1.7366579999999998,0.0,0.0012,0.0
157,9.48956526,28.010187000000002,13.099767139999999,5271.9807,142.41216819,2024-11-11,0.0225,114.40198119,0.0,0.0217,0.0,1244.8972,0.0,0.0018,3.61020188,0.0,0.0029,0.0
158,14.95273624,115.8891624,28.34696104,5751.0524000000005,242.41231520000002,2024-11-12,0.0199,126.52315280000002,0.0,0.022000000000000002,0.0,5823.576,0.0,0.0026,13.3942248,0.0,0.0023,0.0
159,13.656142079999999,112.9764384,28.06640208,5690.0592,226.20861648,2024-11-13,0.0196,113.23217808,0.0,0.0199,0.0,5764.104,0.0,0.0024,14.410260000000001,0.0,0.0025,0.0
160,5.4063873000000005,36.96969345,8.674426500000001,2845.467,95.87086035,2024-11-14,0.0181,58.9011669,0.0,0.0207,0.0,2042.5245,0.0,0.0019,3.2680392,0.0,0.0016,0.0
161,9.748389900000001,108.20761119999999,17.806403500000002,5734.347000000001,204.5446408,2024-11-15,0.018799999999999997,96.33702960000001,0.0,0.0168,0.0,5755.724,0.0,0.0017000000000000001,8.0580136,0.0,0.0014000000000000002,0.0
162,12.3257736,16.96761,13.7899836,5869.416,121.44321479999999,2024-11-16,0.0197,104.4756048,0.0,0.0178,0.0,861.3000000000001,0.0,0.0021,1.4642100000000002,0.0,0.0017000000000000001,0.0
163,6.08122645,108.51441215999999,17.04810853,3200.6455,168.36648301,2024-11-17,0.018799999999999997,59.852070850000004,0.0,0.0187,0.0,5772.0432,0.0,0.0019,10.96688208,0.0,0.0019,0.0
164,8.296264350000001,106.1517366,15.917414670000003,5530.842900000001,217.32167889,2024-11-18,0.0195,111.16994229,0.0,0.020099999999999996,0.0,5443.678800000001,0.0,0.0015,7.621150320000002,0.0,0.0014000000000000002,0.0
165,8.5867425,102.05114868000001,18.333200520000002,5724.495,207.95430618,2024-11-19,0.0178,105.9031575,0.0,0.018500000000000003,0.0,5733.2106,0.0,0.0015,9.746458020000002,0.0,0.0017000000000000001,0.0
166,7.62709675,89.12036735999999,18.01536043,5866.9975,193.55292286,2024-11-20,0.0163,104.4325555,0.0,0.0178,0.0,5467.5072,0.0,0.0013,10.38826368,0.0,0.0019,0.0
167,14.766947519999999,91.59096325,21.509840519999997,5679.5952,187.57612213,2024-11-21,0.0163,95.98515887999999,0.0,0.0169,0.0,5619.0775,0.0,0.0026,6.742893,0.0,0.0012,0.0
168,16.03522665,108.66569902999998,24.480747299999997,5529.3885,212.61820282999997,2024-11-22,0.019299999999999998,103.95250379999999,0.0,0.018799999999999997,0.0,5630.3471,0.0,0.0029,8.44552065,0.0,0.0015,0.0
169,10.76954276,113.18320125000001,20.61156026,5668.1804,244.11816849000002,2024-11-23,0.0207,130.93496724,0.0,0.0231,0.0,5467.7875,0.0,0.0019,9.8420175,0.0,0.0018,0.0
170,10.124365459999998,83.26116121,15.355433179999999,5328.613399999999,174.38045035,2024-11-24,0.0191,91.11928913999999,0.0,0.0171,0.0,4359.2231,0.0,0.0019,5.2310677199999995,0.0,0.0012,0.0
171,7.42770912,169.87788,18.828909120000002,5713.6224,322.43159807999996,2024-11-25,0.0298,152.55371807999998,0.0,0.026699999999999998,0.0,5700.6,0.0,0.0013,11.401200000000001,0.0,0.002,0.0
172,10.034495459999999,131.70273863999998,30.74581323,5574.7197,293.92708190999997,2024-11-26,0.0248,162.22434327,0.0,0.0291,0.0,5310.5943,0.0,0.0018,20.71131777,0.0,0.0039000000000000003,0.0
173,19.52741304,75.23888063999999,28.84599,5424.2814,196.20035586,2024-11-27,0.0218,120.96147522,0.0,0.0223,0.0,3451.3248,0.0,0.0036,9.31857696,0.0,0.0027,0.0
174,19.79667055,118.38870630000001,25.74313525,5350.4515,239.3089102,2024-11-28,0.0219,120.92020389999999,0.0,0.0226,0.0,5405.877,0.0,0.0037,5.946464700000001,0.0,0.0011,0.0
175,14.649793760000001,76.38616062,20.2712861,5232.0692,174.22585466,2024-11-29,0.0231,97.83969404000001,0.0,0.0187,0.0,3306.7602,0.0,0.0028000000000000004,5.6214923400000005,0.0,0.0017000000000000001,0.0
176,12.57479552,111.15189948,28.937257879999997,5467.3024000000005,237.99331516,2024-11-30,0.0197,126.84141568,0.0,0.0232,0.0,5642.2284,0.0,0.0023,16.36246236,0.0,0.0029,0.0
177,9.2194736,67.94855576999998,15.98212607,5762.171,191.25901517,2024-12-01,0.021099999999999997,123.31045940000001,0.0,0.021400000000000002,0.0,3220.3107,0.0,0.0016,6.76265247,0.0,0.0021,0.0
178,3.7798639200000004,23.31459315,4.81992012,1349.9514,51.66357255,2024-12-02,0.0269,28.3489794,0.0,0.021,0.0,866.7135,0.0,0.0028000000000000004,1.0400561999999998,0.0,0.0012,0.0
179,8.785055040000001,93.26699927999998,16.226570940000002,5490.6594000000005,205.27645103999998,2024-12-03,0.018799999999999997,112.00945176000002,0.0,0.0204,0.0,4961.0106,0.0,0.0016,7.4415159,0.0,0.0015,0.0
180,14.933996729999999,41.811963999999996,17.86083421,5531.1098999999995,141.92505319,2024-12-04,0.02,100.11308919,0.0,0.0181,0.0,2090.5982,0.0,0.0027,2.92683748,0.0,0.0014000000000000002,0.0
181,13.562169600000004,85.23533304,23.032762160000004,4843.6320000000005,184.52978904,2024-12-05,0.019799999999999998,99.294456,0.0,0.020499999999999997,0.0,4304.8148,0.0,0.0028000000000000004,9.47059256,0.0,0.0022,0.0
182,10.378322500000001,91.38377424000001,34.26271804,5462.275000000001,202.81418424000003,2024-12-06,0.0176,111.43041000000002,0.0,0.0204,0.0,5192.2599,0.0,0.0019,23.88439554,0.0,0.0046,0.0
183,5.55867708,104.26685191999998,10.32213732,2526.6713999999997,148.73626855999998,2024-12-07,0.0197,44.46941664,0.0,0.0176,0.0,5292.7336,0.0,0.0022,4.76346024,0.0,0.0009,0.0
184,12.93194688,98.74427288000001,23.492831680000002,5388.3112,207.58815912,2024-12-08,0.0187,108.84388624,0.0,0.0202,0.0,5280.4424,0.0,0.0024,10.5608848,0.0,0.002,0.0
185,11.508754949999998,86.81647712,19.58470631,5480.3595,203.00009852,2024-12-09,0.0172,116.18362139999999,0.0,0.0212,0.0,5047.4696,0.0,0.0021,8.075951360000001,0.0,0.0016,0.0
186,9.7327766,100.16717567999999,16.514929119999998,5122.514,194.93368468,2024-12-10,0.0192,94.76650900000001,0.0,0.018500000000000003,0.0,5217.0404,0.0,0.0019,6.7821525199999995,0.0,0.0013,0.0
187,11.976771600000001,82.40688324000001,20.349663480000004,5207.292,188.11491084,2024-12-11,0.0187,105.7080276,0.0,0.0203,0.0,4406.7852,0.0,0.0023,8.372891880000001,0.0,0.0019,0.0
188,11.948738560000002,86.34189252,14.698480360000001,5431.2448,176.5005562,2024-12-12,0.015700000000000002,90.15866368,0.0,0.0166,0.0,5499.4836,0.0,0.0022,2.7497418,0.0,0.0005,0.0
189,3.792987,100.95389915,14.296860899999999,1724.085,125.78072315,2024-12-13,0.0173,24.826824,0.0,0.0144,0.0,5835.4855,0.0,0.0022,10.503873899999999,0.0,0.0018,0.0
190,12.964168039999999,108.19082792,27.463969719999998,5636.5948,206.83123692,2024-12-14,0.0194,98.640409,0.0,0.0175,0.0,5576.8468,0.0,0.0023,14.49980168,0.0,0.0026,0.0
191,4.42016608,77.60817720000001,10.35200128,5525.207600000001,189.21737072000002,2024-12-15,0.015700000000000002,111.60919352,0.0,0.0202,0.0,4943.196,0.0,0.0008,5.931835199999999,0.0,0.0012,0.0
192,6.798872519999999,98.5211245,21.636391269999997,2344.4388,140.95546678,2024-12-16,0.0166,42.43434228,0.0,0.0181,0.0,5935.0075,0.0,0.0029,14.83751875,0.0,0.0025,0.0
193,16.70442224,101.25872127,29.562672559999996,5760.1456,193.42105087,2024-12-17,0.0189,92.16232959999999,0.0,0.016,0.0,5357.6043,0.0,0.0029,12.858250319999998,0.0,0.0024,0.0
194,3.87610678,30.60753168,10.35507334,1490.8103,52.96968618,2024-12-18,0.0137,22.3621545,0.0,0.015,0.0,2234.1264,0.0,0.0026,6.47896656,0.0,0.0029,0.0
195,6.15745416,99.0913748,10.38696406,5597.6856,181.37735312,2024-12-19,0.016399999999999998,82.28597832,0.0,0.0147,0.0,6042.157,0.0,0.0011,4.229509900000001,0.0,0.0007000000000000001,0.0
196,8.591787,93.84443496,18.848009400000002,5727.858,214.12945296,2024-12-20,0.0183,120.28501800000001,0.0,0.021,0.0,5128.1112,0.0,0.0015,10.2562224,0.0,0.002,0.0
197,18.8502633,103.97965536,25.4591397,5712.201,210.79781406,2024-12-21,0.0236,106.81815870000001,0.0,0.0187,0.0,4405.9176,0.0,0.0033,6.6088764,0.0,0.0015,0.0
198,18.16219847,124.78219096,27.599507029999998,5858.7737,233.16950441,2024-12-22,0.023799999999999998,108.38731345000001,0.0,0.018500000000000003,0.0,5242.9492,0.0,0.0031,9.43730856,0.0,0.0018,0.0
199,8.1637566,117.64339183999999,12.42234092,5442.5044,239.5554904,2024-12-23,0.022099999999999998,121.91209856000002,0.0,0.022400000000000003,0.0,5323.2304,0.0,0.0015,4.258584320000001,0.0,0.0008,0.0
200,7.994097300000001,113.44707556,16.056326020000004,5710.0695,244.77867406,2024-12-24,0.0197,131.33159849999998,0.0,0.023,0.0,5758.7348,0.0,0.0014000000000000002,8.062228720000002,0.0,0.0014000000000000002,0.0
201,14.454840000000003,121.540188,32.3964868,5781.936000000001,243.5390376,2024-12-25,0.021,121.9988496,0.0,0.021099999999999997,0.0,5787.628,0.0,0.0025,17.941646799999997,0.0,0.0031,0.0
202,7.42247272,101.61537407999998,26.475355359999995,5709.5944,220.37493759999998,2024-12-26,0.0192,118.75956352,0.0,0.0208,0.0,5292.4673999999995,0.0,0.0013,19.052882639999996,0.0,0.0036,0.0
203,6.4779171600000005,134.764245,13.50909516,5889.0156,263.73368664,2024-12-27,0.023,128.96944163999999,0.0,0.0219,0.0,5859.315,0.0,0.0011,7.031177999999999,0.0,0.0012,0.0
204,7.893709320000001,13.687283679999998,9.430037080000002,5638.3638,147.31650574000003,2024-12-28,0.0196,133.62922206000002,0.0,0.023700000000000002,0.0,698.3308,0.0,0.0014000000000000002,1.53632776,0.0,0.0022,0.0
205,5.95445942,99.03462275,13.256551420000001,2588.8954,150.55364121,2024-12-29,0.0217,51.51901846,0.0,0.0199,0.0,4563.8075,0.0,0.0023,7.302092,0.0,0.0016,0.0
206,1.54727982,106.32663804,6.19543886,859.5999,124.20631596000001,2024-12-30,0.0183,17.87967792,0.0,0.0208,0.0,5810.1988,0.0,0.0018,4.64815904,0.0,0.0008,0.0
207,20.91717771,117.81729491999998,28.79932068,5363.3789,229.37557603999997,2024-12-31,0.028399999999999998,111.55828111999999,0.0,0.0208,0.0,4148.4963,0.0,0.0039000000000000003,7.882142969999999,0.0,0.0019,0.0
208,16.306856440000004,130.2514334,56.022867280000014,5823.8773,256.04718308,2025-01-01,0.0305,125.79574968000001,0.0,0.0216,0.0,4270.5388,0.0,0.0028000000000000004,39.71601084000001,0.0,0.009300000000000001,0.0
209,41.4548869,114.89424375,86.99478715,4230.0905,239.6819135,2025-01-02,0.0275,124.78766975000002,0.0,0.029500000000000002,0.0,4177.9725,0.0,0.0098,45.539900249999995,0.0,0.0109,0.0
210,46.967847360000015,111.03385904999999,86.47427661,4193.5578000000005,215.87280405,2025-01-03,0.026699999999999998,104.83894500000002,0.0,0.025,0.0,4158.5715,0.0,0.011200000000000002,39.50642925,0.0,0.0095,0.0
211,45.38068416000001,88.73208480000001,103.66548496000001,4201.9152,194.62034784000002,2025-01-04,0.0204,105.88826304000001,0.0,0.0252,0.0,4349.612,0.0,0.0108,58.284800800000006,0.0,0.0134,0.0
212,60.22568160000001,104.21878266,120.82867416,4461.1616,197.01094394,2025-01-05,0.0227,92.79216128,0.0,0.0208,0.0,4591.1358,0.0,0.013500000000000002,60.60299256,0.0,0.0132,0.0
213,14.848592000000002,88.08483374000001,78.02986018000001,4640.185,192.95301474000001,2025-01-06,0.0191,104.868181,0.0,0.0226,0.0,4611.7714000000005,0.0,0.0032,63.18126818000001,0.0,0.0137,0.0
214,64.74569598,76.0504866,132.49976585999997,4691.7171,170.35400030999998,2025-01-07,0.0165,94.30351370999998,0.0,0.020099999999999996,0.0,4609.1204,0.0,0.0138,67.75406987999999,0.0,0.0147,0.0
215,64.51839296,85.69695887999998,109.93045663999999,4543.5488000000005,177.47664464,2025-01-08,0.023399999999999997,91.77968576,0.0,0.0202,0.0,3662.2632,0.0,0.014199999999999999,45.412063679999996,0.0,0.0124,0.0
216,62.6567472,106.53419699999999,122.1498702,4540.344,209.1459714,2025-01-09,0.0231,102.6117744,0.0,0.0226,0.0,4611.87,0.0,0.0138,59.493123,0.0,0.0129,0.0
217,63.276289410000004,97.79589539999999,124.00798701000001,4487.6801000000005,201.46130571,2025-01-10,0.0219,103.66541031000001,0.0,0.0231,0.0,4465.566,0.0,0.0141,60.731697600000004,0.0,0.013600000000000001,0.0
218,57.92843069999999,105.08011241999998,112.95069428999999,4167.513,213.85220171999998,2025-01-11,0.0254,108.77208929999999,0.0,0.026099999999999998,0.0,4137.012299999999,0.0,0.0139,55.022263589999994,0.0,0.013300000000000001,0.0
219,55.848799500000005,90.86644607999999,117.53794638000001,4296.0615,195.26074053,2025-01-12,0.0218,104.39429445,0.0,0.024300000000000002,0.0,4168.1856,0.0,0.013000000000000001,61.68914688,0.0,0.0148,0.0
220,55.3919808,85.1024403,124.0495051,4260.9216,181.82536062,2025-01-13,0.0207,96.72292032,0.0,0.0227,0.0,4111.229,0.0,0.013000000000000001,68.6575243,0.0,0.0167,0.0
221,54.0425358,84.5449479,105.50467800000001,4094.1315000000004,173.38760145,2025-01-14,0.0207,88.84265355000001,0.0,0.0217,0.0,4084.297,0.0,0.0132,51.4621422,0.0,0.0126,0.0
222,48.498498000000005,95.32288399999999,93.694693,4180.905000000001,176.8505315,2025-01-15,0.0232,81.52764750000001,0.0,0.0195,0.0,4108.745,0.0,0.0116,45.196195,0.0,0.011000000000000001,0.0
223,55.705008240000005,89.21601724,114.49713020000002,4036.5948000000003,179.23208128,2025-01-16,0.0217,90.01606404,0.0,0.0223,0.0,4111.3372,0.0,0.0138,58.79212196,0.0,0.0143,0.0
224,65.0918268,95.90513399999999,128.60233776,4226.742,191.4295032,2025-01-17,0.0225,95.5243692,0.0,0.0226,0.0,4262.4504,0.0,0.0154,63.51051096,0.0,0.0149,0.0
225,57.532267520000005,95.83451360000002,110.58351612000001,4494.7084,208.20222360000002,2025-01-18,0.022400000000000003,112.36771000000002,0.0,0.025,0.0,4278.3265,0.0,0.0128,53.0512486,0.0,0.0124,0.0
226,65.86102416,89.0165848,128.34381926,4450.0692,194.92823176,2025-01-19,0.0208,105.91164695999998,0.0,0.023799999999999998,0.0,4279.6435,0.0,0.0148,62.482795100000004,0.0,0.0146,0.0
227,57.7162924,84.54784086,100.18868194000001,4439.7148,174.67405129999997,2025-01-20,0.0213,90.12621044,0.0,0.0203,0.0,3969.3822,0.0,0.013000000000000001,42.47238954,0.0,0.010700000000000001,0.0
228,45.79403648,73.3555235,92.74157152000001,4052.5696000000003,155.62268638,2025-01-21,0.0175,82.26716288,0.0,0.0203,0.0,4191.7442,0.0,0.0113,46.947535040000005,0.0,0.011200000000000002,0.0
229,52.822558799999996,13.24034188,59.138035679999994,4094.772,113.15277868,2025-01-22,0.0239,99.9124368,0.0,0.024399999999999998,0.0,553.9892,0.0,0.0129,6.315476879999999,0.0,0.011399999999999999,0.0
230,0.0,97.94194904999999,52.864064549999995,1366.0,97.94194904999999,2025-01-23,0.0239,0.0,0.0,0.0,0.0,4097.9895,0.0,0.0,52.864064549999995,0.0,0.0129,0.0
231,5.9408482000000005,15.94588723,7.074058460000001,4243.463,113.54553622999998,2025-01-24,0.0197,97.59964899999999,0.0,0.023,0.0,809.4359000000001,0.0,0.0014000000000000002,1.1332102600000002,0.0,0.0014000000000000002,0.0
232,24.91507692,117.45955752,67.66537524,2442.6546,177.06032976,2025-01-25,0.028300000000000002,59.60077223999999,0.0,0.024399999999999998,0.0,4150.5144,0.0,0.0102,42.75029832,0.0,0.0103,0.0
233,63.710890629999994,94.39789552,116.10796038999999,4275.8987,197.44705419000002,2025-01-26,0.0227,103.04915867,0.0,0.0241,0.0,4158.4976,0.0,0.0149,52.397069759999994,0.0,0.0126,0.0
234,51.287110739999996,2.6829252,52.67705993999999,4169.6838,111.09470400000001,2025-01-27,0.024900000000000002,108.41177880000001,0.0,0.026000000000000002,0.0,107.748,0.0,0.0123,1.3899492,0.0,0.0129,0.0
235,0.0,104.75285699999999,39.924673799999994,0.0,104.75285699999999,2025-01-28,0.0265,0.0,0.0,0.0,0.0,3952.9379999999996,0.0,0.0,39.924673799999994,0.0,0.0101,0.0
236,45.26367136,103.47394679999998,88.54958536,4152.6304,218.50180887999997,2025-01-29,0.025099999999999997,115.02786207999999,0.0,0.0277,0.0,4122.468,0.0,0.0109,43.285914,0.0,0.0105,0.0
237,59.22807929999999,112.43908775,108.2924085,4200.572999999999,219.13364194999997,2025-01-30,0.0275,106.69455419999998,0.0,0.0254,0.0,4088.6941,0.0,0.0141,49.0643292,0.0,0.012,0.0
238,53.93311380000001,60.866205300000004,83.68992528000001,4384.8060000000005,184.51773450000002,2025-01-31,0.027000000000000003,123.65152920000001,0.0,0.0282,0.0,2254.3039,0.0,0.0123,29.75681148,0.0,0.0132,0.0
239,9.525841919999998,111.15266232,64.2726756,3969.1007999999997,204.02962104,2025-02-01,0.0268,92.87695871999998,0.0,0.023399999999999997,0.0,4147.4874,0.0,0.0024,54.74683368,0.0,0.0132,0.0
240,44.89614864,111.74747136000002,94.65869448000001,4157.0508,211.51669056000003,2025-02-02,0.0256,99.7692192,0.0,0.024,0.0,4365.1356000000005,0.0,0.0108,49.76254584,0.0,0.011399999999999999,0.0
241,51.733889999999995,95.6754576,114.67827,4311.157499999999,206.0410896,2025-02-03,0.022799999999999997,110.36563199999999,0.0,0.0256,0.0,4196.292,0.0,0.012,62.94438,0.0,0.015,0.0
242,36.161347039999995,57.461414399999995,56.01933583999999,2246.0463999999997,109.79429551999999,2025-02-04,0.027200000000000002,52.332881119999996,0.0,0.0233,0.0,2112.5519999999997,0.0,0.0161,19.857988799999994,0.0,0.009399999999999999,0.0
243,54.109758479999996,85.50273168000001,104.17892567999999,4363.6902,183.68576118000001,2025-02-05,0.0222,98.1830295,0.0,0.0225,0.0,3851.4744,0.0,0.0124,50.0691672,0.0,0.013000000000000001,0.0
244,50.4356136,56.609615240000004,76.63919096000001,3708.501,139.30918754,2025-02-06,0.0229,82.6995723,0.0,0.0223,0.0,2472.0356,0.0,0.013600000000000001,26.20357736,0.0,0.0106,0.0
245,39.47009388,73.95478496000001,87.01245564,4027.5606000000002,175.44931208000003,2025-02-07,0.022400000000000003,101.49452712,0.0,0.0252,0.0,3301.5529,0.0,0.0098,47.54236176,0.0,0.0144,0.0
246,61.97253370000001,104.92300233000002,116.42624377000001,4659.589,224.67443963,2025-02-08,0.023700000000000002,119.75143729999999,0.0,0.025699999999999997,0.0,4427.1309,0.0,0.013300000000000001,54.45371007,0.0,0.0123,0.0
247,57.327192960000005,99.08404343999999,117.13467864,4376.1216,205.86141048,2025-02-09,0.0222,106.77736704,0.0,0.024399999999999998,0.0,4463.245199999999,0.0,0.0131,59.80748567999999,0.0,0.0134,0.0
248,64.80129784,96.56451936,127.83647020000001,4127.4712,189.84536848,2025-02-10,0.0216,93.28084912,0.0,0.0226,0.0,4470.5796,0.0,0.015700000000000002,63.03517236,0.0,0.0141,0.0
249,68.07151569,104.18583999999998,125.70623569,4568.5581,198.29813686,2025-02-11,0.0235,94.11229686,0.0,0.0206,0.0,4433.44,0.0,0.0149,57.63472,0.0,0.013000000000000001,0.0
250,70.91883414,93.3626925,128.65035414,4605.1191,195.13582461,2025-02-12,0.0207,101.77313210999999,0.0,0.022099999999999998,0.0,4510.275,0.0,0.0154,57.731519999999996,0.0,0.0128,0.0
251,58.00055625,93.4024819,114.28676805,4296.3375,190.07007564999998,2025-02-13,0.0229,96.66759375,0.0,0.0225,0.0,4078.711,0.0,0.013500000000000002,56.2862118,0.0,0.0138,0.0
252,58.60919604,106.99665913999999,116.76920578,4373.8206,205.8450047,2025-02-14,0.0241,98.84834556,0.0,0.0226,0.0,4439.6954,0.0,0.0134,58.16000974,0.0,0.0131,0.0
253,58.259275650000006,71.11088751000001,98.27714352000001,4315.5019,170.7989814,2025-02-15,0.024700000000000003,99.68809389,0.0,0.0231,0.0,2878.9833,0.0,0.013500000000000002,40.017867869999996,0.0,0.0139,0.0
254,28.014975900000003,102.9422824,80.3299063,2374.1505,163.00829005,2025-02-16,0.024399999999999998,60.06600765,0.0,0.0253,0.0,4218.946,0.0,0.0118,52.314930399999994,0.0,0.0124,0.0
255,9.252999019999999,97.85461334000001,61.22557374,728.5826,114.90344618,2025-02-17,0.0241,17.048832839999996,0.0,0.023399999999999997,0.0,4060.3574000000003,0.0,0.0127,51.972574720000004,0.0,0.0128,0.0
256,54.729459199999994,94.32064137,108.2739281,4275.739,199.07624686999998,2025-02-18,0.0229,104.75560549999999,0.0,0.0245,0.0,4118.8053,0.0,0.0128,53.544468900000005,0.0,0.013000000000000001,0.0
257,59.61903750000001,106.77112848000003,116.30000694000003,4416.225,212.31890598000004,2025-02-19,0.024300000000000002,105.54777750000001,0.0,0.0239,0.0,4393.873600000001,0.0,0.013500000000000002,56.68096944000001,0.0,0.0129,0.0
258,60.23170202000001,121.86352696000002,118.41466414000001,4396.4746000000005,248.48199544000002,2025-02-20,0.026600000000000002,126.61846848,0.0,0.0288,0.0,4581.3356,0.0,0.0137,58.18296212,0.0,0.0127,0.0
259,53.67073654,114.95245824,112.94309781999999,4399.2407,242.53043853999998,2025-02-21,0.0256,127.5779803,0.0,0.028999999999999998,0.0,4490.3304,0.0,0.012199999999999999,59.27236128,0.0,0.0132,0.0
260,56.99065216,113.04819884999999,108.85982575,4452.3947,229.70093999,2025-02-22,0.0255,116.65274114,0.0,0.0262,0.0,4433.2627,0.0,0.0128,51.869173589999995,0.0,0.011699999999999999,0.0
261,37.34753148,0.0,37.34753148,3011.8977,82.52599698,2025-02-23,0.0,82.52599698,0.0,0.0274,0.0,120.0,0.0,0.0124,0.0,0.0,0.0,0.0
262,55.249625339999994,60.720322319999994,91.08456966,4350.3642,165.12906312,2025-02-24,0.024399999999999998,104.4087408,0.0,0.024,0.0,2488.5378,0.0,0.0127,35.83494432,0.0,0.0144,0.0
263,0.0,62.343605260000004,45.31158939,0.0,62.343605260000004,2025-02-25,0.0194,0.0,0.0,0.0,0.0,3213.5879,0.0,0.0,45.31158939,0.0,0.0141,0.0
264,60.80754864,99.16820704,121.7315144,4438.5072,196.37151472,2025-02-26,0.0223,97.20330768,0.0,0.0219,0.0,4447.0048,0.0,0.0137,60.923965759999994,0.0,0.0137,0.0
265,64.5963864,102.31745663999997,119.19435696,4454.9232,207.45364415999998,2025-02-27,0.023799999999999998,105.13618752000001,0.0,0.0236,0.0,4299.0527999999995,0.0,0.014499999999999999,54.59797055999999,0.0,0.0127,0.0
266,58.1544392,96.13372392,105.62295848,4473.4184,201.25905631999998,2025-02-28,0.0241,105.12533239999999,0.0,0.0235,0.0,3988.9512,0.0,0.013000000000000001,47.468519279999995,0.0,0.011899999999999999,0.0
267,52.451002499999994,118.83434009999999,110.77191479999999,4299.2625,222.87649259999998,2025-03-01,0.0271,104.04215249999999,0.0,0.0242,0.0,4385.031,0.0,0.012199999999999999,58.3209123,0.0,0.013300000000000001,0.0
268,44.91600896,124.29783647999999,102.5613824,4447.1296,239.47849312,2025-03-02,0.0276,115.18065664000001,0.0,0.0259,0.0,4503.5448,0.0,0.0101,57.64537344,0.0,0.0128,0.0
269,51.7720308,104.658732,107.0794908,4314.3359,236.24597695,2025-03-03,0.0246,131.58724494999998,0.0,0.0305,0.0,4254.42,0.0,0.012,55.307460000000006,0.0,0.013000000000000001,0.0
270,58.61698144,91.62175968,100.26323584000001,4374.4016,201.85667999999998,2025-03-04,0.0264,110.23492032,0.0,0.0252,0.0,3470.5212,0.0,0.0134,41.646254400000004,0.0,0.012,0.0
271,0.0,96.56622820000001,42.71198555,618.0,96.56622820000001,2025-03-05,0.026000000000000002,0.0,0.0,0.0,0.0,3714.0857,0.0,0.0,42.71198555,0.0,0.0115,0.0
272,55.3865875,105.39649119999999,114.2846267,4430.927,217.94203699999997,2025-03-06,0.023799999999999998,112.54554579999999,0.0,0.0254,0.0,4428.424,0.0,0.0125,58.89803920000001,0.0,0.013300000000000001,0.0
273,51.07802616,86.79908621999999,95.04119969999999,4053.8116,182.06365882,2025-03-07,0.0231,95.2645726,0.0,0.0235,0.0,3757.5362,0.0,0.0126,43.96317353999999,0.0,0.011699999999999999,0.0
274,54.24814016999999,123.42526112,106.82641025,4410.4178999999995,224.42383102999997,2025-03-08,0.0277,100.99856990999999,0.0,0.0229,0.0,4455.7856,0.0,0.0123,52.57827008,0.0,0.0118,0.0
275,50.04358319999999,119.70940548,102.52488052999999,4314.102,246.54400428,2025-03-09,0.0276,126.8345988,0.0,0.0294,0.0,4337.2973,0.0,0.0116,52.481297330000004,0.0,0.0121,0.0
276,42.533208,89.65192320000001,81.05033055999999,4253.3208,210.87156600000003,2025-03-10,0.027000000000000003,121.21964280000002,0.0,0.0285,0.0,3320.4416,0.0,0.01,38.51712256,0.0,0.0116,0.0
277,0.0,122.85246679999999,49.57974553,648.9168,122.85246679999999,2025-03-11,0.027999999999999997,0.0,0.0,0.0,0.0,4387.5881,0.0,0.0,49.57974553,0.0,0.0113,0.0
278,56.19604900000001,112.751616,111.68404900000002,4322.773,211.3108404,2025-03-12,0.0254,98.55922439999999,0.0,0.022799999999999997,0.0,4439.04,0.0,0.013000000000000001,55.488,0.0,0.0125,0.0
279,33.771392,90.79587593999999,91.94364152,2638.39,158.86633794,2025-03-13,0.0231,68.07046199999999,0.0,0.0258,0.0,3930.5573999999997,0.0,0.0128,58.17224952,0.0,0.0148,0.0
280,62.437388639999995,107.80463538000001,124.68441659999999,4134.926399999999,207.04286897999998,2025-03-14,0.0239,99.23823359999999,0.0,0.024,0.0,4510.6542,0.0,0.0151,62.24702796,0.0,0.0138,0.0
281,63.1674362,58.51662479999999,94.14682579999999,4448.411,172.84078749999998,2025-03-15,0.0255,114.32416269999999,0.0,0.025699999999999997,0.0,2294.7695999999996,0.0,0.014199999999999999,30.979389599999998,0.0,0.013500000000000002,0.0
282,62.8685546,111.74010752,111.914785,4427.363,221.09597362,2025-03-16,0.0262,109.35586610000001,0.0,0.024700000000000003,0.0,4264.8895999999995,0.0,0.014199999999999999,49.04623039999999,0.0,0.0115,0.0
283,45.67797792,111.55621708,98.56718043999999,4309.2432,226.18208620000001,2025-03-17,0.025099999999999997,114.62586912,0.0,0.026600000000000002,0.0,4444.4708,0.0,0.0106,52.88920252,0.0,0.011899999999999999,0.0
284,60.2909692,100.99361206,120.3532495,4433.1595,208.27607196,2025-03-18,0.0227,107.28245989999999,0.0,0.0242,0.0,4449.0578,0.0,0.013600000000000001,60.062280300000005,0.0,0.013500000000000002,0.0
285,48.3067476,106.56673719999999,102.0378756,4472.847,217.9406275,2025-03-19,0.023799999999999998,111.3738903,0.0,0.024900000000000002,0.0,4477.594,0.0,0.0108,53.731128,0.0,0.012,0.0
286,52.01142804,98.66072059999999,110.04714604,4445.421200000001,206.68445576000002,2025-03-20,0.022099999999999998,108.02373516000003,0.0,0.024300000000000002,0.0,4464.286,0.0,0.011699999999999999,58.035718,0.0,0.013000000000000001,0.0
287,61.129402400000004,93.61714257999999,116.1983098,4494.809,190.25553607999998,2025-03-21,0.022099999999999998,96.63839349999999,0.0,0.0215,0.0,4236.0698,0.0,0.013600000000000001,55.06890740000001,0.0,0.013000000000000001,0.0
288,58.51563590999999,96.11218847999999,111.77260615,4271.2143,190.07890307999998,2025-03-22,0.0231,93.9667146,0.0,0.022000000000000002,0.0,4160.7008,0.0,0.0137,53.25697024,0.0,0.0128,0.0
289,53.32329219999999,77.24251259999998,94.31602914999999,4300.2654999999995,179.15880495,2025-03-23,0.022799999999999997,101.91629234999999,0.0,0.023700000000000002,0.0,3387.8295,0.0,0.0124,40.992736949999994,0.0,0.0121,0.0
290,47.382965119999994,87.04002636,97.45023692000001,3883.8496,168.212483,2025-03-24,0.0226,81.17245664,0.0,0.0209,0.0,3851.3286000000003,0.0,0.012199999999999999,50.06727180000001,0.0,0.013000000000000001,0.0
291,47.6423288,101.87389264,97.91197887999999,4142.8112,203.78704815999998,2025-03-25,0.0229,101.91315552,0.0,0.0246,0.0,4448.6416,0.0,0.0115,50.26965008,0.0,0.0113,0.0
292,45.93821184,63.02276287999999,82.67659968000001,3893.0688,150.227504,2025-03-26,0.021099999999999997,87.20474112000001,0.0,0.022400000000000003,0.0,2986.8608,0.0,0.0118,36.73838784,0.0,0.0123,0.0
293,50.173023779999994,101.76193188000002,99.98055162,4440.0905999999995,205.66005192,2025-03-27,0.023700000000000002,103.89812003999998,0.0,0.023399999999999997,0.0,4293.7524,0.0,0.0113,49.80752784,0.0,0.0116,0.0
294,54.60559081999999,105.64249641000002,101.8549774,4475.8681,210.82539676000002,2025-03-28,0.023700000000000002,105.18290035,0.0,0.0235,0.0,4457.4893,0.0,0.012199999999999999,47.24938658,0.0,0.0106,0.0
295,42.6900201,113.85733128000001,82.06924746,4356.1245,222.32483133000002,2025-03-29,0.026600000000000002,108.46750005000001,0.0,0.024900000000000002,0.0,4280.3508,0.0,0.0098,39.37922736,0.0,0.0092,0.0
296,55.34435718,102.86976152000001,110.70223732,4357.8234,212.6869112,2025-03-30,0.0236,109.81714968,0.0,0.0252,0.0,4358.8882,0.0,0.0127,55.35788014,0.0,0.0127,0.0
297,52.16129952,58.407101999999995,91.61171052,4310.8512,157.12559448000002,2025-03-31,0.022799999999999997,98.71849248000001,0.0,0.0229,0.0,2561.715,0.0,0.0121,39.450411,0.0,0.0154,0.0
298,55.16652492,104.22026557,109.32465418999999,4276.4748,199.15800613,2025-04-01,0.0229,94.93774056000001,0.0,0.0222,0.0,4551.1033,0.0,0.0129,54.158129269999996,0.0,0.011899999999999999,0.0
299,46.90167054,99.05001750000001,95.53433679,4424.6858999999995,210.55210218,2025-04-02,0.0222,111.50208467999998,0.0,0.0252,0.0,4461.712500000001,0.0,0.0106,48.63266625000001,0.0,0.0109,0.0
300,58.26946943999999,82.23033024000001,104.07814656,4588.147199999999,185.00482752000002,2025-04-03,0.0219,102.77449728,0.0,0.022400000000000003,0.0,3754.8096000000005,0.0,0.0127,45.808677120000006,0.0,0.012199999999999999,0.0
301,65.91482099999999,96.29316324,129.48700644,4708.2015,196.57785518999998,2025-04-04,0.0206,100.28469195,0.0,0.0213,0.0,4674.4254,0.0,0.013999999999999999,63.572185440000005,0.0,0.013600000000000001,0.0
302,63.160843199999995,102.87597575999999,114.59883108,4511.4888,195.36149615999997,2025-04-05,0.0232,92.48552039999998,0.0,0.020499999999999997,0.0,4434.3093,0.0,0.013999999999999999,51.437987879999994,0.0,0.0116,0.0
303,43.20421889999999,101.8656892,103.86060656,4596.193499999999,202.52232684999998,2025-04-06,0.022000000000000002,100.65663764999998,0.0,0.0219,0.0,4630.2586,0.0,0.009399999999999999,60.65638766000001,0.0,0.0131,0.0
304,65.25775464,71.96604525000001,123.21959649,4728.8228,176.94591141,2025-04-07,0.018500000000000003,104.97986616,0.0,0.0222,0.0,3890.0565,0.0,0.0138,57.96184185,0.0,0.0149,0.0
305,33.062904,0.0,33.062904,2755.242,63.6460902,2025-04-08,0.0,63.6460902,0.0,0.0231,0.0,0.0,0.0,0.012,0.0,0.0,0.0,0.0
306,50.37792592000001,96.70211309999999,97.88809453,3845.6432000000004,185.53647102,2025-04-15,0.023,88.83435792,0.0,0.0231,0.0,4204.4397,0.0,0.0131,47.510168609999994,0.0,0.0113,0.0
307,46.713281040000005,85.884911,92.62410904000001,4365.7272,177.12860948,2025-04-16,0.0217,91.24369847999999,0.0,0.0209,0.0,3957.83,0.0,0.010700000000000001,45.910827999999995,0.0,0.0116,0.0
308,46.130109759999996,95.24918304,80.08467963999999,4567.3376,194.81714272,2025-04-17,0.0216,99.56795968,0.0,0.0218,0.0,4409.6844,0.0,0.0101,33.95456988,0.0,0.0077,0.0
309,50.2186131,103.75678169999999,97.66295345,4405.141500000001,206.8370928,2025-04-18,0.023399999999999997,103.0803111,0.0,0.023399999999999997,0.0,4434.0505,0.0,0.011399999999999999,47.44434035000001,0.0,0.010700000000000001,0.0
310,49.242592439999996,101.93738411999999,91.12384327999999,4559.4992999999995,201.79041879,2025-04-19,0.0258,99.85303466999999,0.0,0.0219,0.0,3951.0613999999996,0.0,0.0108,41.88125083999999,0.0,0.0106,0.0
311,47.4832618,102.92228024999999,89.09014105,4479.553,201.02449094999997,2025-04-20,0.0235,98.1022107,0.0,0.0219,0.0,4379.6714999999995,0.0,0.0106,41.60687924999999,0.0,0.0095,0.0
312,35.061422760000006,103.85150028,63.66459021000001,4495.0542000000005,227.01598536,2025-04-21,0.0236,123.16448508000002,0.0,0.0274,0.0,4400.4873,0.0,0.0078000000000000005,28.60316745,0.0,0.006500000000000001,0.0
313,22.903665,71.43724350000001,48.16474350000001,4580.733,172.21336950000003,2025-04-22,0.0263,100.77612600000002,0.0,0.022000000000000002,0.0,2716.2450000000003,0.0,0.005,25.261078500000007,0.0,0.009300000000000001,0.0
314,43.427232520000004,144.56087982,82.67886214,5049.6782,310.6952926,2025-04-23,0.0302,166.13441278,0.0,0.0329,0.0,4786.7841,0.0,0.0086,39.251629619999996,0.0,0.008199999999999999,0.0
315,10.66950632,99.69364226999998,21.581248260000002,4849.7756,202.02390742999995,2025-04-24,0.020099999999999996,102.33026515999998,0.0,0.021099999999999997,0.0,4959.8827,0.0,0.0022,10.91174194,0.0,0.0022,0.0
316,12.8760885,111.94326000000001,26.0796525,5852.7675,231.339717,2025-04-25,0.0195,119.39645700000001,0.0,0.0204,0.0,5740.68,0.0,0.0022,13.203564,0.0,0.0023,0.0
317,4.2099384,115.26243624,15.622060800000002,5262.423,221.56338083999998,2025-04-26,0.0202,106.3009446,0.0,0.0202,0.0,5706.0612,0.0,0.0008,11.412122400000001,0.0,0.002,0.0
318,12.5599595,106.81057725000001,26.8013698,5709.072499999999,212.99932575000003,2025-04-27,0.0195,106.1887485,0.0,0.018600000000000002,0.0,5477.4655,0.0,0.0022,14.2414103,0.0,0.0026,0.0
319,8.23288452,144.83981952000002,23.73014916,5880.6318,254.21957100000003,2025-04-28,0.024300000000000002,109.37975148000001,0.0,0.018600000000000002,0.0,5960.4864,0.0,0.0014000000000000002,15.49726464,0.0,0.0026,0.0
320,10.65416454,82.8894663,14.68860759,5918.9803,199.49337821,2025-04-29,0.0226,116.60391191,0.0,0.0197,0.0,3667.6755000000003,0.0,0.0018,4.03444305,0.0,0.0011,0.0
321,6.066984,129.92984254999996,22.54589086,6066.9839999999995,268.8637761499999,2025-04-30,0.020499999999999997,138.9339336,0.0,0.0229,0.0,6338.0410999999995,0.0,0.001,16.47890686,0.0,0.0026,0.0
322,13.1921097,131.08244352000003,28.40703618,5996.4135,264.80246457,2025-05-01,0.022400000000000003,133.72002104999999,0.0,0.0223,0.0,5851.8948,0.0,0.0022,15.214926479999999,0.0,0.0026,0.0
323,11.03345118,116.33740799999998,28.979115179999997,6129.6951,267.74087697,2025-05-02,0.018799999999999997,151.40346897,0.0,0.024700000000000003,0.0,6188.16,0.0,0.0018,17.945663999999997,0.0,0.0029,0.0
324,10.46833443,103.97324608000001,27.991915230000004,5509.6497,213.61527511000003,2025-05-03,0.0178,109.64202903,0.0,0.0199,0.0,5841.1936000000005,0.0,0.0019,17.5235808,0.0,0.003,0.0
325,12.8845548,101.45384939999998,30.3765978,4955.598,187.6812546,2025-05-04,0.0174,86.22740519999999,0.0,0.0174,0.0,5830.681,0.0,0.0026,17.492043,0.0,0.003,0.0
326,7.772522400000001,96.93656496000001,21.077541120000003,4572.072,166.88926656,2025-05-05,0.0204,69.95270160000001,0.0,0.015300000000000001,0.0,4751.7924,0.0,0.0017000000000000001,13.305018720000003,0.0,0.0028000000000000004,0.0
327,7.535768240000001,101.41354079999998,18.29174984,5382.6916,206.37602699999997,2025-05-06,0.019799999999999998,104.9624862,0.0,0.0195,0.0,5121.896,0.0,0.0014000000000000002,10.755981599999998,0.0,0.0021,0.0
328,15.004172699999998,66.92740931,23.42019423,5001.390899999999,156.45230641999999,2025-05-07,0.0167,89.52489710999998,0.0,0.0179,0.0,4007.6293,0.0,0.003,8.41602153,0.0,0.0021,0.0
329,17.25967656,103.84630879999999,29.92386056,5567.6376,201.2799668,2025-05-08,0.020499999999999997,97.43365800000001,0.0,0.0175,0.0,5065.6736,0.0,0.0031,12.664184,0.0,0.0025,0.0
330,17.52719364,73.18213207999999,23.7554602,5311.2708,158.69359196,2025-05-09,0.018799999999999997,85.51145988,0.0,0.0161,0.0,3892.6666,0.0,0.0033,6.228266560000001,0.0,0.0016,0.0
331,6.65127312,97.42059232,17.26143664,5542.7276,200.51532568000002,2025-05-10,0.0202,103.09473336000002,0.0,0.018600000000000002,0.0,4822.8016,0.0,0.0012,10.61016352,0.0,0.0022,0.0
332,6.004200300000001,131.9743824,15.352385720000001,4288.7145,228.0415872,2025-05-11,0.024,96.06720480000001,0.0,0.022400000000000003,0.0,5498.9326,0.0,0.0014000000000000002,9.34818542,0.0,0.0017000000000000001,0.0
333,6.178304,113.18043879999999,12.268731199999998,5616.639999999999,235.06152679999997,2025-05-12,0.0223,121.88108799999999,0.0,0.0217,0.0,5075.356,0.0,0.0011,6.090427199999999,0.0,0.0012,0.0
334,8.93325312,116.23733711999999,18.08156206,5583.2832,247.44449232,2025-05-13,0.0216,131.2071552,0.0,0.0235,0.0,5381.3582,0.0,0.0016,9.14830894,0.0,0.0017000000000000001,0.0
335,9.975942,109.06129804999999,17.7264911,3439.98,173.04492605000002,2025-05-14,0.0197,63.98362800000001,0.0,0.018600000000000002,0.0,5536.1065,0.0,0.0029,7.750549100000001,0.0,0.0014000000000000002,0.0
336,18.2055489,107.91431282999999,26.97016314,5516.833,224.87117242999997,2025-05-15,0.0197,116.95685959999999,0.0,0.0212,0.0,5477.8839,0.0,0.0033,8.76461424,0.0,0.0016,0.0
337,14.633273269999998,114.9649963,30.09941627,5045.9563,225.9760349,2025-05-16,0.0223,111.0110386,0.0,0.022000000000000002,0.0,5155.380999999999,0.0,0.0029,15.466142999999999,0.0,0.003,0.0
338,16.86378855,102.61659408000001,30.58258455,5815.0995,218.91858408000002,2025-05-17,0.0187,116.30199,0.0,0.02,0.0,5487.5184,0.0,0.0029,13.718796,0.0,0.0025,0.0
339,11.7568416,109.007451,29.82093348,5878.4208,223.04881452,2025-05-18,0.0175,114.04136352,0.0,0.0194,0.0,6228.9972,0.0,0.002,18.06409188,0.0,0.0029,0.0
340,6.203519519999999,88.40328822000002,15.480407790000001,5169.5996,184.55784078000002,2025-05-19,0.016200000000000003,96.15455256,0.0,0.018600000000000002,0.0,5456.993100000001,0.0,0.0012,9.276888270000002,0.0,0.0017000000000000001,0.0
341,9.771987359999999,120.138144,21.78580176,6107.4920999999995,223.96550969999998,2025-05-20,0.021,103.8273657,0.0,0.017,0.0,5720.864,0.0,0.0016,12.013814399999998,0.0,0.0021,0.0
342,17.050294800000003,84.4996956,31.2973365,6089.3910000000005,200.1981246,2025-05-21,0.0172,115.698429,0.0,0.019,0.0,4912.773,0.0,0.0028000000000000004,14.247041699999999,0.0,0.0029,0.0
343,0.0,69.14900850000001,6.7375957,0.0,69.14900850000001,2025-05-22,0.0195,0.0,0.0,0.0,0.0,3546.103,0.0,0.0,6.7375957,0.0,0.0019,0.0
344,16.48477824,44.37809099999999,23.62608024,5887.4208,143.28676044,2025-05-23,0.0174,98.90866944,0.0,0.0168,0.0,2550.4649999999997,0.0,0.0028000000000000004,7.1413020000000005,0.0,0.0028000000000000004,0.0
345,0.0,98.075991,15.39564975,0.0,98.075991,2025-05-24,0.0172,0.0,0.0,0.0,0.0,5702.0925,0.0,0.0,15.39564975,0.0,0.0027,0.0
346,6.95026332,93.85563129999998,19.970697719999997,5791.886100000001,191.15931777999998,2025-05-25,0.0173,97.30368648000001,0.0,0.0168,0.0,5425.181,0.0,0.0012,13.020434399999997,0.0,0.0024,0.0
347,16.199399999999997,98.44186653000001,30.01580232,5586.0,183.90766653000003,2025-05-26,0.0171,85.4658,0.0,0.015300000000000001,0.0,5756.8343,0.0,0.0029,13.81640232,0.0,0.0024,0.0
348,15.755933480000001,97.5562731,28.02348878,5627.1191,198.28170498999998,2025-05-27,0.0167,100.72543189,0.0,0.0179,0.0,5841.693,0.0,0.0028000000000000004,12.2675553,0.0,0.0021,0.0
349,16.476031,104.42466808,22.151284699999998,5681.39,206.12154908000002,2025-05-28,0.0184,101.696881,0.0,0.0179,0.0,5675.2537,0.0,0.0029,5.675253700000001,0.0,0.001,0.0
350,10.92054545,95.28882000000002,21.31568945,5747.6555,190.12513575000003,2025-05-29,0.0165,94.83631575,0.0,0.0165,0.0,5775.080000000001,0.0,0.0019,10.395144000000002,0.0,0.0018,0.0
351,11.830048,116.32041983999999,16.67673216,5915.023999999999,221.01634463999997,2025-05-30,0.0192,104.69592479999999,0.0,0.0177,0.0,6058.3552,0.0,0.002,4.846684160000001,0.0,0.0008,0.0
352,7.044312800000001,71.9334938,16.1443331,5031.652,165.522221,2025-05-31,0.0166,93.58872720000001,0.0,0.018600000000000002,0.0,4333.343,0.0,0.0014000000000000002,9.100020299999999,0.0,0.0021,0.0
353,9.984474,90.4607604,18.109692000000003,5873.22,191.4801444,2025-06-01,0.0167,101.019384,0.0,0.0172,0.0,5416.812,0.0,0.0017000000000000001,8.125218,0.0,0.0015,0.0
354,11.9725488,103.59531000000001,21.444119999999998,5986.2744,204.76334736,2025-06-02,0.0175,101.16803736,0.0,0.0169,0.0,5919.732,0.0,0.002,9.4715712,0.0,0.0016,0.0
355,12.91448928,90.06494652,30.705095999999998,5870.2224,193.38086076000002,2025-06-03,0.016200000000000003,103.31591424,0.0,0.0176,0.0,5559.5646,0.0,0.0022,17.79060672,0.0,0.0032,0.0
356,8.426124,107.10514320000001,18.84716496,4012.44,184.5452352,2025-06-04,0.018500000000000003,77.44009199999999,0.0,0.019299999999999998,0.0,5789.4672,0.0,0.0021,10.42104096,0.0,0.0018,0.0
357,13.216800959999999,116.47468224,21.6221904,5746.4352,217.03729824,2025-06-05,0.0194,100.562616,0.0,0.0175,0.0,6003.8496000000005,0.0,0.0023,8.405389440000002,0.0,0.0014000000000000002,0.0
358,16.1111636,93.165255,30.7597886,5753.987,188.6814392,2025-06-06,0.0159,95.5161842,0.0,0.0166,0.0,5859.45,0.0,0.0028000000000000004,14.648625,0.0,0.0025,0.0
359,11.33224429,97.9413072,23.57490769,5964.3391,193.96716671000001,2025-06-07,0.0176,96.02585951,0.0,0.0161,0.0,5564.847,0.0,0.0019,12.2426634,0.0,0.0022,0.0
360,8.279903100000002,110.85522825000001,20.2642521,5914.2165,216.12828195000003,2025-06-08,0.018500000000000003,105.2730537,0.0,0.0178,0.0,5992.1745,0.0,0.0014000000000000002,11.984349,0.0,0.002,0.0
361,15.87102714,102.45922051999999,35.90495294,5878.1582,221.78583197999998,2025-06-09,0.0179,119.32661146,0.0,0.0203,0.0,5723.9788,0.0,0.0027,20.0339258,0.0,0.0034999999999999996,0.0
362,7.2282940799999995,10.7543436,7.9452503199999995,6023.5784,120.98582832000001,2025-06-10,0.0195,110.23148472000001,0.0,0.0183,0.0,551.5048,0.0,0.0012,0.71695624,0.0,0.0013,0.0
363,0.0,72.4022145,8.0446905,0.0,72.4022145,2025-06-11,0.0225,0.0,0.0,0.0,0.0,3217.8762,0.0,0.0,8.0446905,0.0,0.0025,0.0
364,4.175722530000001,93.11586984,13.94714097,5965.3179,198.70199667,2025-06-12,0.016200000000000003,105.58612683,0.0,0.0177,0.0,5747.8931999999995,0.0,0.0007000000000000001,9.77141844,0.0,0.0017000000000000001,0.0
365,13.713955200000001,50.9253472,19.339429600000003,6233.616,165.00052,2025-06-13,0.0172,114.0751728,0.0,0.0183,0.0,2960.776,0.0,0.0022,5.6254744,0.0,0.0019,0.0
366,10.193121600000001,82.32689574,22.819946100000003,5096.5608,175.0843023,2025-06-14,0.0163,92.75740656,0.0,0.0182,0.0,5050.7298,0.0,0.002,12.6268245,0.0,0.0025,0.0
367,14.4542718,78.7150161,27.305703,5353.434,148.3096581,2025-06-15,0.0147,69.59464200000001,0.0,0.013000000000000001,0.0,5354.763,0.0,0.0027,12.851431199999999,0.0,0.0024,0.0
368,12.518467199999998,77.33410200000002,25.4074842,5216.027999999999,163.9201668,2025-06-16,0.016200000000000003,86.58606479999999,0.0,0.0166,0.0,4773.71,0.0,0.0024,12.889017,0.0,0.0027,0.0
369,4.18656172,36.7968848,7.667348120000001,1902.9826,68.57669422000001,2025-06-17,0.0148,31.77980942,0.0,0.0167,0.0,2486.276,0.0,0.0022,3.4807864000000004,0.0,0.0014000000000000002,0.0
370,10.589700800000001,80.29038006,19.51085414,5294.8504,161.30159118,2025-06-18,0.016200000000000003,81.01121112000001,0.0,0.015300000000000001,0.0,4956.1963,0.0,0.002,8.921153339999998,0.0,0.0018,0.0
371,14.755387049999998,92.0585796,22.179466049999995,5088.0644999999995,184.15254705,2025-06-19,0.018600000000000002,92.09396745,0.0,0.0181,0.0,4949.3859999999995,0.0,0.0029,7.424078999999999,0.0,0.0015,0.0
372,7.785062280000001,97.61279579999999,14.583963480000001,4097.4012,172.59523775999997,2025-06-20,0.020099999999999996,74.98244196,0.0,0.0183,0.0,4856.358,0.0,0.0019,6.798901200000001,0.0,0.0014000000000000002,0.0
373,4.4276092799999995,27.850176000000005,6.8813692799999995,3689.6744,108.28507792,2025-06-21,0.0227,80.43490192,0.0,0.0218,0.0,1226.88,0.0,0.0012,2.4537600000000004,0.0,0.002,0.0
374,8.87972373,90.768006,17.04404173,5223.3669,188.44496703,2025-06-22,0.0189,97.67696103,0.0,0.0187,0.0,4802.54,0.0,0.0017000000000000001,8.164318,0.0,0.0017000000000000001,0.0
375,11.44300032,103.23961596000001,16.112128679999998,4767.9168,200.028327,2025-06-23,0.0199,96.78871104,0.0,0.0203,0.0,5187.9204,0.0,0.0024,4.66912836,0.0,0.0009,0.0
376,15.8898033,85.67194560000002,24.736362900000003,5296.6011,202.19716980000004,2025-06-24,0.0184,116.52522420000001,0.0,0.022000000000000002,0.0,4656.084000000001,0.0,0.003,8.8465596,0.0,0.0019,0.0
377,12.952618750000001,85.08335081999998,20.00094367,5181.047500000001,162.79906332,2025-06-25,0.0169,77.71571250000001,0.0,0.015,0.0,5034.5178,0.0,0.0025,7.048324920000001,0.0,0.0014000000000000002,0.0
378,17.20384644,83.54853983,28.6204171,5213.2868,160.18385579,2025-06-26,0.0161,76.63531596,0.0,0.0147,0.0,5189.3503,0.0,0.0033,11.416570660000001,0.0,0.0022,0.0
379,9.2643417,93.27192335999999,24.809662260000003,5146.8565,185.91534036000002,2025-06-27,0.0168,92.64341700000001,0.0,0.018000000000000002,0.0,5551.9002,0.0,0.0018,15.545320560000002,0.0,0.0028000000000000004,0.0
380,12.819927120000001,110.99761831999999,22.710804,5827.2396,227.54241032,2025-06-28,0.0202,116.544792,0.0,0.02,0.0,5494.9316,0.0,0.0022,9.890876879999999,0.0,0.0018,0.0
381,7.278070799999999,102.26138104,14.020579439999999,5598.516,212.55214623999998,2025-06-29,0.0182,110.29076519999998,0.0,0.0197,0.0,5618.7572,0.0,0.0013,6.74250864,0.0,0.0012,0.0
382,10.07822592,103.88133435,19.36370832,5599.0144,197.38487483,2025-06-30,0.0179,93.50354048,0.0,0.0167,0.0,5803.4265000000005,0.0,0.0018,9.285482400000001,0.0,0.0016,0.0
383,17.096648400000003,88.26981195000002,32.64101780000001,5698.8828,197.68836171,2025-07-01,0.0159,109.41854975999999,0.0,0.0192,0.0,5551.5605000000005,0.0,0.003,15.544369400000004,0.0,0.0028000000000000004,0.0
384,15.02356167,99.73214832,24.52186151,5564.282099999999,187.6478055,2025-07-02,0.0168,87.91565718,0.0,0.0158,0.0,5936.4374,0.0,0.0027,9.49829984,0.0,0.0016,0.0
385,9.9998388,85.76937792,19.52976968,5555.465999999999,173.54574072,2025-07-03,0.0144,87.7763628,0.0,0.0158,0.0,5956.2068,0.0,0.0018,9.52993088,0.0,0.0016,0.0
386,5.8052649999999995,100.31528916000002,15.712947880000002,5805.264999999999,201.90742666,2025-07-04,0.016200000000000003,101.59213749999999,0.0,0.0175,0.0,6192.3018,0.0,0.001,9.907682880000001,0.0,0.0016,0.0
387,15.337047,99.5034853,22.0393543,6134.8188,203.18192302,2025-07-05,0.019299999999999998,103.67843771999999,0.0,0.0169,0.0,5155.621,0.0,0.0025,6.7023073,0.0,0.0013,0.0
388,19.041225479999998,97.21267764000001,33.68168898,6142.3308,203.47500048,2025-07-06,0.0166,106.26232284,0.0,0.0173,0.0,5856.1854,0.0,0.0031,14.640463500000001,0.0,0.0025,0.0
389,15.1013824,98.69433984000001,23.021298559999998,5808.224,193.36839104,2025-07-07,0.016200000000000003,94.6740512,0.0,0.0163,0.0,6092.2432,0.0,0.0026,7.91991616,0.0,0.0013,0.0
390,10.1878518,103.98091788,20.70277608,5992.854,213.65014608,2025-07-08,0.0178,109.6692282,0.0,0.0183,0.0,5841.6246,0.0,0.0017000000000000001,10.51492428,0.0,0.0018,0.0
391,17.81714088,90.32712,32.495297879999995,5747.464800000001,198.37945824,2025-07-09,0.016,108.05233824,0.0,0.018799999999999997,0.0,5645.445,0.0,0.0031,14.678156999999999,0.0,0.0026,0.0
392,10.51473072,88.61547135999999,15.565353439999999,5534.0688,181.03442031999998,2025-07-10,0.019299999999999998,92.41894896,0.0,0.0167,0.0,4591.4752,0.0,0.0019,5.05062272,0.0,0.0011,0.0
393,12.304495840000001,91.76991605999999,22.438597,5349.7808,195.55566358,2025-07-11,0.0163,103.78574752000002,0.0,0.0194,0.0,5630.0562,0.0,0.0023,10.13410116,0.0,0.0018,0.0
394,8.591203320000002,98.14356434999999,18.46363287,6136.5738,198.16971729,2025-07-12,0.0169,100.02615293999999,0.0,0.0163,0.0,5807.3115,0.0,0.0014000000000000002,9.87242955,0.0,0.0017000000000000001,0.0
395,12.145089600000002,112.38393599999999,24.437082600000004,6072.544800000001,216.22445208,2025-07-13,0.0192,103.84051608000001,0.0,0.0171,0.0,5853.33,0.0,0.002,12.291993,0.0,0.0021,0.0
396,14.385259840000002,101.22340480000001,28.303478000000005,6254.460800000001,206.29834624,2025-07-14,0.016,105.07494144,0.0,0.0168,0.0,6326.4628,0.0,0.0023,13.918218160000002,0.0,0.0022,0.0
397,9.65312062,96.48417171,17.54176359,5080.5898,180.31390341,2025-07-15,0.0159,83.8297317,0.0,0.0165,0.0,6068.1869,0.0,0.0019,7.888642969999999,0.0,0.0013,0.0
398,13.833210849999999,73.45150866,22.474564809999997,6014.4394999999995,178.70419991,2025-07-16,0.015300000000000001,105.25269125,0.0,0.0175,0.0,4800.7522,0.0,0.0023,8.64135396,0.0,0.0018,0.0
399,10.2720323,81.5148504,17.97065706,4466.101,155.2055169,2025-07-17,0.018000000000000002,73.69066649999999,0.0,0.0165,0.0,4528.6028,0.0,0.0023,7.69862476,0.0,0.0017000000000000001,0.0
400,12.02374272,87.99256752000001,19.35645668,5465.3376,168.33303024,2025-07-18,0.015600000000000001,80.34046271999999,0.0,0.0147,0.0,5640.5492,0.0,0.0022,7.33271396,0.0,0.0013,0.0
401,15.95393696,105.49405590000002,28.499176040000002,6136.1296,211.03548502,2025-07-19,0.018500000000000003,105.54142912,0.0,0.0172,0.0,5702.3814,0.0,0.0026,12.545239080000002,0.0,0.0022,0.0
402,8.368826480000003,106.34683840000001,18.640964280000006,5977.733200000001,223.51040912000002,2025-07-20,0.0176,117.16357072000001,0.0,0.0196,0.0,6042.434,0.0,0.0014000000000000002,10.272137800000001,0.0,0.0017000000000000001,0.0
403,10.827717119999999,106.67161944,28.29441504,6015.3984,201.71491416,2025-07-21,0.0171,95.04329472,0.0,0.0158,0.0,6238.1064,0.0,0.0018,17.46669792,0.0,0.0028000000000000004,0.0
404,16.461670679999997,100.69213056,27.406467479999996,6331.4118,207.0598488,2025-07-22,0.0184,106.36771823999999,0.0,0.0168,0.0,5472.3984,0.0,0.0026,10.9447968,0.0,0.002,0.0
405,8.349301800000001,114.22584975999999,13.64843916,5566.2012,208.85127016,2025-07-23,0.0194,94.62542040000001,0.0,0.017,0.0,5887.930399999999,0.0,0.0015,5.29913736,0.0,0.0009,0.0
406,8.5211715,106.35876918,22.469862539999998,5680.781,212.58937387999998,2025-07-24,0.0183,106.2306047,0.0,0.0187,0.0,5811.9546,0.0,0.0015,13.948691039999998,0.0,0.0024,0.0
407,9.586000079999998,52.5704192,14.15734088,5045.263199999999,149.43947263999996,2025-07-25,0.0184,96.86905343999997,0.0,0.0192,0.0,2857.088,0.0,0.0019,4.571340800000001,0.0,0.0016,0.0
408,12.4486648,131.0632506,54.23694759999999,6224.332399999999,249.32556619999997,2025-07-26,0.0276,118.26231559999998,0.0,0.019,0.0,4748.6685,0.0,0.002,41.7882828,0.0,0.0088,0.0
409,40.27882485,111.33342099000002,89.13399693,4239.8763,210.12253878,2025-07-27,0.023700000000000002,98.78911779,0.0,0.0233,0.0,4697.612700000001,0.0,0.0095,48.85517208,0.0,0.0104,0.0
410,50.57357136,105.99415676000001,103.33299468000001,4556.1776,198.9401798,2025-07-28,0.0223,92.94602304,0.0,0.0204,0.0,4753.1012,0.0,0.0111,52.75942332,0.0,0.0111,0.0
411,47.83329824000001,104.95936000000002,92.20949824000002,4270.8302,193.79262816000002,2025-07-29,0.027200000000000002,88.83326816,0.0,0.0208,0.0,3858.8,0.0,0.011200000000000002,44.376200000000004,0.0,0.0115,0.0
412,50.75112,111.56949999999999,105.42462,4264.8,237.3811,2025-07-30,0.025099999999999997,125.81160000000001,0.0,0.029500000000000002,0.0,4445.0,0.0,0.011899999999999999,54.673500000000004,0.0,0.0123,0.0
413,0.0,109.23066504000002,64.15134296000001,0.0,109.23066504000002,2025-07-31,0.0252,0.0,0.0,0.0,0.0,4334.550200000001,0.0,0.0,64.15134296000001,0.0,0.0148,0.0
414,61.43153352,0.0,61.43153352,4584.4428,111.40196004,2025-08-01,0.0,111.40196004,0.0,0.024300000000000002,0.0,46.0,0.0,0.0134,0.0,0.0,0.0,0.0
415,0.0,0.0,0.0,0.0,0.0,2025-08-02,0.0,0.0,0.0,0.0,0.0,0.0,0.0,0.0,0.0,0.0,0.0,0.0
416,52.71111720000001,129.85740288,103.90937640000001,3357.396,208.08472968,2025-08-03,0.0279,78.22732680000001,0.0,0.0233,0.0,4654.3872,0.0,0.015700000000000002,51.19825920000001,0.0,0.011000000000000001,0.0
417,63.225193680000004,115.69396013999999,126.33099012,4789.7874,235.43864514,2025-08-04,0.0253,119.744685,0.0,0.025,0.0,4572.8838,0.0,0.0132,63.10579643999999,0.0,0.0138,0.0
418,56.006367,114.52150000000002,110.06051500000001,4516.6425,233.76086200000003,2025-08-05,0.025,119.239362,0.0,0.0264,0.0,4580.860000000001,0.0,0.0124,54.054148000000005,0.0,0.0118,0.0
419,59.469696,111.2536788,121.47994320000001,4505.28,220.73198280000003,2025-08-06,0.024399999999999998,109.47830400000001,0.0,0.024300000000000002,0.0,4559.577,0.0,0.0132,62.01024720000001,0.0,0.013600000000000001,0.0
420,57.321449279999996,106.45518916,106.94039338,4443.5232,209.98927972,2025-08-07,0.0236,103.53409056,0.0,0.0233,0.0,4510.8131,0.0,0.0129,49.61894410000001,0.0,0.011000000000000001,0.0
421,48.928274249999994,106.51610891999998,98.25745583999998,4488.8324999999995,208.86148991999994,2025-08-08,0.024399999999999998,102.34538099999997,0.0,0.022799999999999997,0.0,4365.4142999999995,0.0,0.0109,49.32918158999999,0.0,0.0113,0.0
422,55.19511312,90.60992226,106.90683643,4638.2448,188.01306306000004,2025-08-09,0.019799999999999998,97.40314080000002,0.0,0.021,0.0,4576.2587,0.0,0.011899999999999999,51.71172331,0.0,0.0113,0.0
423,59.584449600000006,94.71204703999999,108.81595920000001,4583.4192,197.38063712000002,2025-08-10,0.0202,102.66859008000002,0.0,0.022400000000000003,0.0,4688.7152,0.0,0.013000000000000001,49.2315096,0.0,0.0105,0.0
424,48.90873312,100.6111548,94.68227651999999,4528.5864,202.5043488,2025-08-11,0.0222,101.893194,0.0,0.0225,0.0,4532.034,0.0,0.0108,45.773543399999994,0.0,0.0101,0.0
425,48.91684608,111.00997823999998,100.69040736,4614.7968,221.76510143999997,2025-08-12,0.023799999999999998,110.7551232,0.0,0.024,0.0,4664.284799999999,0.0,0.0106,51.773561279999996,0.0,0.0111,0.0
426,50.4789682,115.16537232000002,103.38013516000001,4631.098,227.70105372000003,2025-08-13,0.0246,112.53568140000002,0.0,0.024300000000000002,0.0,4681.519200000001,0.0,0.0109,52.901166960000005,0.0,0.0113,0.0
427,51.466319520000006,113.55722531999999,103.35389064,4595.2071,228.89692352999998,2025-08-14,0.026699999999999998,115.33969820999998,0.0,0.025099999999999997,0.0,4253.0796,0.0,0.011200000000000002,51.88757112,0.0,0.012199999999999999,0.0
428,49.466350080000005,111.43305107999998,101.37319866000001,4580.2176,216.77805587999998,2025-08-15,0.023399999999999997,105.3450048,0.0,0.023,0.0,4762.0962,0.0,0.0108,51.90684858,0.0,0.0109,0.0
429,50.464216330000006,101.59918079999998,109.30899073,4716.2819,213.37506183,2025-08-16,0.022099999999999998,111.77588103000001,0.0,0.023700000000000002,0.0,4597.248,0.0,0.010700000000000001,58.8447744,0.0,0.0128,0.0
430,57.18749946,98.90020601999998,111.13306638,4649.3902,200.25691237999996,2025-08-17,0.0231,101.35670635999999,0.0,0.0218,0.0,4281.3942,0.0,0.0123,53.94556692,0.0,0.0126,0.0
431,54.25621226999999,103.86985283999998,104.82443009999999,4637.2831,212.84600568999997,2025-08-18,0.022799999999999997,108.97615284999999,0.0,0.0235,0.0,4555.695299999999,0.0,0.011699999999999999,50.568217829999995,0.0,0.0111,0.0
432,48.048066000000006,101.02788504,97.66795644000001,4368.006,194.50321344000002,2025-08-19,0.0226,93.47532840000002,0.0,0.021400000000000002,0.0,4470.2604,0.0,0.011000000000000001,49.619890440000006,0.0,0.0111,0.0
433,49.526599499999996,100.99779715999999,97.98742594,4716.8189999999995,213.25808935999999,2025-08-20,0.0223,112.26029219999998,0.0,0.023799999999999998,0.0,4529.0491999999995,0.0,0.0105,48.46082644,0.0,0.010700000000000001,0.0
434,48.03363285,104.17722635999999,94.61694545,4663.4595,214.23487056,2025-08-21,0.0246,110.0576442,0.0,0.0236,0.0,4234.8466,0.0,0.0103,46.583312600000006,0.0,0.011000000000000001,0.0
435,49.170418,117.42844511999999,97.22993607999999,4470.038,231.86141791999998,2025-08-22,0.0259,114.43297279999999,0.0,0.0256,0.0,4533.9168,0.0,0.011000000000000001,48.05951808,0.0,0.0106,0.0
436,45.008593919999996,113.21634588,90.93169003999999,4688.3952,231.36390492,2025-08-23,0.024900000000000002,118.14755904,0.0,0.0252,0.0,4546.8412,0.0,0.0096,45.92309612,0.0,0.0101,0.0
437,44.73384048,97.83377544000001,92.22596448,4564.6776,195.06140832,2025-08-24,0.0206,97.22763288,0.0,0.0213,0.0,4749.2124,0.0,0.0098,47.492124000000004,0.0,0.01,0.0
438,50.808688700000005,76.38422999999999,94.0309847,4618.9717,167.83986965999998,2025-08-25,0.020499999999999997,91.45563965999999,0.0,0.019799999999999998,0.0,3726.06,0.0,0.011000000000000001,43.22229599999999,0.0,0.0116,0.0
439,49.0729071,109.22198171000002,101.57446054000002,4673.6102,211.57404509000003,2025-08-26,0.0233,102.35206338,0.0,0.0219,0.0,4687.6387,0.0,0.0105,52.50155344000001,0.0,0.011200000000000002,0.0
440,52.46147096,118.36141199999999,106.30430935999999,4522.5406,231.424927,2025-08-27,0.0255,113.06351500000001,0.0,0.025,0.0,4641.624,0.0,0.0116,53.84283839999999,0.0,0.0116,0.0
441,53.48307979999999,126.86176384,114.21998603999998,4383.8589999999995,252.67851714,2025-08-28,0.0259,125.81675329999999,0.0,0.0287,0.0,4898.1376,0.0,0.012199999999999999,60.736906239999996,0.0,0.0124,0.0
442,46.82296139000001,116.3279741,102.69702769000001,4375.9777,234.04177423000002,2025-08-29,0.0254,117.71380013000001,0.0,0.0269,0.0,4579.8415,0.0,0.010700000000000001,55.8740663,0.0,0.012199999999999999,0.0
443,12.482982360000001,70.44094960000001,43.858427160000005,815.8812,91.16433208000001,2025-08-30,0.0229,20.72338248,0.0,0.0254,0.0,3076.0240000000003,0.0,0.015300000000000001,31.375444800000007,0.0,0.0102,0.0
444,51.66911375999999,108.0414709,97.64420775999999,4532.3784,214.09912545999998,2025-08-31,0.0235,106.05765455999997,0.0,0.023399999999999997,0.0,4597.5094,0.0,0.011399999999999999,45.975094,0.0,0.01,0.0
445,47.5365492,111.57008994,92.81813382000001,4660.446,215.96408034,2025-09-01,0.0239,104.3939904,0.0,0.022400000000000003,0.0,4668.2046,0.0,0.0102,45.281584620000004,0.0,0.0097,0.0
446,45.13523256,89.90626859999999,87.26522316,4559.1144,189.75087395999998,2025-09-02,0.0207,99.84460536,0.0,0.0219,0.0,4343.298,0.0,0.009899999999999999,42.1299906,0.0,0.0097,0.0
447,59.047280640000004,85.235064,106.86207264000001,4613.0688,178.88036064,2025-09-03,0.020499999999999997,93.64529664,0.0,0.0203,0.0,4157.808,0.0,0.0128,47.814792,0.0,0.0115,0.0
448,52.7848965,97.3136112,103.1640669,4589.991,196.4574168,2025-09-04,0.0226,99.14380560000001,0.0,0.0216,0.0,4305.912,0.0,0.0115,50.3791704,0.0,0.011699999999999999,0.0
449,55.55881421999999,99.88037076000002,109.09829223999999,4748.616599999999,203.8750743,2025-09-05,0.0222,103.99470353999999,0.0,0.0219,0.0,4499.1158000000005,0.0,0.011699999999999999,53.539478020000004,0.0,0.011899999999999999,0.0
450,51.48997695,114.49362375,104.3685582,4477.3893,212.10071048999998,2025-09-06,0.024900000000000002,97.60708674,0.0,0.0218,0.0,4598.1375,0.0,0.0115,52.878581249999996,0.0,0.0115,0.0
451,55.42011594,37.95025554,74.63144862,4657.1526,144.59905008,2025-09-07,0.0241,106.64879454000001,0.0,0.0229,0.0,1574.6994,0.0,0.011899999999999999,19.211332679999998,0.0,0.012199999999999999,0.0
452,57.280170639999994,89.94257999999999,111.70696263999999,4619.3686,187.41125745999997,2025-09-08,0.0195,97.46867745999998,0.0,0.021099999999999997,0.0,4612.44,0.0,0.0124,54.42679199999999,0.0,0.0118,0.0
453,64.69976385,94.97574792,126.01905741000002,4722.6105,187.06665267,2025-09-09,0.0206,92.09090474999999,0.0,0.0195,0.0,4610.4732,0.0,0.0137,61.31929356000001,0.0,0.013300000000000001,0.0
454,56.43546695999999,94.35968184,117.95427913999998,4374.8423999999995,192.3561516,2025-09-10,0.0204,97.99646976000001,0.0,0.022400000000000003,0.0,4625.4746,0.0,0.0129,61.51881218,0.0,0.013300000000000001,0.0
455,53.04899334,89.85403584000001,99.29739414,3958.8801,182.49183018,2025-09-11,0.0204,92.63779433999999,0.0,0.023399999999999997,0.0,4404.6096,0.0,0.0134,46.2484008,0.0,0.0105,0.0
456,51.01675425,88.7567821,108.04183705,4858.7384999999995,168.4400935,2025-09-12,0.019299999999999998,79.68331139999998,0.0,0.016399999999999998,0.0,4598.7970000000005,0.0,0.0105,57.02508280000001,0.0,0.0124,0.0
457,49.12032384,20.935152,62.571411839999996,4863.3984,116.74410048,2025-09-13,0.0207,95.80894848,0.0,0.0197,0.0,1011.36,0.0,0.0101,13.451088,0.0,0.013300000000000001,0.0
458,36.81564534,68.7456693,97.92290693999999,3645.1134,147.84463008,2025-09-14,0.0189,79.09896078000001,0.0,0.0217,0.0,3637.337,0.0,0.0101,61.107261599999994,0.0,0.0168,0.0
459,59.51771478,91.94603228,114.49575469999999,4838.8386,175.65794006,2025-09-15,0.0194,83.71190778,0.0,0.0173,0.0,4739.486199999999,0.0,0.0123,54.978039919999986,0.0,0.0116,0.0
460,62.90337144,102.27475607999999,118.04690351999999,4729.5768,197.81220743999998,2025-09-16,0.0217,95.53745135999999,0.0,0.0202,0.0,4713.122399999999,0.0,0.013300000000000001,55.143532079999986,0.0,0.011699999999999999,0.0
461,54.01251855999999,96.11507334,103.55200569999998,4656.2516,200.88073433999998,2025-09-17,0.0227,104.76566099999998,0.0,0.0225,0.0,4234.1442,0.0,0.0116,49.53948713999999,0.0,0.011699999999999999,0.0
462,20.693745879999998,116.40203892000001,74.16297514,1510.4923999999999,150.6902164,2025-09-18,0.0246,34.28817748,0.0,0.0227,0.0,4731.7902,0.0,0.0137,53.46922926,0.0,0.0113,0.0
463,50.681389919999994,108.37555919999997,102.01718111999999,4649.6687999999995,215.78290847999995,2025-09-19,0.022799999999999997,107.40734927999998,0.0,0.0231,0.0,4753.313999999999,0.0,0.0109,51.335791199999996,0.0,0.0108,0.0
464,41.8324275,99.1967144,86.4254459,4648.0475,204.2425879,2025-09-20,0.0218,105.04587349999998,0.0,0.0226,0.0,4550.308,0.0,0.009000000000000001,44.5930184,0.0,0.0098,0.0
465,51.09580224,111.402984,99.37042864,4731.092799999999,222.11055552,2025-09-21,0.024,110.70757151999997,0.0,0.023399999999999997,0.0,4641.791,0.0,0.0108,48.2746264,0.0,0.0104,0.0
466,58.25539284,106.55892449999999,107.98289094,4775.032200000001,212.56463933999999,2025-09-22,0.0225,106.00571484000001,0.0,0.0222,0.0,4735.9522,0.0,0.012199999999999999,49.7274981,0.0,0.0105,0.0
467,45.40709015,89.86041791999999,85.75258391,4495.7515,175.27969642,2025-09-23,0.0196,85.4192785,0.0,0.019,0.0,4584.7152,0.0,0.0101,40.34549376,0.0,0.0088,0.0
468,57.65641728000001,139.77838709999997,117.69867977999999,4687.5136,263.52874613999995,2025-09-24,0.0291,123.75035904,0.0,0.0264,0.0,4803.380999999999,0.0,0.0123,60.04226249999999,0.0,0.0125,0.0
469,45.19800119999999,80.64998759999999,92.20259519999999,4808.298,157.58275559999998,2025-09-25,0.0163,76.932768,0.0,0.016,0.0,4947.852,0.0,0.009399999999999999,47.004594,0.0,0.0095,0.0
470,44.847707359999994,79.15796928,93.71065135999999,4874.7508,160.07883256,2025-09-26,0.016200000000000003,80.92086327999999,0.0,0.0166,0.0,4886.2944,0.0,0.0092,48.862944,0.0,0.01,0.0
471,48.918781890000005,69.00866679999999,91.27582565,4749.3963,143.57418871,2025-09-27,0.014499999999999999,74.56552191000002,0.0,0.015700000000000002,0.0,4759.2184,0.0,0.0103,42.357043759999996,0.0,0.0089,0.0
472,37.1759472,83.25678438,76.1264896,4425.7080000000005,155.39582478,2025-09-28,0.0171,72.1390404,0.0,0.0163,0.0,4868.8178,0.0,0.0084,38.950542399999996,0.0,0.008,0.0
473,42.22963360000001,70.84308431999999,89.6246548,4798.822,143.78517871999998,2025-09-29,0.014199999999999999,72.9420944,0.0,0.0152,0.0,4988.9496,0.0,0.0088,47.395021199999995,0.0,0.0095,0.0
474,22.4087292,48.54003255000001,49.604917650000004,2037.1571999999999,82.15312635000001,2025-09-30,0.0141,33.6130938,0.0,0.0165,0.0,3442.5555000000004,0.0,0.011000000000000001,27.196188450000005,0.0,0.0079,0.0
475,43.81477632,70.8483734,84.49545524,4564.0392,151.63186724000002,2025-10-01,0.0155,80.78349384,0.0,0.0177,0.0,4570.8628,0.0,0.0096,40.68067892,0.0,0.0089,0.0
476,53.89873776000001,93.53348927999998,92.63482928,4812.3873,171.01292481,2025-10-02,0.019799999999999998,77.47943553,0.0,0.0161,0.0,4723.9136,0.0,0.011200000000000002,38.736091519999995,0.0,0.008199999999999999,0.0
477,43.448500599999996,75.1650048,78.6820966,4881.853999999999,160.5974498,2025-10-03,0.016,85.432445,0.0,0.0175,0.0,4697.812800000001,0.0,0.0089,35.233596000000006,0.0,0.0075,0.0
478,38.887706550000004,59.2121985,70.23534105000002,4922.4945,131.0806182,2025-10-04,0.011899999999999999,71.8684197,0.0,0.0146,0.0,4975.8150000000005,0.0,0.0079,31.347634500000005,0.0,0.0063,0.0
479,38.808911679999994,60.62290668,76.26696783999999,5040.118399999999,128.66450508,2025-10-05,0.0123,68.0415984,0.0,0.013500000000000002,0.0,4928.6916,0.0,0.0077,37.45805616,0.0,0.0076,0.0
480,47.7934908,107.19290816000002,88.86740888,4927.164,211.64878496,2025-10-06,0.021400000000000002,104.4558768,0.0,0.0212,0.0,5009.0144,0.0,0.0097,41.07391807999999,0.0,0.008199999999999999,0.0
481,37.14361875,112.6940361,69.48190737,4952.4825,215.70567210000002,2025-10-07,0.023,103.011636,0.0,0.0208,0.0,4899.7407,0.0,0.0075,32.33828862,0.0,0.0066,0.0
482,10.814957999999999,108.52851840000001,39.0228108,4915.889999999999,231.9173574,2025-10-08,0.0227,123.38883899999998,0.0,0.025099999999999997,0.0,4780.992,0.0,0.0022,28.2078528,0.0,0.0059,0.0
483,29.969328479999998,47.84119199999999,65.28068448,5079.5472,132.66963024,2025-10-09,0.0126,84.82843824,0.0,0.0167,0.0,3796.9199999999996,0.0,0.0059,35.311356,0.0,0.009300000000000001,0.0
484,40.14823876,104.08475376,72.27316275999999,4837.1372,212.92034076,2025-10-10,0.024300000000000002,108.835587,0.0,0.0225,0.0,4283.3232,0.0,0.0083,32.124924,0.0,0.0075,0.0
485,14.607312720000001,105.35400720000001,26.566416240000002,5618.1972000000005,199.17790044000003,2025-10-11,0.018500000000000003,93.82389324,0.0,0.0167,0.0,5694.8112,0.0,0.0026,11.95910352,0.0,0.0021,0.0
486,13.797525,95.94048240000002,24.4575786,5519.01,196.9383654,2025-10-12,0.018000000000000002,100.997883,0.0,0.0183,0.0,5330.026800000001,0.0,0.0025,10.660053600000001,0.0,0.002,0.0
487,12.4387725,51.003264879999996,20.98845274,5653.9875,155.03663488,2025-10-13,0.0173,104.03337,0.0,0.0184,0.0,2948.1656,0.0,0.0022,8.549680239999999,0.0,0.0029,0.0
488,13.08686752,111.0889752,25.49904352,5689.9424,211.23196144,2025-10-14,0.0179,100.14298624,0.0,0.0176,0.0,6206.088,0.0,0.0023,12.412176,0.0,0.002,0.0
489,21.191587199999997,109.35252000000001,36.3794372,5886.552,218.84238720000002,2025-10-15,0.018000000000000002,109.4898672,0.0,0.018600000000000002,0.0,6075.14,0.0,0.0036,15.187850000000001,0.0,0.0025,0.0
490,13.411163150000002,95.56859520000002,25.209755150000003,5830.940500000001,196.44386585,2025-10-16,0.016200000000000003,100.87527065,0.0,0.0173,0.0,5899.296,0.0,0.0023,11.798592000000001,0.0,0.002,0.0
491,14.197740959999999,114.41893078,27.046925699999996,5915.7254,230.36714862,2025-10-17,0.0187,115.94821784,0.0,0.0196,0.0,6118.6594,0.0,0.0024,12.849184739999998,0.0,0.0021,0.0
492,8.719062000000001,18.7891158,11.0905038,5812.7080000000005,128.0680262,2025-10-18,0.0206,109.2789104,0.0,0.018799999999999997,0.0,912.093,0.0,0.0015,2.3714418,0.0,0.0026,0.0
493,6.070561119999999,100.02125,23.465561120000004,2639.3743999999997,145.15455224,2025-10-19,0.0161,45.13330224,0.0,0.0171,0.0,6212.5,0.0,0.0023,17.395000000000003,0.0,0.0028000000000000004,0.0
494,11.98366936,114.77910059999999,21.39179236,6307.1944,202.44910276,2025-10-20,0.0183,87.67000216,0.0,0.0139,0.0,6272.081999999999,0.0,0.0019,9.408123,0.0,0.0015,0.0
495,15.525277299999997,105.46082820000001,24.597176499999996,5971.260499999999,229.06592055,2025-10-21,0.018600000000000002,123.60509234999999,0.0,0.0207,0.0,5669.937,0.0,0.0026,9.0718992,0.0,0.0016,0.0
496,18.5039952,92.11185,28.9037202,6167.9983999999995,215.47181799999998,2025-10-22,0.018600000000000002,123.359968,0.0,0.02,0.0,4952.25,0.0,0.003,10.399725,0.0,0.0021,0.0
497,15.8148848,102.4565472,30.111147199999998,6082.648,214.3772704,2025-10-23,0.0172,111.9207232,0.0,0.0184,0.0,5956.776,0.0,0.0026,14.296262399999998,0.0,0.0024,0.0
498,15.984257520000002,104.45147856000001,34.38196113,5708.6633999999995,197.50269198,2025-10-24,0.0176,93.05121341999998,0.0,0.0163,0.0,5934.743100000001,0.0,0.0028000000000000004,18.39770361,0.0,0.0031,0.0
499,31.85992656,117.4687266,48.814175760000005,5589.460800000001,211.93061412,2025-10-25,0.0194,94.46188752,0.0,0.0169,0.0,6055.089,0.0,0.005699999999999999,16.954249200000003,0.0,0.0028000000000000004,0.0
500,13.897083,95.69961024000001,29.233559,6042.21,219.56491524,2025-10-26,0.015600000000000001,123.86530499999998,0.0,0.020499999999999997,0.0,6134.5904,0.0,0.0023,15.336476000000001,0.0,0.0025,0.0
501,7.820441199999999,37.69119388,13.30713398,6015.724,149.58366028,2025-10-27,0.0158,111.89246640000002,0.0,0.018600000000000002,0.0,2385.5186,0.0,0.0013,5.486692779999999,0.0,0.0023,0.0
502,11.8168084,111.12008357999999,22.03474712,5908.4042,212.15379539999998,2025-10-28,0.0174,101.03371182000001,0.0,0.0171,0.0,6386.2117,0.0,0.002,10.21793872,0.0,0.0016,0.0
503,17.6298822,103.3647804,29.18241648,5876.6274,189.16354044000002,2025-10-29,0.017,85.79876004,0.0,0.0146,0.0,6080.281199999999,0.0,0.003,11.55253428,0.0,0.0019,0.0
504,11.9598549,74.82010068000001,19.15409535,5695.169,168.79038918,2025-10-30,0.015600000000000001,93.9702885,0.0,0.0165,0.0,4796.1603000000005,0.0,0.0021,7.194240450000001,0.0,0.0015,0.0
505,8.168096160000001,106.55446728000001,13.586119920000002,5834.3544,186.48512256000004,2025-10-31,0.0177,79.93065528000001,0.0,0.0137,0.0,6020.026400000001,0.0,0.0014000000000000002,5.4180237600000005,0.0,0.0009,0.0
506,10.390242240000001,95.92599520000002,24.49700624,6111.907200000001,186.99341248000002,2025-11-01,0.017,91.06741728000002,0.0,0.0149,0.0,5642.7056,0.0,0.0017000000000000001,14.106764,0.0,0.0025,0.0
507,10.10895948,95.85775078,15.88352278,5616.0886,185.15355952000002,2025-11-02,0.0166,89.29580874000001,0.0,0.0159,0.0,5774.5633,0.0,0.0018,5.7745633,0.0,0.001,0.0
508,13.258949760000004,61.16391144000001,17.38235952,4735.3392,135.50873688000001,2025-11-03,0.0178,74.34482544000002,0.0,0.015700000000000002,0.0,3436.1748000000002,0.0,0.0028000000000000004,4.1234097599999995,0.0,0.0012,0.0
509,11.9708424,101.77047719999999,25.4232618,5985.4212,220.28181695999996,2025-11-04,0.0174,118.51133975999998,0.0,0.019799999999999998,0.0,5848.878,0.0,0.002,13.452419399999998,0.0,0.0023,0.0
510,16.22941839,109.8932338,26.92173303,6010.8957,227.10569995,2025-11-05,0.018500000000000003,117.21246615,0.0,0.0195,0.0,5940.1748,0.0,0.0027,10.69231464,0.0,0.0018,0.0
511,17.0917236,99.76412061,31.67712135,6104.187,199.87278741,2025-11-06,0.0171,100.10866679999998,0.0,0.016399999999999998,0.0,5834.1591,0.0,0.0028000000000000004,14.58539775,0.0,0.0025,0.0
512,13.31950884,107.05635500000001,29.52263284,5791.0908,212.45420756000001,2025-11-07,0.018500000000000003,105.39785256,0.0,0.0182,0.0,5786.83,0.0,0.0023,16.203124000000003,0.0,0.0028000000000000004,0.0
513,11.11029104,96.54013296000001,24.20047856,5847.5216,199.45651312,2025-11-08,0.0177,102.91638016,0.0,0.0176,0.0,5454.2448,0.0,0.0019,13.09018752,0.0,0.0024,0.0
514,6.003922800000001,105.09112800000001,19.524418800000003,6003.9228,197.55153912000003,2025-11-09,0.0171,92.46041112,0.0,0.0154,0.0,6145.68,0.0,0.001,13.520496000000001,0.0,0.0022,0.0
515,11.955656,113.80832229999999,26.331444079999997,5977.8279999999995,223.80035749999996,2025-11-10,0.019,109.99203519999999,0.0,0.0184,0.0,5989.9117,0.0,0.002,14.375788079999998,0.0,0.0024,0.0
516,12.657638760000001,89.53463735999999,29.09121144,4868.3226,177.16444416000002,2025-11-11,0.0158,87.62980680000001,0.0,0.018000000000000002,0.0,5666.749199999999,0.0,0.0026,16.433572679999997,0.0,0.0029,0.0
517,7.423349999999999,103.37690028000002,18.84289131,6186.125,202.35490028000004,2025-11-12,0.0172,98.97800000000001,0.0,0.016,0.0,6010.284900000001,0.0,0.0012,11.419541310000001,0.0,0.0019,0.0
518,14.5649725,64.65227504,22.45856422,5825.989,167.18968144000002,2025-11-13,0.0172,102.5374064,0.0,0.0176,0.0,3758.8532,0.0,0.0025,7.89359172,0.0,0.0021,0.0
519,4.48784368,104.87545888,17.59727604,5609.8046,215.3886095,2025-11-14,0.0184,110.51315062,0.0,0.0197,0.0,5699.7532,0.0,0.0008,13.10943236,0.0,0.0023,0.0
520,13.1558154,115.05911868,20.79006972,5059.929,199.05394008000002,2025-11-15,0.021099999999999997,83.9948214,0.0,0.0166,0.0,5453.0388,0.0,0.0026,7.634254320000001,0.0,0.0014000000000000002,0.0
521,7.755431280000001,0.0,7.755431280000001,2281.0092,46.98878952,2025-11-16,0.0,46.98878952,0.0,0.0206,0.0,0.0,0.0,0.0034000000000000002,0.0,0.0,0.0,0.0
522,0.0,93.12152304,7.5503937599999995,0.0,93.12152304,2025-11-22,0.0222,0.0,0.0,0.0,0.0,4194.6632,0.0,0.0,7.5503937599999995,0.0,0.0018,0.0
523,12.865395,91.71845120000002,28.342883640000004,5593.65,187.36986620000002,2025-11-23,0.016,95.651415,0.0,0.0171,0.0,5732.403200000001,0.0,0.0023,15.477488640000002,0.0,0.0027,0.0
524,13.582993199999999,92.24823762,30.19913538,5659.5805,179.97173536999998,2025-11-24,0.0161,87.72349774999999,0.0,0.0155,0.0,5729.7042,0.0,0.0024,16.61614218,0.0,0.0029,0.0
525,12.775232800000001,115.1031168,23.345927200000002,5806.924,220.2084412,2025-11-25,0.0196,105.10532440000001,0.0,0.0181,0.0,5872.608,0.0,0.0022,10.5706944,0.0,0.0018,0.0
526,14.215748000000001,95.59427328000001,25.62188288,5686.2992,204.77121792000003,2025-11-26,0.0176,109.17694464,0.0,0.0192,0.0,5431.4928,0.0,0.0025,11.40613488,0.0,0.0021,0.0
527,12.252096000000002,92.75010047999999,21.43049136,4900.838400000001,189.29661696,2025-11-27,0.0192,96.54651648000001,0.0,0.0197,0.0,4830.734399999999,0.0,0.0025,9.17839536,0.0,0.0019,0.0
528,5.4232407,88.48854951999999,17.51484374,3615.4937999999997,151.75969102,2025-11-28,0.0161,63.2711415,0.0,0.0175,0.0,5496.1831999999995,0.0,0.0015,12.091603039999999,0.0,0.0022,0.0
529,4.5283291199999995,105.3775697,20.36542052,3773.6076,180.47236094,2025-11-29,0.0173,75.09479124,0.0,0.0199,0.0,6091.189,0.0,0.0012,15.8370914,0.0,0.0026,0.0
530,13.29933301,117.68357963999998,18.17740885,5782.3187,226.96940306999997,2025-11-30,0.019299999999999998,109.28582343,0.0,0.0189,0.0,6097.5948,0.0,0.0023,4.87807584,0.0,0.0008,0.0
531,11.829255599999998,123.5399148,19.3692504,5914.627799999999,241.8324708,2025-12-01,0.0213,118.29255599999999,0.0,0.02,0.0,5799.996,0.0,0.002,7.5399948,0.0,0.0013,0.0
532,12.522761789999999,93.55863054000001,23.702723929999998,5963.2199,194.33704685,2025-12-02,0.0159,100.77841631,0.0,0.0169,0.0,5884.1906,0.0,0.0021,11.17996214,0.0,0.0019,0.0
