,原矿水分,原矿硫化铜含量,原矿硫化铜金属,原矿全铜金属,原矿折干,原矿数量,原氧化铜含量,取数日期,原铜含量,精铜原矿数量,精铜水分,精铜金属铜,精铜矿折干,硫化铜回收率,精铜总铜含量,精铜硫化金属铜,精铜硫化铜品位
0,0.22549999999999998,0.0,0.0,152.34675389999995,7694.280499999999,8672.0,0.039599999999999996,2024-04-01,0.039599999999999996,,,,,,,,
1,0.2101,0.0,0.0,146.95712534999998,7304.5195,8163.0,0.0401,2024-04-02,0.0401,,,,,,,,
2,0.2276,0.0157,73.4163776,272.44721964,9365.3084,10568.0,0.042499999999999996,2024-06-01,0.0582,310.0,,,,,,,
3,0.2267,0.0245,114.68656750999999,283.18807057,9361.0317,10558.0,0.036000000000000004,2024-06-02,0.0605,330.0,,,,,,,
4,0.2359,0.0155,59.97089156,219.47250514,6666.5599,7623.0,0.048,2024-06-03,0.0635,270.0,,,,,,,
5,0.2015,0.0195,91.90536134999999,302.36842335,9438.8085,10497.0,0.0446,2024-06-04,0.0641,300.0,,,,,,,
6,0.2095,0.0291,110.03602008,269.06500012,7719.8534,8626.0,0.0412,2024-06-05,0.0703,320.0,,,,,,,
7,0.1845,0.0237,75.80199564,194.914468,6734.1078,7419.0,0.035199999999999995,2024-06-06,0.058899999999999994,220.0,,,,,,,
8,0.0857,0.0088,34.46837856,104.97188016000001,3916.8612,4284.0,0.018000000000000002,2024-06-07,0.026800000000000004,120.0,,,,,,,
9,0.1893,0.0175,68.61664768,224.57915788000003,7831.429899999999,8631.0,0.041,2024-06-08,0.0585,380.0,,,,,,,
10,0.2082,0.0229,79.50774942000001,225.60782454000005,6895.4238000000005,7697.0,0.042300000000000004,2024-06-09,0.06520000000000001,400.0,,,,,,,
11,0.1057,0.010700000000000001,38.37173010000001,107.2256757,3586.143,4010.0,0.0192,2024-06-10,0.0299,230.0,,,,,,,
12,0.2148,0.0179,56.77917576,170.85233064000002,6338.377200000001,7102.0,0.036000000000000004,2024-06-11,0.0539,440.0,,,,,,,
13,0.1137,0.0085,26.22428755,95.64151929999998,3085.2102999999997,3481.0,0.0225,2024-06-12,0.031,260.0,,,,,,,
14,0.321,0.0344,107.04236759999999,308.33177778,9777.1086,10949.0,0.06169999999999999,2024-06-13,0.09609999999999999,600.0,,,,,,,
15,0.1192,0.0084,28.0411488,107.4910704,3338.232,3790.0,0.023799999999999998,2024-06-14,0.0322,190.0,,,,,,,
16,0.5863,0.046200000000000005,83.15151643680001,362.21618404720004,8952.517447999999,10162.48,0.1573,2024-06-15,0.20350000000000001,890.0,,,,,,,
17,0.224,0.0129,50.93621261999999,236.71429139999998,7819.7706,8805.0,0.0476,2024-06-16,0.0605,520.0,,,,,,,
18,0.22139999999999999,0.0195,59.84752213,227.41783977000003,5730.8647,6439.0,0.057800000000000004,2024-06-17,0.07730000000000001,350.0,,,,,,,
19,0.2131,0.022600000000000002,83.88266232000001,293.32072134,7397.727,8280.0,0.0566,2024-06-18,0.0792,380.0,,,,,,,
20,0.2234,0.0206,73.89128124,208.76080427999995,7173.9108,8076.0,0.037599999999999995,2024-06-19,0.058199999999999995,370.0,,,,,,,
21,0.22469999999999998,0.020999999999999998,78.73075475000002,256.04873210000005,7512.5695000000005,8465.0,0.0471,2024-06-20,0.0681,380.0,,,,,,,
22,0.1032,0.0126,27.006235200000003,74.58864960000001,2143.3520000000003,2390.0,0.0222,2024-06-21,0.0348,130.0,,,,,,,
23,0.2247,0.0225,80.24695625999999,271.30099988999996,6887.052299999999,7755.0,0.055099999999999996,2024-06-22,0.0776,240.0,,,,,,,
24,0.1047,0.0115,41.780965099999996,133.33577558,3633.1274,4058.0,0.0252,2024-06-23,0.036699999999999997,120.0,,,,,,,
25,0.2296,0.026099999999999998,79.33998365999999,242.48124857999997,6316.800799999999,7156.0,0.051000000000000004,2024-06-24,0.0771,250.0,,,,,,,
26,0.21649999999999997,0.0224,75.44513802,243.43615164,6542.6397,7328.0,0.0514,2024-06-25,0.0738,230.0,,,,,,,
27,0.21689999999999998,0.0332,138.36124519999998,319.99580663999996,8330.3948,9344.0,0.0436,2024-06-26,0.0768,350.0,,,,,,,
28,0.2342,0.027899999999999998,79.47120629999999,199.959434,5120.131,5790.0,0.0493,2024-06-27,0.07719999999999999,534.61,,,,,,,
29,0.2252,0.022199999999999998,66.01472999999999,196.83631001999998,5397.1494,6051.0,0.0484,2024-06-28,0.0706,424.99,,,,,,,
30,0.1157,0.0121,41.0881152,128.0183424,3395.712,3840.0,0.0256,2024-06-29,0.0377,208.08,,,,,,,
31,0.2203,0.0252,89.95293671,273.76367343000004,7130.4779,8013.0,0.0516,2024-06-30,0.07680000000000001,407.33000000000004,,,,,,,
32,0.1982,0.0216,59.0335164,201.46439205000001,5443.4655,6035.0,0.052599999999999994,2024-07-01,0.0742,338.97,,,,,,,
33,0.19879999999999998,0.021199999999999997,44.78784912,173.48463456000002,4398.5352,4896.0,0.0569,2024-07-02,0.0781,292.18,,,,,,,
34,0.2107,0.0259,94.04410035999999,286.16685184,7271.9852,8128.0,0.0528,2024-07-03,0.07869999999999999,393.03999999999996,,,,,,,
35,0.2076,0.0214,82.9123083,273.48247691999995,7759.5954,8658.0,0.0491,2024-07-04,0.0705,423.36,,,,,,,
36,0.2059,0.019700000000000002,67.67420000000001,248.9758524,6862.7196,7650.0,0.0528,2024-07-05,0.07250000000000001,404.88,,,,,,,
37,0.1042,0.0101,36.01841598,128.02585482,3566.1798000000003,3981.0,0.0258,2024-07-06,0.0359,255.01,,,,,,,
38,0.2874,0.0313,840.8294356800002,2943.30588394,75767.5682,83659.0,0.0842,2024-07-07,0.1155,2147.4,,,,,,,
39,0.1856,0.0188,57.020062800000005,211.33587795,6051.3195,6669.0,0.0509,2024-07-08,0.0697,403.78,,,,,,,
40,0.1941,0.0187,57.488858199999996,205.80635365999998,6156.0529,6800.0,0.048299999999999996,2024-07-09,0.067,360.75,,,,,,,
41,0.10310000000000001,0.0092,33.5835236,120.82767730000002,3650.3830000000003,4070.0,0.0239,2024-07-10,0.033100000000000004,215.63,,,,,,,
42,0.30379999999999996,0.0401,153.75683728,426.6595695799999,11486.7198,12782.0,0.0713,2024-07-11,0.1114,774.9200000000001,,,,,,,
43,0.0956,0.0113,43.6382044,139.024368,3861.788,4270.0,0.024700000000000003,2024-07-12,0.036000000000000004,267.09,,,,,,,
44,0.22899999999999998,0.0103,37.834784,132.972736,5651.744000000001,6388.0,0.0259,2024-07-13,0.036199999999999996,359.24,,,,,,,
45,0.22949999999999998,0.028499999999999998,92.80230871999998,252.66714159999998,6457.3948,7293.0,0.0494,2024-07-14,0.0779,543.1800000000001,,,,,,,
46,0.1182,0.015,45.725739,110.04661185999997,3048.3826,3457.0,0.021099999999999997,2024-07-15,0.03609999999999999,183.35,,,,,,,
47,0.22039999999999998,0.026,59.257675199999994,160.59549833999998,4572.157799999999,5136.0,0.0446,2024-07-16,0.0706,376.53,,,,,,,
48,0.2049,0.0274,86.93021803,206.82092751,6276.8537,6989.0,0.0384,2024-07-17,0.0658,364.53,,,,,,,
49,0.2277,0.0312,113.30713537,258.59993547,7265.2577,8199.0,0.039999999999999994,2024-07-18,0.0712,416.49,,,,,,,
50,0.2043,0.03,114.71713677,254.42593653,7656.0591,8527.0,0.036500000000000005,2024-07-19,0.0665,441.77,,,,,,,
51,0.1944,0.0249,78.94380966,208.67386566000005,6430.4606,7121.0,0.040400000000000005,2024-07-20,0.0653,307.71,,,,,,,
52,0.2232,0.0199,74.49401347999999,218.66966911999998,7487.4928,8428.0,0.0385,2024-07-21,0.0584,389.94,,,,,,,
53,0.2011,0.0267,73.19547890000001,200.0422346,5380.671,5985.0,0.0471,2024-07-22,0.0738,354.18,,,,,,,
54,0.2272,0.03,107.02890036000001,269.41060008,7132.4988,8046.0,0.0455,2024-07-23,0.07550000000000001,421.44,,,,,,,
55,0.19080000000000003,0.0312,65.93180823,161.08054671000002,4461.1403,4973.0,0.042,2024-07-24,0.07320000000000002,335.85,,,,,,,
56,0.20179999999999998,0.031700000000000006,91.09469754,221.18458230000002,5750.7714,6402.0,0.04529999999999999,2024-07-25,0.077,399.65,,,,,,,
57,0.212,0.026500000000000003,88.33718403,248.20760821,6665.1839,7457.0,0.048,2024-07-26,0.0745,455.37,,,,,,,
58,0.09390000000000001,0.0155,57.371986750000005,139.91361930000002,3701.4185,4085.0,0.0223,2024-07-27,0.0378,262.85,,,,,,,
59,0.2152,0.0235,79.96520802,263.31282288,6792.897199999999,7612.0,0.054099999999999995,2024-07-28,0.0776,502.68999999999994,,,,,,,
60,0.19979999999999998,0.024399999999999998,78.49282518,277.3525293,6435.6842,7150.0,0.06180000000000001,2024-07-29,0.0862,477.49,,,,,,,
61,0.2098,0.0231,83.64711018,295.04232235999996,7240.1714,8089.0,0.0584,2024-07-30,0.08149999999999999,482.31,,,,,,,
62,0.2107,0.0229,56.385372950000004,180.46622745000002,4695.8605,5240.0,0.0529,2024-07-31,0.0758,418.37,,,,,,,
63,0.21839999999999998,0.0299,98.68161,262.65465496,6446.9272,7239.0,0.0504,2024-08-01,0.08030000000000001,448.74,,,,,,,
64,0.2042,0.0269,99.67059234000001,301.98424212,7410.3498,8253.0,0.054599999999999996,2024-08-02,0.08149999999999999,495.49,,,,,,,
65,0.2098,0.0254,86.93087046,256.82097433999996,6852.827799999999,7658.0,0.0496,2024-08-03,0.075,440.2,,,,,,,
66,0.09759999999999999,0.0146,55.38786816,155.54127359999998,3793.6895999999997,4204.0,0.0264,2024-08-04,0.041,225.89,,,,,,,
67,0.21839999999999998,0.0291,102.46325679,269.15400433,7032.5818,7896.0,0.0474,2024-08-05,0.0765,499.31,,,,,,,
68,0.21109999999999998,0.027700000000000002,51.4221687,154.31647278,3896.0771999999997,4379.0,0.049600000000000005,2024-08-06,0.07730000000000001,276.4,,,,,,,
69,0.22,0.022899999999999997,79.05092461000001,250.12694356999998,6901.979,7756.0,0.0496,2024-08-07,0.0725,446.26,,,,,,,
70,0.21860000000000002,0.0259,72.73723140000001,214.34797026,5640.5718,6333.0,0.050600000000000006,2024-08-08,0.07650000000000001,406.85,,,,,,,
71,0.1108,0.0115,40.023781199999995,128.07609983999998,3654.3288,4088.0,0.0253,2024-08-09,0.0368,235.71,,,,,,,
72,0.2246,0.0309,98.91777292,247.98076665999997,6335.331399999999,7139.0,0.0472,2024-08-10,0.0781,402.46,,,,,,,
73,0.2203,0.0251,88.21409064,262.47697983,7024.7853,7894.0,0.049600000000000005,2024-08-11,0.0747,464.78,,,,,,,
74,0.1202,0.0125,42.58232,134.90078975999998,3406.5856,3872.0,0.0271,2024-08-12,0.039599999999999996,248.44,,,,,,,
75,0.1002,0.014199999999999999,47.0199488,132.1194336,3311.264,3680.0,0.025699999999999997,2024-08-13,0.0399,231.48,,,,,,,
76,0.21130000000000002,0.0044,15.551199529999998,171.25413744999997,6678.7420999999995,7486.0,0.0441,2024-08-22,0.0485,0.0,,,,,,,
77,0.2341,0.0042,16.73726844,173.70326211999998,7967.7318,9024.0,0.0394,2024-08-23,0.0436,0.0,,,,,,,
78,0.1973,0.0038,14.750548160000001,166.99472608,7763.4464,8616.0,0.0392,2024-08-24,0.043,0.0,,,,,,,
79,0.2097,0.0034000000000000002,15.358696759999999,197.0769181,8869.173299999999,9909.0,0.0408,2024-08-25,0.0442,0.0,,,,,,,
80,0.22390000000000002,0.019700000000000002,63.17175168,198.64350085999996,6594.185799999999,7427.0,0.0412,2024-08-26,0.060899999999999996,71.59,,,,,,,
81,0.3388,0.0465,173.18329374,448.49617816,11177.3178,12599.0,0.07390000000000001,2024-08-27,0.12040000000000002,577.79,,,,,,,
82,0.20650000000000002,0.0337,120.5112927,278.09982940000003,7148.101000000001,7973.0,0.0441,2024-08-28,0.07780000000000001,396.07,,,,,,,
83,0.2,0.029199999999999997,81.25630927999998,214.11633662,5637.9589,6283.0,0.048100000000000004,2024-08-29,0.07730000000000001,370.35,,,,,,,
84,0.19419999999999998,0.0324,97.66338707999999,246.59675432,5900.6062,6526.0,0.05009999999999999,2024-08-30,0.08249999999999999,347.40999999999997,,,,,,,
85,0.1987,0.030699999999999998,105.26467233,288.13335861,6840.3663,7602.0,0.0537,2024-08-31,0.0844,419.33000000000004,,,,,,,
86,0.2102,0.0293,92.03054148000001,257.9559304,6259.4452,7006.0,0.0527,2024-09-01,0.08199999999999999,391.39,0.3933,86.3900428158,314.380809,1.7039470397930945,0.5523,77.02370715150002,0.49260000000000004
87,0.20789999999999997,0.0305,108.66170638,305.68342184000005,7192.1594000000005,8027.0,0.0547,2024-09-02,0.0852,353.0,0.4013,89.8908486942,282.292957,1.4678242167779172,0.6382,79.756923684,0.5661
88,0.1724,0.0278,102.49630959999999,291.96199,7366.486,8060.0,0.0515,2024-09-03,0.0793,399.11,0.3921,94.81945298740001,320.70612500000004,1.6070121811356655,0.5881000000000001,82.854214498,0.5137
89,0.1915,0.0323,120.26088338000001,301.60888938000005,7449.6491000000005,8239.0,0.0487,2024-09-04,0.081,511.63,0.3951,116.638605985,410.595047,1.7483102261728698,0.5675,105.21370787980001,0.5118
90,0.2012,0.0305,109.93233405000001,293.77812045,7212.7011,8019.0,0.051000000000000004,2024-09-05,0.0815,468.38,0.40669999999999995,94.31632101650001,373.311931,1.524177929567327,0.5033,83.9360324868,0.4483
91,0.28890000000000005,0.046700000000000005,127.53195069,322.0355352,8427.0729,9341.0,0.0709,2024-09-06,0.11760000000000001,685.39,0.6168,124.86262776079998,545.0356159999999,2.534220789503942,0.68,105.17441068079998,0.5739
92,0.1893,0.0262,92.61206976,255.10242297,7062.3591,7801.0,0.045899999999999996,2024-09-07,0.0721,439.79,0.4192,78.780040416,347.579848,1.4983821957269536,0.4533,69.256338052,0.39849999999999997
93,0.20879999999999999,0.0234,43.56111393,131.91015349999998,3591.2916999999998,4015.0,0.0499,2024-09-08,0.0733,304.24,0.4326,49.84204055960001,238.60222600000003,2.214534429608201,0.4122,42.7511793736,0.35650000000000004
94,0.1804,0.0306,88.99994731999999,243.10739827999998,5919.7444,6504.0,0.0518,2024-09-09,0.0824,428.26,0.40479999999999994,85.6386422556,341.515806,1.750114213688191,0.502,74.4682332498,0.4367
95,0.0943,0.0166,60.64965708,144.68231447999997,4398.5938,4779.0,0.023,2024-09-10,0.039599999999999996,270.55,0.2026,50.352915438,215.73657,0.718533116889966,0.2334,43.578787139999996,0.20199999999999999
96,0.19619999999999999,0.0308,118.02396540000001,291.8534955,7652.219,8483.0,0.0455,2024-09-11,0.0763,565.8599999999999,0.4021,108.2431795944,452.33815200000004,1.6248126757555523,0.477,96.2215885848,0.42379999999999995
97,0.1962,0.028,93.471476,265.25993600000004,6565.84,7274.0,0.0528,2024-09-12,0.08080000000000001,535.06,0.4173,102.34909351800002,423.37875,2.037490426572961,0.48350000000000004,89.060759274,0.42069999999999996
98,0.20750000000000002,0.028399999999999998,109.41471612,282.6693804,7694.151900000001,8586.0,0.045,2024-09-13,0.07339999999999999,461.16,0.4143,92.773343248,365.66862000000003,1.579669976197276,0.5068,82.72585472200001,0.4517
99,0.1907,0.0382,101.55033845,250.98288384999998,5606.5519,6201.0,0.0538,2024-09-14,0.092,409.79,0.4126,93.24747926789999,324.552157,1.6505842843806797,0.5904,84.16867396110001,0.5317000000000001
100,0.19569999999999999,0.030400000000000003,94.58337908000001,267.30150308,6176.3158,6845.0,0.0561,2024-09-15,0.0865,453.71,0.3953,101.0826955062,364.09371799999997,1.896049695337502,0.5533,88.55474558419999,0.48439999999999994
101,0.2128,0.0379,146.81988384,359.54552928,7749.859199999999,8672.0,0.054900000000000004,2024-09-16,0.0928,535.72,0.4012,130.61752473200002,428.23930000000007,1.5156651813643842,0.6114,111.33717437600001,0.5215
102,0.19039999999999999,0.0337,125.07916267000002,303.66064673999995,7425.805200000001,8206.0,0.048100000000000004,2024-09-17,0.0818,622.89,0.3815,131.87685278819998,504.04756999999995,1.874235343543281,0.5232,117.1562989948,0.4648
103,0.1853,0.036500000000000005,133.1697015,316.2498012,7289.937,8034.0,0.050199999999999995,2024-09-18,0.0867,586.9300000000001,0.37729999999999997,124.18002366299999,476.11412299999995,1.703283210550343,0.5219,112.6006385721,0.47350000000000003
104,0.1976,0.0308,114.51618884,294.91606375000003,7434.9644,8250.0,0.0485,2024-09-19,0.07930000000000001,517.59,0.40249999999999997,101.838815514,413.312775,1.5074866190145833,0.49260000000000004,86.3323367682,0.41769999999999996
105,0.22849999999999998,0.028200000000000003,103.75607925,278.023107,7344.0375,8291.0,0.0475,2024-09-20,0.07569999999999999,557.99,0.40780000000000005,113.03880014239999,444.16839999999996,1.9121510690357904,0.5098,98.90499397519999,0.4464
106,0.2253,0.0303,103.39509672,281.76626294999994,6834.1443,7702.0,0.052199999999999996,2024-09-21,0.08249999999999999,417.25,0.3924,96.01030708299999,335.41366899999997,1.635083800862838,0.5725,84.060673259,0.5013
107,0.20400000000000001,0.028999999999999998,114.2897026,318.6817326,7884.758,8783.0,0.0518,2024-09-22,0.0808,413.37,0.3685,115.15782188579999,337.17121499999996,1.7471199487385571,0.6843999999999999,99.8234815347,0.5931
108,0.2203,0.029400000000000003,112.69044321999999,311.33660351000003,7667.549499999999,8620.0,0.0519,2024-09-23,0.08130000000000001,550.44,0.34440000000000004,139.2883969796,455.67887199999996,2.1691578781154037,0.6113,122.2148386448,0.5364
109,0.20829999999999999,0.024800000000000003,89.00288273999999,289.84707456,7165.7338,7994.0,0.0555,2024-09-24,0.0803,403.02,0.37470000000000003,97.02056646419999,327.128961,1.8593356692454424,0.5883,82.099323378,0.49850000000000005
110,0.20120000000000002,0.0278,115.00141264,373.14159429999995,8287.7382,9214.0,0.0623,2024-09-25,0.0901,542.53,0.3968,118.09999294119999,434.937098,1.6786243430528793,0.5424,96.8927797952,0.4445
111,0.19519999999999998,0.028200000000000003,123.60087800000001,402.66011805000005,8760.2275,9707.0,0.06380000000000001,2024-09-26,0.092,502.67999999999995,0.4037,109.0256327322,401.214306,1.4114987620769548,0.5435,87.1938317298,0.4347
112,0.1938,0.0274,122.79429576000001,372.8781777600001,8964.957600000002,9927.0,0.0558,2024-09-27,0.0832,528.95,0.393,130.593155755,425.04994999999997,1.8984418899711852,0.6132,116.48663725,0.5468999999999999
113,0.09759999999999999,0.0103,10.06618176,37.1373696,2437.2992,2543.0,0.0277,2024-09-28,0.038,217.09,0.4002,38.431803731200006,173.42584000000002,3.0701050112570196,0.31479999999999997,31.8247203616,0.2488
114,0.19549999999999998,0.0338,60.72066720000001,165.1102593,3640.44,4033.0,0.0595,2024-09-29,0.0933,314.05,0.4103,70.3572219588,251.205332,1.9414402424894264,0.5116,63.26720462720001,0.4571
115,0.18610000000000002,0.0237,91.41165767999999,318.7262394,7729.411399999999,8522.0,0.0589,2024-09-30,0.0826,395.19,0.3952,82.305111144,317.071106,1.550288973430487,0.523,70.5232489114,0.4488
116,0.2092,0.0045,9.17994432,113.15698512,5109.092000000001,5752.0,0.0414,2024-10-01,0.045899999999999996,0.0,0.0,0.0,0.0,0.0,0.0,0.0,0.0
117,0.222,0.0052,15.1182668,134.6748397,6206.6404,6954.0,0.0391,2024-10-02,0.044300000000000006,0.0,0.0,0.0,0.0,0.0,0.0,0.0,0.0
118,0.12480000000000001,0.003,14.682355200000002,107.6706048,5067.1184,5765.0,0.019,2024-10-03,0.022,0.0,0.0,0.0,0.0,0.0,0.0,0.0,0.0
119,0.2137,0.0053,21.30341412,225.63833858,8046.2986,9008.0,0.0509,2024-10-04,0.0562,0.0,0.0,0.0,0.0,0.0,0.0,0.0,0.0
120,0.20939999999999998,0.0039,6.05889924,107.12614429999999,3770.4529,4195.0,0.060700000000000004,2024-10-05,0.0646,0.0,0.0,0.0,0.0,0.0,0.0,0.0,0.0
121,0.2061,0.0049,14.25273337,151.385382,5908.0797,6591.0,0.047700000000000006,2024-10-06,0.0526,0.0,0.0,0.0,0.0,0.0,0.0,0.0,0.0
122,0.2125,0.0045000000000000005,10.324206629999999,128.16021585,4868.3345,5447.0,0.0493,2024-10-07,0.0538,0.0,0.0,0.0,0.0,0.0,0.0,0.0,0.0
123,0.22459999999999997,0.004399999999999999,13.12233776,151.02293003,6153.398999999999,6878.0,0.0515,2024-10-08,0.055900000000000005,0.0,0.0,0.0,0.0,0.0,0.0,0.0,0.0
124,0.2233,0.0042,18.337066859999997,218.67549101999995,8914.8017,10024.0,0.0445,2024-10-09,0.04869999999999999,0.0,0.0,0.0,0.0,0.0,0.0,0.0,0.0
125,0.19639999999999996,0.0062,26.15430738,232.25160366,8521.8606,9444.0,0.0484,2024-10-10,0.0546,0.0,0.0,0.0,0.0,0.0,0.0,0.0,0.0
126,0.2082,0.0036,10.094066640000001,142.15445736,5607.8148,6240.0,0.0465,2024-10-11,0.050100000000000006,0.0,0.0,0.0,0.0,0.0,0.0,0.0,0.0
127,0.2087,0.0061,12.411336630000001,108.84934956000001,4111.3891,4592.0,0.0471,2024-10-12,0.0532,0.0,0.0,0.0,0.0,0.0,0.0,0.0,0.0
128,0.22039999999999998,0.0045000000000000005,21.12002424,244.17486112,9401.8334,10563.0,0.0475,2024-10-13,0.052,0.0,0.0,0.0,0.0,0.0,0.0,0.0,0.0
129,0.21150000000000002,0.004,7.067218690000001,104.39362268,4061.0459,4511.0,0.0462,2024-10-14,0.050199999999999995,0.0,0.0,0.0,0.0,0.0,0.0,0.0,0.0
130,0.2183,0.0047,17.6258208,188.68072625999997,7091.5362,7994.0,0.0489,2024-10-15,0.053599999999999995,0.0,0.0,0.0,0.0,0.0,0.0,0.0,0.0
131,0.24080000000000001,0.0052,15.718824239999998,141.28712346,6061.4778,6892.0,0.041400000000000006,2024-10-16,0.0466,0.0,0.0,0.0,0.0,0.0,0.0,0.0,0.0
132,0.1998,0.0039,11.90996962,124.64307036000001,6468.6094,7177.0,0.0347,2024-10-17,0.0386,0.0,0.0,0.0,0.0,0.0,0.0,0.0,0.0
133,0.2287,0.004399999999999999,11.89682902,103.63383733,5432.0087,6133.0,0.0337,2024-10-18,0.038099999999999995,0.0,0.0,0.0,0.0,0.0,0.0,0.0,0.0
134,0.2207,0.0049,16.44524442,111.50937684000002,7048.578600000001,7888.0,0.0266,2024-10-19,0.0315,0.0,0.0,0.0,0.0,0.0,0.0,0.0,0.0
135,0.12210000000000001,0.0017000000000000001,2.42669118,22.26846024,1427.4654,1626.0,0.0139,2024-10-20,0.0156,0.0,0.0,0.0,0.0,0.0,0.0,0.0,0.0
136,0.2218,0.0035,12.54860508,123.60721896000001,7253.716399999999,8140.0,0.030100000000000002,2024-10-21,0.033600000000000005,0.0,0.0,0.0,0.0,0.0,0.0,0.0,0.0
137,0.3637,0.006200000000000001,27.201989200000007,225.60979984000005,12946.896400000001,14760.0,0.046,2024-10-22,0.0522,0.0,0.0,0.0,0.0,0.0,0.0,0.0,0.0
138,0.2304,0.0041,20.019622079999998,178.58118528,9760.7424,11032.0,0.0325,2024-10-23,0.0366,0.0,0.0,0.0,0.0,0.0,0.0,0.0,0.0
139,0.20839999999999997,0.004,18.7469586,178.12712176,9342.3292,10442.0,0.0341,2024-10-24,0.038099999999999995,0.0,0.0,0.0,0.0,0.0,0.0,0.0,0.0
140,0.2178,0.0033,15.7370381,168.27225190000001,9535.744999999999,10704.0,0.032,2024-10-25,0.0353,0.0,0.0,0.0,0.0,0.0,0.0,0.0,0.0
141,0.21800000000000003,0.003,11.7477585,139.80480900000003,7831.839,8790.0,0.0327,2024-10-26,0.0357,0.0,0.0,0.0,0.0,0.0,0.0,0.0,0.0
142,0.22,0.0039000000000000003,13.0569928,117.45330999999999,6214.0665,6975.0,0.0336,2024-10-27,0.0375,0.0,0.0,0.0,0.0,0.0,0.0,0.0,0.0
143,0.2306,0.0038,15.9031494,179.72588860000002,8163.1484,9215.0,0.0398,2024-10-28,0.0436,0.0,0.0,0.0,0.0,0.0,0.0,0.0,0.0
144,0.2329,0.0038,15.16874,171.60292632,8088.2047999999995,9181.0,0.0391,2024-10-29,0.04290000000000001,0.0,0.0,0.0,0.0,0.0,0.0,0.0,0.0
145,0.2141,0.0043,21.95686842,228.33404672999995,10174.5393,11394.0,0.040499999999999994,2024-10-30,0.04479999999999999,0.0,0.0,0.0,0.0,0.0,0.0,0.0,0.0
146,0.23079999999999998,0.0045,12.13879448,112.35085579999998,5225.6212,5922.0,0.0385,2024-10-31,0.043,0.0,0.0,0.0,0.0,0.0,0.0,0.0,0.0
147,0.2102,0.0293,131.55577211999997,368.06739759999994,8986.1188,10039.0,0.0527,2024-11-01,0.08199999999999999,0.0,0.3933,0.0,0.0,0.0,0.5523,0.0,0.49260000000000004
148,0.21810000000000002,0.0037,17.223569840000003,215.40582080000001,9281.7232,10420.0,0.0427,2024-11-02,0.046400000000000004,0.0,0.0,0.0,0.0,0.0,0.0,0.0,0.0
149,0.22139999999999999,0.0042,18.900879489999998,211.51300650999997,8936.0131,10045.0,0.0432,2024-11-03,0.0474,0.0,0.0,0.0,0.0,0.0,0.0,0.0,0.0
150,0.25229999999999997,0.0057,18.2168406,178.29971064,6553.1968,7447.0,0.0475,2024-11-04,0.0532,0.0,0.0,0.0,0.0,0.0,0.0,0.0,0.0
151,0.22940000000000002,0.0035,10.63822459,164.64197787999998,6557.2914,7402.0,0.047299999999999995,2024-11-05,0.0508,0.0,0.0,0.0,0.0,0.0,0.0,0.0,0.0
152,0.24830000000000002,0.0039,15.2356093,183.15883042000002,7778.2574,8875.0,0.043300000000000005,2024-11-06,0.047200000000000006,0.0,0.0,0.0,0.0,0.0,0.0,0.0,0.0
153,0.21939999999999998,0.0038000000000000004,9.805725800000001,106.42193120000002,5116.439,5751.0,0.0378,2024-11-07,0.0416,0.0,0.0,0.0,0.0,0.0,0.0,0.0,0.0
154,0.2144,0.0046,23.95966704,236.68260504,10407.1896,11656.0,0.0409,2024-11-08,0.0455,0.0,0.0,0.0,0.0,0.0,0.0,0.0,0.0
155,0.19870000000000002,0.0027,1.7767064399999999,34.16900408000001,1474.316,1629.0,0.042300000000000004,2024-11-09,0.045,0.0,0.0,0.0,0.0,0.0,0.0,0.0,0.0
156,0.2277,0.0034000000000000002,11.938357200000002,143.992275,6084.351000000001,6830.0,0.045399999999999996,2024-11-10,0.048799999999999996,0.0,0.0,0.0,0.0,0.0,0.0,0.0,0.0
157,0.2304,0.004699999999999999,13.099767139999999,155.51193533,6516.8779,7429.0,0.0442,2024-11-11,0.0489,0.0,0.0,0.0,0.0,0.0,0.0,0.0,0.0
158,0.2294,0.0049,28.34696104,270.75927624,11574.628400000001,13076.0,0.04190000000000001,2024-11-12,0.04680000000000001,0.0,0.0,0.0,0.0,0.0,0.0,0.0,0.0
159,0.2167,0.0049,28.06640208,254.27501855999998,11454.163199999999,12846.0,0.0395,2024-11-13,0.044399999999999995,0.0,0.0,0.0,0.0,0.0,0.0,0.0,0.0
160,0.2271,0.0035,8.674426500000001,104.54528685,4887.9915,5510.0,0.0388,2024-11-14,0.042300000000000004,0.0,0.0,0.0,0.0,0.0,0.0,0.0,0.0
161,0.2101,0.0031000000000000003,17.806403500000002,222.35104429999998,11490.071,12841.0,0.03559999999999999,2024-11-15,0.0387,0.0,0.0,0.0,0.0,0.0,0.0,0.0,0.0
162,0.19840000000000002,0.0038,13.7899836,135.2331984,6730.716,7467.0,0.0375,2024-11-16,0.0413,0.0,0.0,0.0,0.0,0.0,0.0,0.0,0.0
163,0.1899,0.0038,17.04810853,185.41459154,8972.6887,9925.0,0.0375,2024-11-17,0.041299999999999996,0.0,0.0,0.0,0.0,0.0,0.0,0.0,0.0
164,0.20650000000000002,0.0029000000000000002,15.917414670000003,233.23909356000001,10974.521700000001,12238.0,0.039599999999999996,2024-11-18,0.042499999999999996,0.0,0.0,0.0,0.0,0.0,0.0,0.0,0.0
165,0.2237,0.0032,18.333200520000002,226.28750670000002,11457.705600000001,12901.0,0.0363,2024-11-19,0.03950000000000001,0.0,0.0,0.0,0.0,0.0,0.0,0.0,0.0
166,0.2011,0.0031999999999999997,18.01536043,211.56828328999998,11334.504700000001,12599.0,0.0341,2024-11-20,0.0373,0.0,0.0,0.0,0.0,0.0,0.0,0.0,0.0
167,0.2541,0.0037999999999999996,21.509840519999997,209.08596264999997,11298.6727,12943.0,0.03319999999999999,2024-11-21,0.03699999999999999,0.0,0.0,0.0,0.0,0.0,0.0,0.0,0.0
168,0.2084,0.004399999999999999,24.480747299999997,237.09895013,11159.7356,12458.0,0.038099999999999995,2024-11-22,0.042499999999999996,0.0,0.0,0.0,0.0,0.0,0.0,0.0,0.0
169,0.2222,0.0037,20.61156026,264.72972875,11135.9679,12529.0,0.0438,2024-11-23,0.0475,0.0,0.0,0.0,0.0,0.0,0.0,0.0,0.0
170,0.2639,0.0031,15.355433179999999,189.73588352999997,9687.8365,11154.0,0.036199999999999996,2024-11-24,0.0393,0.0,0.0,0.0,0.0,0.0,0.0,0.0,0.0
171,0.19480000000000003,0.0033,18.828909120000002,341.2605072,11414.2224,12646.0,0.056499999999999995,2024-11-25,0.0598,0.0,0.0,0.0,0.0,0.0,0.0,0.0,0.0
172,0.2298,0.0057,30.74581323,324.67289514,10885.313999999998,12300.0,0.0539,2024-11-26,0.0596,0.0,0.0,0.0,0.0,0.0,0.0,0.0,0.0
173,0.2074,0.0063,28.84599,225.04634585999997,8875.6062,9895.0,0.0441,2024-11-27,0.0504,0.0,0.0,0.0,0.0,0.0,0.0,0.0,0.0
174,0.2428,0.0048000000000000004,25.74313525,265.05204545,10756.3285,12243.0,0.0445,2024-11-28,0.0493,0.0,0.0,0.0,0.0,0.0,0.0,0.0,0.0
175,0.2553,0.0045000000000000005,20.2712861,194.49714076,8538.8294,9779.0,0.041800000000000004,2024-11-29,0.0463,0.0,0.0,0.0,0.0,0.0,0.0,0.0,0.0
176,0.2399,0.0052,28.937257879999997,266.93057304,11109.5308,12623.0,0.042899999999999994,2024-11-30,0.0481,0.0,0.0,0.0,0.0,0.0,0.0,0.0,0.0
177,0.2007,0.0037,15.98212607,207.24114124000002,8982.4817,9962.0,0.042499999999999996,2024-12-01,0.046200000000000005,0.0,0.0,0.0,0.0,0.0,0.0,0.0,0.0
178,0.2111,0.004,4.81992012,56.483492670000004,2216.6648999999998,2472.0,0.0479,2024-12-02,0.0519,0.0,0.0,0.0,0.0,0.0,0.0,0.0,0.0
179,0.2321,0.0031000000000000003,16.226570940000002,221.50302198000003,10451.67,11821.0,0.0392,2024-12-03,0.042300000000000004,0.0,0.0,0.0,0.0,0.0,0.0,0.0,0.0
180,0.20049999999999998,0.0041,17.86083421,159.7858874,7621.7081,8446.0,0.0381,2024-12-04,0.0422,0.0,0.0,0.0,0.0,0.0,0.0,0.0,0.0
181,0.22160000000000002,0.005000000000000001,23.032762160000004,207.5625512,9148.446800000002,10286.0,0.040299999999999996,2024-12-05,0.04529999999999999,0.0,0.0,0.0,0.0,0.0,0.0,0.0,0.0
182,0.2223,0.0065,34.26271804,237.07690228,10654.5349,11986.0,0.038000000000000006,2024-12-06,0.0445,0.0,0.0,0.0,0.0,0.0,0.0,0.0,0.0
183,0.2264,0.0031000000000000003,10.32213732,159.05840588,7819.404999999999,8830.0,0.0373,2024-12-07,0.040400000000000005,0.0,0.0,0.0,0.0,0.0,0.0,0.0,0.0
184,0.2234,0.004399999999999999,23.492831680000002,231.0809908,10668.7536,12010.0,0.038900000000000004,2024-12-08,0.043300000000000005,0.0,0.0,0.0,0.0,0.0,0.0,0.0,0.0
185,0.22959999999999997,0.0037,19.58470631,222.58480483,10527.829099999999,11893.0,0.038400000000000004,2024-12-09,0.0421,0.0,0.0,0.0,0.0,0.0,0.0,0.0,0.0
186,0.2262,0.0031999999999999997,16.514929119999998,211.44861379999998,10339.5544,11659.0,0.0377,2024-12-10,0.0409,0.0,0.0,0.0,0.0,0.0,0.0,0.0,0.0
187,0.22260000000000002,0.0042,20.349663480000004,208.46457432,9614.0772,10836.0,0.039,2024-12-11,0.0432,0.0,0.0,0.0,0.0,0.0,0.0,0.0,0.0
188,0.21190000000000003,0.0027,14.698480360000001,191.19903656000002,10930.7284,12228.0,0.0323,2024-12-12,0.035,0.0,0.0,0.0,0.0,0.0,0.0,0.0,0.0
189,0.2133,0.004,14.296860899999999,140.07758404999998,7559.5705,8450.0,0.0317,2024-12-13,0.035699999999999996,0.0,0.0,0.0,0.0,0.0,0.0,0.0,0.0
190,0.24209999999999998,0.0049,27.463969719999998,234.29520664,11213.4416,12758.0,0.0369,2024-12-14,0.041800000000000004,0.0,0.0,0.0,0.0,0.0,0.0,0.0,0.0
191,0.20090000000000002,0.002,10.35200128,199.56937200000002,10468.403600000001,11638.0,0.0359,2024-12-15,0.0379,0.0,0.0,0.0,0.0,0.0,0.0,0.0,0.0
192,0.2134,0.0054,21.636391269999997,162.59185804999998,8279.4463,9263.0,0.0347,2024-12-16,0.0401,0.0,0.0,0.0,0.0,0.0,0.0,0.0,0.0
193,0.2151,0.005299999999999999,29.562672559999996,222.98372343,11117.749899999999,12457.0,0.0349,2024-12-17,0.0402,0.0,0.0,0.0,0.0,0.0,0.0,0.0,0.0
194,0.21130000000000002,0.0055,10.35507334,63.32475952,3724.9367,4162.0,0.0287,2024-12-18,0.034199999999999994,0.0,0.0,0.0,0.0,0.0,0.0,0.0,0.0
195,0.20500000000000002,0.0018000000000000002,10.38696406,191.76431717999998,11639.8426,12968.0,0.031099999999999996,2024-12-19,0.0329,0.0,0.0,0.0,0.0,0.0,0.0,0.0,0.0
196,0.2288,0.0035,18.848009400000002,232.97746236,10855.9692,12253.0,0.0393,2024-12-20,0.042800000000000005,0.0,0.0,0.0,0.0,0.0,0.0,0.0,0.0
197,0.2102,0.0048000000000000004,25.4591397,236.25695376,10118.1186,11313.0,0.042300000000000004,2024-12-21,0.0471,0.0,0.0,0.0,0.0,0.0,0.0,0.0,0.0
198,0.22150000000000003,0.0049,27.599507029999998,260.76901144,11101.7229,12480.0,0.042300000000000004,2024-12-22,0.0472,0.0,0.0,0.0,0.0,0.0,0.0,0.0,0.0
199,0.2681,0.0023,12.42234092,251.97783132,10765.7348,12432.0,0.0445,2024-12-23,0.0468,0.0,0.0,0.0,0.0,0.0,0.0,0.0,0.0
200,0.24380000000000002,0.0028000000000000004,16.056326020000004,260.83500008,11468.8043,13061.0,0.0427,2024-12-24,0.0455,0.0,0.0,0.0,0.0,0.0,0.0,0.0,0.0
201,0.2277,0.0056,32.3964868,275.93552439999996,11569.564,13056.0,0.0421,2024-12-25,0.04769999999999999,0.0,0.0,0.0,0.0,0.0,0.0,0.0,0.0
202,0.21189999999999998,0.0049,26.475355359999995,246.85029295999996,11002.0618,12306.0,0.039999999999999994,2024-12-26,0.044899999999999995,0.0,0.0,0.0,0.0,0.0,0.0,0.0,0.0
203,0.23360000000000003,0.0023,13.50909516,277.2427818,11748.3306,13302.0,0.044899999999999995,2024-12-27,0.0472,0.0,0.0,0.0,0.0,0.0,0.0,0.0,0.0
204,0.2314,0.0036000000000000003,9.430037080000002,156.74654282,6336.6946,7122.0,0.043300000000000005,2024-12-28,0.046900000000000004,0.0,0.0,0.0,0.0,0.0,0.0,0.0,0.0
205,0.22970000000000002,0.0039,13.256551420000001,163.81019263,7152.7029,8098.0,0.0416,2024-12-29,0.0455,0.0,0.0,0.0,0.0,0.0,0.0,0.0,0.0
206,0.23229999999999998,0.0026,6.19543886,130.40175482,6669.7987,7567.0,0.039099999999999996,2024-12-30,0.0417,0.0,0.0,0.0,0.0,0.0,0.0,0.0,0.0
207,0.22619999999999998,0.0058000000000000005,28.79932068,258.17489672,9511.875199999999,10728.0,0.049199999999999994,2024-12-31,0.05499999999999999,0.0,0.0,0.0,0.0,0.0,0.0,0.0,0.0
208,0.2253,0.012100000000000001,56.022867280000014,312.07005036000004,10094.4161,11378.0,0.0521,2025-01-01,0.06420000000000001,46.446,0.2122,6.05933029728,36.5901588,0.11930769139149522,0.1656,4.7384255646,0.1295
209,0.225,0.0207,86.99478715,326.67670065000004,8408.063,9474.0,0.057,2025-01-02,0.0777,450.78,0.4212,88.25140615320001,355.964652,1.5797004310784972,0.49200000000000005,68.031892908,0.38060000000000005
210,0.2349,0.020700000000000003,86.47427661,302.34708066,8352.1293,9464.0,0.051699999999999996,2025-01-03,0.07239999999999999,440.12,0.42789999999999995,81.6609104424,345.97188,1.501346096841655,0.4723,65.14544097359999,0.37559999999999993
211,0.2372,0.0242,103.66548496000001,298.2858328000001,8551.5272,9703.0,0.0456,2025-01-04,0.0698,589.1,0.42510000000000003,91.2835803924,463.790954,1.4711253338282533,0.3951,75.9113829628,0.32920000000000005
212,0.2251,0.0267,120.82867416,317.8396181,9052.2974,10200.0,0.0435,2025-01-05,0.0702,519.6,0.4118,94.59007819440001,412.686012,1.3605153064408113,0.4568,82.23124828440001,0.3964
213,0.2389,0.016900000000000002,78.02986018000001,270.98287492000003,9251.956400000001,10507.0,0.0417,2025-01-06,0.0586,492.52,0.42080000000000006,91.81615436919999,388.895028,3.323139253592502,0.47219999999999995,81.445408442,0.4188
214,0.2445,0.028499999999999998,132.49976585999997,302.85376617,9300.8375,10597.0,0.036599999999999994,2025-01-07,0.06509999999999999,527.74,0.4095,112.049330161,419.864326,1.5284976130404355,0.5350999999999999,101.3497741082,0.484
215,0.22290000000000001,0.0266,109.93045663999999,287.40710128,8205.812,9243.0,0.0436,2025-01-08,0.0702,539.56,0.4408,87.2374835328,420.640336,1.363901793823273,0.4148,74.07115296799999,0.35219999999999996
216,0.242,0.0267,122.1498702,331.2958416,9152.214,10414.0,0.0457,2025-01-09,0.07239999999999999,475.05999999999995,0.43220000000000003,89.64009617079999,372.36254199999996,1.2704645082883235,0.4815,77.5215586262,0.4164
217,0.2403,0.027700000000000002,124.00798701000001,325.46929272,8953.2461,10176.0,0.045,2025-01-10,0.0727,477.32,0.43370000000000003,102.03595273799999,373.813884,1.4107438063408864,0.5459,87.456079098,0.46790000000000004
218,0.2522,0.027200000000000002,112.95069428999999,326.8028960099999,8304.5253,9503.0,0.0515,2025-01-11,0.07869999999999999,548.53,0.4204,115.94414766099999,433.226855,1.7434394203395498,0.5353,98.37871204099999,0.45419999999999994
219,0.23909999999999998,0.027800000000000002,117.53794638000001,312.79868691,8464.2471,9613.0,0.0461,2025-01-12,0.0739,515.06,0.41509999999999997,111.9066102882,408.15520200000003,1.6497114974855607,0.5497000000000001,96.729632727,0.4754
220,0.23179999999999998,0.0297,124.0495051,305.87486572,8372.1506,9469.0,0.0434,2025-01-13,0.0731,549.0,0.4298,104.6737535202,431.034642,1.5165318133140455,0.48549999999999993,92.5203072996,0.42910000000000004
221,0.24609999999999999,0.0258,105.50467800000001,278.89227945000005,8178.4285,9326.0,0.0424,2025-01-14,0.0682,571.5999999999999,0.4498,95.512935794,442.90438,1.5480089199156843,0.4314,81.652942694,0.3689
222,0.2465,0.022600000000000002,93.694693,270.5452245,8289.650000000001,9455.0,0.0427,2025-01-15,0.0653,492.70000000000005,0.4198,90.9388091424,389.09060999999997,1.612641731806717,0.4687,75.5711752098,0.3901
223,0.256,0.0281,114.49713020000002,293.72921148,8147.932000000001,9344.0,0.044,2025-01-16,0.0721,533.64,0.4324,96.531702584,418.338504,1.4160827194519139,0.4646,80.913857984,0.3899
224,0.2489,0.0303,128.60233776,320.03184096,8489.1924,9696.0,0.0451,2025-01-17,0.0754,571.02,0.4229,108.1626058656,450.271074,1.4312950742690864,0.48250000000000004,92.0478965736,0.4106
225,0.22440000000000002,0.0252,110.58351612000001,318.78573972000004,8773.0349,9881.0,0.047400000000000005,2025-01-18,0.0726,553.1800000000001,0.4304,93.8667448832,434.10425599999996,1.401941886865038,0.43370000000000003,77.476896544,0.358
226,0.3683,0.0442,194.20484342,495.04472214,13179.7819,15023.0,0.06839999999999999,2025-01-19,0.11259999999999999,890.2,0.6486,158.586344064,697.579392,2.115366744394527,0.6865,136.9637232048,0.595
227,0.2559,0.023700000000000002,100.18868194000001,274.86273324,8409.097,9643.0,0.0416,2025-01-20,0.0653,505.03999999999996,0.44289999999999996,79.050783321,393.321446,1.4525832422209577,0.3998,68.88430754359999,0.3478
228,0.2566,0.0225,92.74157152000001,248.3642579,8244.3138,9459.0,0.0378,2025-01-21,0.0603,643.86,0.4418000000000001,95.7057837588,501.70274799999993,1.7602697652407389,0.38130000000000003,81.67324969639998,0.3253
229,0.2418,0.0243,59.138035679999994,172.29081435999998,4648.7612,5264.0,0.048299999999999996,2025-01-22,0.0726,418.3,0.4316,69.39374324799999,326.95912,4.1096082925112425,0.4306,57.817902176000004,0.3597
230,0.1101,0.0129,52.864064549999995,150.80601359999997,5463.9895,5971.0,0.0239,2025-01-23,0.0368,186.1,0.4281,37.684412550000005,147.78201,0.5856593010497148,0.3448,30.960331095,0.2724
231,0.24380000000000002,0.0028000000000000004,7.074058460000001,120.61959468999999,5052.8989,5775.0,0.0427,2025-01-24,0.0455,496.34,0.0,0.0,496.34,0.0,0.0,0.0,0.0
232,0.22469999999999998,0.0205,67.66537524,244.725705,6593.169,7418.0,0.0527,2025-01-25,0.0732,333.15000000000003,0.4209,62.330482308600004,262.504743,1.5465834871428314,0.4938,51.1350348591,0.40990000000000004
233,0.2449,0.0275,116.10796038999999,313.55501458,8434.3963,9611.0,0.0468,2025-01-26,0.0743,559.0,0.42110000000000003,109.6621868384,440.94127999999995,1.5935989997618578,0.502,92.89838678319998,0.4261
234,0.2482,0.0252,52.67705993999999,163.77176393999997,4277.431799999999,4884.0,0.0509,2025-01-27,0.0761,420.26,0.4232,72.35186185,331.165084,12.17100687175057,0.42500000000000004,59.608218270799995,0.3474
235,0.1105,0.0101,39.924673799999994,144.6775308,3952.9379999999996,4444.0,0.0265,2025-01-28,0.0366,176.08,0.2095,31.359786372,139.19124,0.6226614546315967,0.2253,24.859555463999996,0.17859999999999998
236,0.2286,0.021400000000000002,88.54958536,307.05139424,8275.098399999999,9343.0,0.0528,2025-01-29,0.07419999999999999,582.6600000000001,0.42879999999999996,91.9736537832,457.73796600000003,1.6241662907105494,0.4018,72.03626737020001,0.3147
237,0.2476,0.026099999999999998,108.2924085,327.42605045,8289.2671,9461.0,0.0529,2025-01-30,0.079,591.26,0.4299,97.546939224,464.21702600000003,1.5311337749304605,0.4205,82.330040107,0.355
238,0.24630000000000002,0.025500000000000002,83.68992528000001,268.20765978000003,6639.1099,7564.0,0.0552,2025-01-31,0.0807,576.26,0.41659999999999997,107.13383873800001,456.235162,2.449716143780436,0.46920000000000006,90.751511259,0.3974
239,0.2531,0.0156,64.2726756,268.30229664,8116.5882,9296.0,0.050199999999999995,2025-02-01,0.0658,435.9,0.438,83.092935732,340.65042000000005,3.0101482055624436,0.4746,66.64687466400001,0.3768
240,0.2261,0.022199999999999998,94.65869448000001,306.17538504000004,8522.1864,9607.0,0.049600000000000005,2025-02-02,0.0718,600.7,0.4363,94.36541482320001,469.4863260000001,1.5655222006540688,0.40359999999999996,74.2308704184,0.318
241,0.2519,0.027,114.67827,320.71935959999996,8507.449499999999,9733.0,0.0484,2025-02-03,0.0754,569.0,0.397,102.72964796899998,456.04774,1.4687552539984932,0.4503,85.19022366600001,0.3734
242,0.2584,0.0255,56.01933583999999,165.81363136,4358.598399999999,5007.0,0.0505,2025-02-04,0.07600000000000001,353.26,0.4213,70.3363922464,279.781064,1.9274218794166509,0.4598,60.22898754240001,0.38760000000000006
243,0.25289999999999996,0.0254,104.17892567999999,287.86468686,8215.1646,9402.0,0.044700000000000004,2025-02-05,0.0701,488.41999999999996,0.4386,81.34694398879999,381.32347400000003,1.3211134937040407,0.4263,68.8685443042,0.3609
244,0.2524,0.0242,76.63919096000001,215.94837850000002,6180.5366,7065.0,0.045200000000000004,2025-02-06,0.0694,452.06,0.42979999999999996,78.4471650566,355.853662,1.67622306768029,0.4231,66.87760207280002,0.358
245,0.2644,0.0242,87.01245564,262.46176772,7329.1135,8441.0,0.0476,2025-02-07,0.0718,527.8399999999999,0.4465,80.4653951844,409.99938999999995,1.526433521000813,0.3925,66.252105613,0.32310000000000005
246,0.2515,0.0256,116.42624377000001,341.10068340000004,9086.7199,10394.0,0.0494,2025-02-08,0.07500000000000001,600.38,0.4236,120.9944041336,473.127076,1.8346917956139663,0.5093,107.28227880880002,0.4515
247,0.27290000000000003,0.026500000000000003,117.13467864,322.99608911999997,8839.3668,10236.0,0.0466,2025-02-09,0.0731,559.7,0.419,114.49124395679998,442.46823199999994,1.687661288682107,0.5172999999999999,98.9051046728,0.4468
248,0.25980000000000003,0.0298,127.83647020000001,317.68183868,8598.0508,9883.0,0.0442,2025-02-10,0.07400000000000001,603.86,0.41900000000000004,118.06657606919998,477.616634,1.5628662176043702,0.49529999999999996,99.8040899556,0.4194
249,0.2453,0.0279,125.70623569,324.00437255,9001.9981,10261.0,0.0441,2025-02-11,0.07200000000000001,612.42,0.414,117.76755049199997,485.69560799999994,1.6725562731561712,0.4855,104.31321619439998,0.4302
250,0.2308,0.028200000000000003,128.65035414,323.78617875,9115.3941,10305.0,0.0428,2025-02-12,0.07100000000000001,545.9200000000001,0.42510000000000003,95.1187462536,429.869826,1.2858549649727982,0.4425,81.8148190428,0.38070000000000004
251,0.2425,0.0273,114.28676805,304.3568437,8375.048499999999,9530.0,0.045399999999999996,2025-02-13,0.0727,769.84,0.4369,131.7134607684,601.592532,1.9344558583887823,0.4381,110.5427728284,0.36760000000000004
252,0.2539,0.026500000000000003,116.76920578,322.61421048,8813.516,10095.0,0.0467,2025-02-14,0.07319999999999999,543.96,0.43210000000000004,99.33857122,426.423872,1.4607643075126724,0.4659,85.28439110560001,0.4
253,0.2566,0.0274,98.27714352000001,269.07612492,7194.4852,8240.0,0.0478,2025-02-15,0.0752,579.2,0.4154,116.18846462399999,458.714656,2.066748576951269,0.5076,97.95114877040001,0.4278
254,0.25980000000000003,0.0242,80.3299063,243.33819635,6593.0965,7565.0,0.049699999999999994,2025-02-16,0.0739,364.91999999999996,0.45699999999999996,61.773813984,280.76704,1.2791518848557282,0.4376,50.61361099199999,0.3568
255,0.26,0.025500000000000002,61.22557374,176.12901992000002,4788.9400000000005,5484.0,0.0475,2025-02-17,0.073,381.52,0.4283,64.2981634386,300.64608599999997,2.30556787132944,0.4141,53.828960897399995,0.3437
256,0.2419,0.025800000000000003,108.2739281,307.35017497,8394.5443,9552.0,0.0474,2025-02-18,0.0732,543.78,0.41359999999999997,101.96586353320001,431.40307400000006,1.576598115569785,0.47350000000000003,85.26666506880001,0.3966
257,0.2592,0.0264,116.30000694000003,328.61891292000007,8810.098600000001,10122.0,0.04820000000000001,2025-02-19,0.0746,555.88,0.3999,111.23934094079999,444.807504,1.5919630191768892,0.4992,92.688090216,0.4162
258,0.2419,0.0264,118.41466414000001,366.89665958,8977.8102,10212.0,0.055400000000000005,2025-02-20,0.0818,580.3599999999999,0.4247,104.32329704719999,457.28191799999996,1.4225156265071006,0.4572,84.175206486,0.369
259,0.2629,0.0254,112.94309781999999,355.47353636,8889.571100000001,10235.0,0.054599999999999996,2025-02-21,0.08,575.54,0.4132,107.7546233984,456.68761600000005,1.5757258903150984,0.47219999999999995,89.2833546528,0.3897
260,0.2596,0.0245,108.85982575,338.56076573999997,8885.6574,10212.0,0.051699999999999996,2025-02-22,0.07619999999999999,536.5,0.4132,99.6858729136,426.03540999999996,1.5024226494742776,0.4702,81.2817669748,0.3843
261,0.1201,0.0124,37.34753148,119.87352846,3131.8977,3543.0,0.0274,2025-02-23,0.0398,317.78,0.4515,56.000044704,248.81504,1.2143670411065144,0.3442,46.342054752,0.26980000000000004
262,0.2313,0.0271,91.08456966,256.21363278,6838.902,7731.0,0.0484,2025-02-24,0.0755,464.5,0.41559999999999997,96.8968043952,367.976674,1.8493334271561108,0.5267999999999999,81.2829086836,0.44189999999999996
263,0.1359,0.0141,45.31158939,107.65519465000001,3213.5879,3719.0,0.0194,2025-02-25,0.0335,221.68,0.4399,35.1181860142,174.310394,0.5281373028437923,0.3617,29.0199807674,0.2933
264,0.24009999999999998,0.0274,121.7315144,318.10302912,8885.511999999999,10098.0,0.0442,2025-02-26,0.0716,541.24,0.40349999999999997,109.01105698559999,432.06050799999997,1.5365156842106158,0.5042,93.5279046636,0.43260000000000004
265,0.2434,0.0272,119.19435696,326.64800112,8753.975999999999,9968.0,0.0474,2025-02-27,0.0746,510.67999999999995,0.49350000000000005,99.5358665376,383.08027799999996,1.429123657430284,0.5197,84.610289892,0.4418
266,0.2154,0.0249,105.62295848,306.8820148,8462.3696,9482.0,0.0476,2025-02-28,0.07250000000000001,529.9200000000001,0.40850000000000003,95.025619008,421.40844000000004,1.5161272742209606,0.45690000000000003,79.284217788,0.3817
267,0.2358,0.025500000000000002,110.77191479999999,333.6484074,8684.2935,9845.0,0.0513,2025-03-01,0.07680000000000001,557.3,0.41690000000000005,102.4948486558,441.182818,1.5098958530996596,0.46499999999999997,83.68061974599999,0.37989999999999996
268,0.246,0.0229,102.5613824,342.03987552,8950.6744,10206.0,0.0535,2025-03-02,0.0764,554.52,0.4162,108.436091546,439.50453200000004,1.7393106554794184,0.4917,89.30629753640001,0.4047
269,0.2535,0.025,107.0794908,343.32546775000003,8568.7559,9813.0,0.055099999999999996,2025-03-03,0.0801,544.5,0.4236,97.37033775,429.19905,1.455102104740908,0.4533,78.100138725,0.3629
270,0.2197,0.0254,100.26323584000001,302.11991584000003,7844.9228,8827.0,0.0516,2025-03-04,0.07700000000000001,530.06,0.40959999999999996,93.6810635048,421.9189,1.6382471420448543,0.4414,77.7540931508,0.36640000000000006
271,0.1121,0.0115,42.71198555,139.27821375000002,4332.0857,4801.0,0.026000000000000002,2025-03-05,0.037500000000000006,291.08,0.4266,44.4123640976,230.91023599999997,0.722141431011043,0.3342,35.44105260959999,0.2617
272,0.2501,0.025800000000000003,114.2846267,332.2266637,8859.350999999999,10126.0,0.049199999999999994,2025-03-06,0.07500000000000001,564.13,0.40359999999999996,99.39339937919999,450.254416,1.4129891257281673,0.4424,80.65961367599999,0.3595
273,0.2517,0.0243,95.04119969999999,277.10485852,7811.3478,8937.0,0.0466,2025-03-07,0.07089999999999999,516.86,0.407,93.9349684944,411.691968,1.639942048304825,0.4555,78.4535481648,0.3803
274,0.2368,0.0241,106.82641025,331.25024127999995,8866.2035,10057.0,0.0506,2025-03-08,0.0747,558.8,0.417,101.48909738600001,442.64342,1.5427267505682638,0.4561,82.57501088800001,0.371
275,0.24280000000000002,0.0237,102.52488052999999,349.06888481,8651.399300000001,9847.0,0.056999999999999995,2025-03-09,0.0807,546.46,0.4343,89.2391568452,427.83616200000006,1.3670485215385386,0.4179,70.0999214256,0.3283
276,0.2415,0.0216,81.05033055999999,291.92189656000005,7573.7624000000005,8611.0,0.05550000000000001,2025-03-10,0.0771,548.1,0.42860000000000004,92.851989264,430.53333599999996,1.8381334706922083,0.4326,74.266039536,0.34629999999999994
277,0.24869999999999998,0.0113,49.57974553,172.43221232999997,5036.5049,5735.0,0.027999999999999997,2025-03-11,0.039299999999999995,294.74,0.4327,51.78181653339999,234.81436599999998,0.7688836631953564,0.3375,39.885720500999994,0.24939999999999998
278,0.262,0.025500000000000002,111.68404900000002,322.99488940000003,8761.813,10083.0,0.04819999999999999,2025-03-12,0.0737,554.04,0.41960000000000003,96.06846004159999,438.06324399999994,1.3641530964863722,0.4369,76.0878619156,0.3446
279,0.2526,0.0276,91.94364152,250.80997946000002,6568.947399999999,7526.0,0.0489,2025-03-13,0.07650000000000001,452.36,0.3998,107.27803588640002,361.922996,2.1842202007426925,0.5928,91.78749284160001,0.5072
280,0.2302,0.028900000000000002,124.68441659999999,331.72728557999994,8645.5806,9769.0,0.0479,2025-03-14,0.07680000000000001,563.5799999999999,0.4155,119.94767292600001,446.46885,1.689975109392256,0.5394000000000001,105.357628215,0.47409999999999997
281,0.2696,0.027700000000000002,94.14682579999999,266.98761329999996,6743.1806,7783.0,0.051199999999999996,2025-03-15,0.0789,436.20000000000005,0.425,74.81847807000001,344.11294000000004,1.3817377314543522,0.429,63.34617376400001,0.36160000000000003
282,0.2623,0.0257,111.914785,333.01075862,8692.2526,10004.0,0.0509,2025-03-16,0.0766,592.06,0.42279999999999995,109.4448635064,466.851496,1.714916362995303,0.4697,93.85604689920001,0.40280000000000005
283,0.2625,0.0225,98.56718043999999,324.74926664,8753.714,10076.0,0.051699999999999996,2025-03-17,0.0742,573.62,0.4011,105.8682752064,457.08183999999994,1.7915024353555613,0.472,88.7271524976,0.3964
284,0.24680000000000002,0.027100000000000003,120.3532495,328.62932146,8882.2173,10133.0,0.0469,2025-03-18,0.07400000000000001,482.97,0.3861,106.7963295456,389.400579,1.5265626688825893,0.5498000000000001,91.8701670357,0.47309999999999997
285,0.24319999999999997,0.0228,102.0378756,319.9785031,8950.440999999999,10190.0,0.0487,2025-03-19,0.07150000000000001,508.91999999999996,0.37760000000000005,116.68282456319999,412.72696799999994,2.044621736921332,0.5626,103.10959844039999,0.49700000000000005
286,0.2351,0.0247,110.04714604,316.7316018,8909.7072,10097.0,0.0464,2025-03-20,0.0711,505.94000000000005,0.3809,96.3713049728,409.62937600000004,1.4927971124459505,0.4689,80.6805934208,0.3918
287,0.2384,0.026600000000000002,116.1983098,306.45384588,8730.8788,9912.0,0.0436,2025-03-21,0.0702,617.2,0.4158,103.97273143799998,489.035308,1.5411543026699626,0.42679999999999996,89.33837405039999,0.367
288,0.2425,0.026500000000000003,111.77260615,301.85150923000003,8431.915099999998,9595.0,0.0451,2025-03-22,0.0716,619.28,0.424,94.0940934304,487.825984,1.3939303757500774,0.39289999999999997,77.9099779392,0.3258
289,0.2386,0.0245,94.31602914999999,273.47483409999995,7688.094999999999,8730.0,0.0465,2025-03-23,0.07100000000000001,545.95,0.43310000000000004,100.3407879481,427.710377,1.8171678437049166,0.4668,85.7834290423,0.3992
290,0.2527,0.0252,97.45023692000001,265.66271992,7735.1782,8854.0,0.0435,2025-03-24,0.0687,496.24,0.4254,76.6079296704,390.76728,1.3307743946224706,0.3986,64.7842701024,0.33830000000000005
291,0.24259999999999998,0.0228,97.91197887999999,301.69902704000003,8591.4528,9779.0,0.0475,2025-03-25,0.0703,530.02,0.42469999999999997,95.84376527999999,417.792624,1.6354940384422112,0.4538,79.5407001168,0.37629999999999997
292,0.23199999999999998,0.0241,82.67659968000001,232.90410368,6879.9295999999995,7780.0,0.0435,2025-03-26,0.0676,558.22,0.4415,79.34495161960001,434.990374,1.5976603300872645,0.3648,64.9978500032,0.2988
293,0.253,0.022899999999999997,99.98055162,305.64060354,8733.843,9998.0,0.0471,2025-03-27,0.06999999999999999,518.24,0.4292,75.7806572616,406.83737599999995,1.236823420479567,0.37749999999999995,61.8073265624,0.3087
294,0.263,0.0228,101.8549774,312.68037416,8933.3574,10286.0,0.047200000000000006,2025-03-28,0.07,508.96000000000004,0.4155,89.9454470912,403.329776,1.4605168867288376,0.4448,73.4697322736,0.36350000000000005
295,0.2545,0.019,82.06924746,304.39407879,8636.4753,9896.0,0.051500000000000004,2025-03-29,0.07050000000000001,460.21999999999997,0.4456,69.8660924406,357.87247,1.3818373522189293,0.39370000000000005,56.854472635600004,0.3196
296,0.247,0.0254,110.70223732,323.38914852000005,8716.7116,9948.0,0.048799999999999996,2025-03-30,0.0742,442.58000000000004,0.4179999999999999,94.0633132584,350.02775599999995,1.3481280384621717,0.5383,74.62049458839999,0.4283
297,0.257,0.0275,91.61171052,248.737305,6872.5662,7896.0,0.0457,2025-03-31,0.0732,478.78,0.40180000000000005,103.4410298104,382.682744,1.8180579095012268,0.5381,83.94820892800001,0.43620000000000003
298,0.242,0.0248,109.32465418999999,308.48266032,8827.578099999999,10045.0,0.0451,2025-04-01,0.06989999999999999,337.26,0.42610000000000003,68.41159490400001,265.40936,1.0780248113284694,0.5154000000000001,58.89926982,0.4437
299,0.2538,0.0215,95.53433679,306.08643897,8886.3984,10180.0,0.0474,2025-04-02,0.0689,454.42,0.4345,75.691545358,355.46497999999997,1.3623323303212427,0.4274,64.937791178,0.367
300,0.254,0.0249,104.07814656,289.08297408,8342.9568,9556.0,0.044300000000000006,2025-04-03,0.06920000000000001,497.48,0.41900000000000004,96.28756638919998,393.14806799999997,1.6487035824692096,0.49119999999999997,84.2238459568,0.4298
301,0.2312,0.0276,129.48700644,326.06486163,9382.6269,10609.0,0.0419,2025-04-04,0.0695,497.2,0.42769999999999997,103.55644522,391.096958,1.4170429244283005,0.5293,91.83565372179999,0.4695
302,0.24060000000000004,0.025599999999999998,114.59883108,309.96032723999997,8945.7981,10169.0,0.043699999999999996,2025-04-05,0.0693,529.94,0.42,108.21359831120002,418.61783,1.6826546022600049,0.5170000000000001,95.2396214962,0.455
303,0.2404,0.0225,103.86060656,306.38293340999996,9226.452099999999,10487.0,0.0439,2025-04-06,0.0664,519.12,0.434,93.9803348358,406.47138,1.5895703683297628,0.4623,81.6448674048,0.40159999999999996
304,0.24009999999999998,0.0287,123.21959649,300.1655079,8618.8793,9796.0,0.0407,2025-04-07,0.0694,533.38,0.4012,131.15072369519999,426.377082,1.918286559805688,0.6156,117.66968381219999,0.5521
305,0.11349999999999999,0.012,33.062904,96.7089942,2755.242,3108.0,0.0231,2025-04-08,0.0351,382.34000000000003,0.43420000000000003,51.367267884200004,302.681038,1.26589447561533,0.2639,44.5419771634,0.219
306,0.2349,0.024399999999999998,97.88809453,283.42456555,8050.0829,9119.0,0.0461,2025-04-15,0.0705,352.1,0.44789999999999996,61.811429448,271.47005,1.094877895419676,0.46609999999999996,53.040856007,0.40049999999999997
307,0.249,0.0223,92.62410904000001,269.75271852000003,8323.5572,9517.0,0.0426,2025-04-16,0.0649,565.6800000000001,0.4375,94.12819747680001,441.63786400000004,1.7352260627464644,0.4266,80.3325565688,0.3641
308,0.238,0.0178,80.08467963999999,274.90182236,8977.022,10189.0,0.0434,2025-04-17,0.0612,602.7,0.4533,81.059450175,466.17741,1.6653365698406506,0.34609999999999996,67.508615646,0.28800000000000003
309,0.24059999999999998,0.0221,97.66295345,304.50004625,8839.192000000001,10048.0,0.046799999999999994,2025-04-18,0.06889999999999999,612.3199999999999,0.42710000000000004,96.52804478940001,481.491582,1.687557251024872,0.4022,82.574078232,0.34419999999999995
310,0.26739999999999997,0.021400000000000002,91.12384327999999,292.91426206999995,8510.560699999998,9819.0,0.0477,2025-04-19,0.0691,598.1800000000001,0.44,92.85431064960001,466.605296,1.6906340741054673,0.39770000000000005,76.96759770720001,0.3296
311,0.2595,0.0201,89.09014105,290.11463200000003,8859.2245,10180.0,0.045399999999999996,2025-04-20,0.0655,588.12,0.4224,90.7370725368,463.893792,1.6780138085057277,0.3913,74.9214851576,0.3231
312,0.25029999999999997,0.0143,63.66459021000001,290.68057557000003,8895.5415,10170.0,0.051000000000000004,2025-04-21,0.0653,540.98,0.4675,61.88631015679999,414.967228,1.5102605544821186,0.298,47.8787653364,0.231
313,0.2491,0.0143,48.16474350000001,220.37811300000004,7296.978000000001,8305.0,0.0483,2025-04-22,0.0626,455.26,0.4448,45.50522530879999,354.088976,1.4325731918526723,0.2612,34.20516119999999,0.1972
314,0.2667,0.0168,82.67886214,393.37415474,9836.4623,11350.0,0.0631,2025-04-23,0.0799,345.14,0.4274,54.8598642404,271.392158,0.9645055158465324,0.40449999999999997,39.942817061,0.2947
315,0.2339,0.0044,21.581248260000002,223.60515568999998,9809.6583,11110.0,0.041199999999999994,2025-04-24,0.045599999999999995,296.71999999999997,0.43520000000000003,33.795486307199994,232.27600799999996,2.1797358449386244,0.2581,23.28730734559999,0.17099999999999999
316,0.2599,0.0045000000000000005,26.0796525,257.4193695,11593.4475,13325.0,0.039900000000000005,2025-04-25,0.0444,0.0,0.0,0.0,0.0,0.0,0.0,0.0,0.0
317,0.2609,0.0028,15.622060800000002,237.18544163999996,10968.484199999999,12611.0,0.0404,2025-04-26,0.043199999999999995,0.0,0.0,0.0,0.0,0.0,0.0,0.0,0.0
318,0.2412,0.0048000000000000004,26.8013698,239.80069555,11186.538,12726.0,0.0381,2025-04-27,0.04290000000000001,0.0,0.0,0.0,0.0,0.0,0.0,0.0,0.0
319,0.2326,0.004,23.73014916,277.94972016,11841.1182,13401.0,0.04290000000000001,2025-04-28,0.046900000000000004,0.0,0.0,0.0,0.0,0.0,0.0,0.0,0.0
320,0.2524,0.0029,14.68860759,214.1819858,9586.6558,10956.0,0.0423,2025-04-29,0.0452,0.0,0.0,0.0,0.0,0.0,0.0,0.0,0.0
321,0.2263,0.0036,22.54589086,291.40966700999996,12405.025099999999,13987.0,0.043399999999999994,2025-04-30,0.047,0.0,0.0,0.0,0.0,0.0,0.0,0.0,0.0
322,0.2381,0.0048000000000000004,28.40703618,293.20950074999996,11848.3083,13449.0,0.044700000000000004,2025-05-01,0.0495,0.0,0.0,0.0,0.0,0.0,0.0,0.0,0.0
323,0.24369999999999997,0.004699999999999999,28.979115179999997,296.71999215,12317.8551,14027.0,0.0435,2025-05-02,0.0482,0.0,0.0,0.0,0.0,0.0,0.0,0.0,0.0
324,0.2379,0.0049,27.991915230000004,241.60719034,11350.8433,12881.0,0.0377,2025-05-03,0.0426,0.0,0.0,0.0,0.0,0.0,0.0,0.0,0.0
325,0.2298,0.0056,30.3765978,218.05785239999994,10786.278999999999,12190.0,0.0348,2025-05-04,0.04039999999999999,0.0,0.0,0.0,0.0,0.0,0.0,0.0,0.0
326,0.2444,0.0045000000000000005,21.077541120000003,187.96680768000004,9323.8644,10622.0,0.0357,2025-05-05,0.0402,0.0,0.0,0.0,0.0,0.0,0.0,0.0,0.0
327,0.2359,0.0035,18.29174984,224.66777684,10504.587599999999,11910.0,0.0393,2025-05-06,0.042800000000000005,0.0,0.0,0.0,0.0,0.0,0.0,0.0,0.0
328,0.2438,0.0051,23.42019423,179.87250065,9009.020199999999,10250.0,0.0346,2025-05-07,0.0397,0.0,0.0,0.0,0.0,0.0,0.0,0.0,0.0
329,0.249,0.0056,29.92386056,231.20382736,10633.3112,12150.0,0.038,2025-05-08,0.0436,0.0,0.0,0.0,0.0,0.0,0.0,0.0,0.0
330,0.2151,0.0049,23.7554602,182.44905216,9203.9374,10335.0,0.0349,2025-05-09,0.0398,0.0,0.0,0.0,0.0,0.0,0.0,0.0,0.0
331,0.242,0.0034000000000000002,17.26143664,217.77676232,10365.5292,11785.0,0.0388,2025-05-10,0.0422,0.0,0.0,0.0,0.0,0.0,0.0,0.0,0.0
332,0.22820000000000001,0.0031000000000000003,15.352385720000001,243.39397292,9787.6471,11035.0,0.046400000000000004,2025-05-11,0.0495,0.0,0.0,0.0,0.0,0.0,0.0,0.0,0.0
333,0.2351,0.0023,12.268731199999998,247.33025800000001,10691.996,12120.0,0.044,2025-05-12,0.0463,0.0,0.0,0.0,0.0,0.0,0.0,0.0,0.0
334,0.2415,0.0033,18.08156206,265.52605438,10964.6414,12470.0,0.0451,2025-05-13,0.0484,0.0,0.0,0.0,0.0,0.0,0.0,0.0,0.0
335,0.2605,0.0043,17.7264911,190.77141715,8976.0865,10321.0,0.0383,2025-05-14,0.0426,0.0,0.0,0.0,0.0,0.0,0.0,0.0,0.0
336,0.2406,0.0049,26.97016314,251.84133557,10994.7169,12499.0,0.0409,2025-05-15,0.0458,0.0,0.0,0.0,0.0,0.0,0.0,0.0,0.0
337,0.2374,0.0059,30.09941627,256.07545117,10201.3373,11575.0,0.044300000000000006,2025-05-16,0.0502,0.0,0.0,0.0,0.0,0.0,0.0,0.0,0.0
338,0.21650000000000003,0.0054,30.58258455,249.50116863,11302.617900000001,12673.0,0.0387,2025-05-17,0.0441,0.0,0.0,0.0,0.0,0.0,0.0,0.0,0.0
339,0.2324,0.0049,29.82093348,252.86974800000002,12107.418,13703.0,0.0369,2025-05-18,0.041800000000000004,0.0,0.0,0.0,0.0,0.0,0.0,0.0,0.0
340,0.2389,0.0029,15.480407790000001,200.03824857,10626.592700000001,12072.0,0.034800000000000005,2025-05-19,0.037700000000000004,0.0,0.0,0.0,0.0,0.0,0.0,0.0,0.0
341,0.2015,0.0037,21.78580176,245.75131146,11828.356099999999,13157.0,0.038000000000000006,2025-05-20,0.0417,0.0,0.0,0.0,0.0,0.0,0.0,0.0,0.0
342,0.2207,0.0057,31.2973365,231.49546110000003,11002.164,12385.0,0.036199999999999996,2025-05-21,0.0419,0.0,0.0,0.0,0.0,0.0,0.0,0.0,0.0
343,0.107,0.0019,6.7375957,75.8866042,3546.103,3971.0,0.0195,2025-05-22,0.0214,0.0,0.0,0.0,0.0,0.0,0.0,0.0,0.0
344,0.19230000000000003,0.005600000000000001,23.62608024,166.91284068,8437.8858,9330.0,0.034199999999999994,2025-05-23,0.0398,0.0,0.0,0.0,0.0,0.0,0.0,0.0,0.0
345,0.0913,0.0027,15.39564975,113.47164075,5702.0925,6275.0,0.0172,2025-05-24,0.0199,0.0,0.0,0.0,0.0,0.0,0.0,0.0,0.0
346,0.2106,0.0036,19.970697719999997,211.13001549999998,11217.0671,12535.0,0.0341,2025-05-25,0.0377,0.0,0.0,0.0,0.0,0.0,0.0,0.0,0.0
347,0.24730000000000002,0.005299999999999999,30.01580232,213.92346885,11342.8343,12943.0,0.0324,2025-05-26,0.0377,0.0,0.0,0.0,0.0,0.0,0.0,0.0,0.0
348,0.2398,0.0049,28.02348878,226.30519377000002,11468.8121,13031.0,0.0346,2025-05-27,0.0395,0.0,0.0,0.0,0.0,0.0,0.0,0.0,0.0
349,0.23219999999999996,0.0039,22.151284699999998,228.27283377999998,11356.6437,12849.0,0.0363,2025-05-28,0.0402,0.0,0.0,0.0,0.0,0.0,0.0,0.0,0.0
350,0.2312,0.0037,21.31568945,211.4408252,11522.7355,13029.0,0.033,2025-05-29,0.036699999999999997,0.0,0.0,0.0,0.0,0.0,0.0,0.0,0.0
351,0.24080000000000001,0.0028,16.67673216,237.69307679999997,11973.3792,13612.0,0.0369,2025-05-30,0.0397,0.0,0.0,0.0,0.0,0.0,0.0,0.0,0.0
352,0.2469,0.0035,16.1443331,181.66655410000004,9364.994999999999,10680.0,0.0352,2025-05-31,0.038700000000000005,0.0,0.0,0.0,0.0,0.0,0.0,0.0,0.0
353,0.2383,0.0032,18.109692000000003,209.58983640000002,11290.032,12820.0,0.0339,2025-06-01,0.0371,0.0,0.0,0.0,0.0,0.0,0.0,0.0,0.0
354,0.245,0.0036,21.444119999999998,226.20746736,11906.0064,13568.0,0.0344,2025-06-02,0.038000000000000006,0.0,0.0,0.0,0.0,0.0,0.0,0.0,0.0
355,0.2327,0.0054,30.705095999999998,224.08595676000002,11429.787,12938.0,0.033800000000000004,2025-06-03,0.039200000000000006,0.0,0.0,0.0,0.0,0.0,0.0,0.0,0.0
356,0.2484,0.0039,18.84716496,203.39240016000002,9801.9072,11179.0,0.0378,2025-06-04,0.0417,0.0,0.0,0.0,0.0,0.0,0.0,0.0,0.0
357,0.2216,0.0037,21.6221904,238.65948864,11750.284800000001,13214.0,0.0369,2025-06-05,0.0406,0.0,0.0,0.0,0.0,0.0,0.0,0.0,0.0
358,0.21059999999999998,0.005300000000000001,30.7597886,219.4412278,11613.437,12980.0,0.0325,2025-06-06,0.0378,0.0,0.0,0.0,0.0,0.0,0.0,0.0,0.0
359,0.2538,0.0041,23.57490769,217.5420744,11529.186099999999,13201.0,0.0337,2025-06-07,0.0378,0.0,0.0,0.0,0.0,0.0,0.0,0.0,0.0
360,0.24899999999999997,0.0034000000000000002,20.2642521,236.39253405000005,11906.391,13602.0,0.0363,2025-06-08,0.039700000000000006,0.0,0.0,0.0,0.0,0.0,0.0,0.0,0.0
361,0.2293,0.0062,35.90495294,257.69078492,11602.136999999999,13104.0,0.0382,2025-06-09,0.044399999999999995,0.0,0.0,0.0,0.0,0.0,0.0,0.0,0.0
362,0.2094,0.0024999999999999996,7.9452503199999995,128.93107864,6575.0832,7344.0,0.0378,2025-06-10,0.0403,0.0,0.0,0.0,0.0,0.0,0.0,0.0,0.0
363,0.1054,0.0025,8.0446905,80.446905,3217.8762,3597.0,0.0225,2025-06-11,0.024999999999999998,0.0,0.0,0.0,0.0,0.0,0.0,0.0,0.0
364,0.2265,0.0024000000000000002,13.94714097,212.64913764,11713.2111,13209.0,0.0339,2025-06-12,0.0363,0.0,0.0,0.0,0.0,0.0,0.0,0.0,0.0
365,0.24730000000000002,0.0041,19.339429600000003,184.3399496,9194.392,10438.0,0.035500000000000004,2025-06-13,0.039599999999999996,0.0,0.0,0.0,0.0,0.0,0.0,0.0,0.0
366,0.23479999999999998,0.0045000000000000005,22.819946100000003,197.9042484,10147.2906,11498.0,0.0345,2025-06-14,0.039,0.0,0.0,0.0,0.0,0.0,0.0,0.0,0.0
367,0.2277,0.0051,27.305703,175.61536110000003,10708.197,12084.0,0.027700000000000002,2025-06-15,0.0328,0.0,0.0,0.0,0.0,0.0,0.0,0.0,0.0
368,0.2098,0.0051,25.4074842,189.327651,9989.738,11164.0,0.0328,2025-06-16,0.0379,0.0,0.0,0.0,0.0,0.0,0.0,0.0,0.0
369,0.1975,0.0036000000000000003,7.667348120000001,76.24404234,4389.2586,4866.0,0.0315,2025-06-17,0.0351,0.0,0.0,0.0,0.0,0.0,0.0,0.0,0.0
370,0.2354,0.0038,19.51085414,180.81244532000002,10251.046699999999,11619.0,0.0315,2025-06-18,0.035300000000000005,0.0,0.0,0.0,0.0,0.0,0.0,0.0,0.0
371,0.2243,0.004399999999999999,22.179466049999995,206.33201309999998,10037.450499999999,11305.0,0.0367,2025-06-19,0.041100000000000005,0.0,0.0,0.0,0.0,0.0,0.0,0.0,0.0
372,0.2258,0.0033,14.583963480000001,187.17920124,8953.7592,10085.0,0.0384,2025-06-20,0.0417,0.0,0.0,0.0,0.0,0.0,0.0,0.0,0.0
373,0.1976,0.0031999999999999997,6.8813692799999995,115.16644720000001,4916.5544,5479.0,0.0445,2025-06-21,0.0477,0.0,0.0,0.0,0.0,0.0,0.0,0.0,0.0
374,0.2227,0.0034000000000000002,17.04404173,205.48900876,10025.9069,11279.0,0.0376,2025-06-22,0.041,0.0,0.0,0.0,0.0,0.0,0.0,0.0,0.0
375,0.2264,0.0033,16.112128679999998,216.14045568,9955.8372,11230.0,0.0402,2025-06-23,0.0435,0.0,0.0,0.0,0.0,0.0,0.0,0.0,0.0
376,0.2522,0.0049,24.736362900000003,226.9335327,9952.6851,11395.0,0.040400000000000005,2025-06-24,0.0453,0.0,0.0,0.0,0.0,0.0,0.0,0.0,0.0
377,0.2673,0.0039000000000000003,20.00094367,182.80000698999999,10215.5653,11794.0,0.0319,2025-06-25,0.0358,0.0,0.0,0.0,0.0,0.0,0.0,0.0,0.0
378,0.245,0.0055,28.6204171,188.80427289,10402.6371,11855.0,0.0308,2025-06-26,0.0363,0.0,0.0,0.0,0.0,0.0,0.0,0.0,0.0
379,0.2356,0.0046,24.809662260000003,210.72500262,10698.7567,12129.0,0.0348,2025-06-27,0.039400000000000004,0.0,0.0,0.0,0.0,0.0,0.0,0.0,0.0
380,0.23249999999999998,0.004,22.710804,250.25321431999998,11322.1712,12815.0,0.0402,2025-06-28,0.0442,0.0,0.0,0.0,0.0,0.0,0.0,0.0,0.0
381,0.2646,0.0024999999999999996,14.020579439999999,226.57272567999996,11217.2732,12929.0,0.0379,2025-06-29,0.0404,0.0,0.0,0.0,0.0,0.0,0.0,0.0,0.0
382,0.2203,0.0034000000000000002,19.36370832,216.74858315,11402.440900000001,12813.0,0.0346,2025-06-30,0.038,0.0,0.0,0.0,0.0,0.0,0.0,0.0,0.0
383,0.2289,0.0058000000000000005,32.64101780000001,230.32937951000002,11250.4433,12704.0,0.0351,2025-07-01,0.0409,0.0,0.0,0.0,0.0,0.0,0.0,0.0,0.0
384,0.2384,0.0043,24.52186151,212.16966701,11500.7195,13055.0,0.032600000000000004,2025-07-02,0.0369,0.0,0.0,0.0,0.0,0.0,0.0,0.0,0.0
385,0.2593,0.0034000000000000002,19.52976968,193.07551039999998,11511.6728,13226.0,0.0302,2025-07-03,0.033600000000000005,0.0,0.0,0.0,0.0,0.0,0.0,0.0,0.0
386,0.21860000000000002,0.0026,15.712947880000002,217.62037454000003,11997.5668,13468.0,0.03370000000000001,2025-07-04,0.036300000000000006,0.0,0.0,0.0,0.0,0.0,0.0,0.0,0.0
387,0.2395,0.0038,22.0393543,225.22127731999996,11290.4398,12824.0,0.036199999999999996,2025-07-05,0.039999999999999994,0.0,0.0,0.0,0.0,0.0,0.0,0.0,0.0
388,0.22660000000000002,0.0056,33.68168898,237.15668946,11998.5162,13530.0,0.0339,2025-07-06,0.03949999999999999,0.0,0.0,0.0,0.0,0.0,0.0,0.0,0.0
389,0.22340000000000002,0.0039,23.021298559999998,216.3896896,11900.4672,13396.0,0.0325,2025-07-07,0.0364,0.0,0.0,0.0,0.0,0.0,0.0,0.0,0.0
390,0.2315,0.0035,20.70277608,234.35292216,11834.4786,13384.0,0.0361,2025-07-08,0.039599999999999996,0.0,0.0,0.0,0.0,0.0,0.0,0.0,0.0
391,0.2495,0.0057,32.495297879999995,230.87475611999997,11392.909800000001,13018.0,0.0348,2025-07-09,0.040499999999999994,0.0,0.0,0.0,0.0,0.0,0.0,0.0,0.0
392,0.245,0.003,15.565353439999999,196.59977376,10125.544,11536.0,0.036,2025-07-10,0.03899999999999999,0.0,0.0,0.0,0.0,0.0,0.0,0.0,0.0
393,0.268,0.0040999999999999995,22.438597,217.99426058,10979.837,12694.0,0.035699999999999996,2025-07-11,0.0398,0.0,0.0,0.0,0.0,0.0,0.0,0.0,0.0
394,0.2299,0.0031000000000000003,18.46363287,216.63335016,11943.8853,13494.0,0.03319999999999999,2025-07-12,0.0363,0.0,0.0,0.0,0.0,0.0,0.0,0.0,0.0
395,0.2252,0.0040999999999999995,24.437082600000004,240.66153468,11925.874800000001,13438.0,0.0363,2025-07-13,0.0404,0.0,0.0,0.0,0.0,0.0,0.0,0.0,0.0
396,0.21150000000000002,0.0045000000000000005,28.303478000000005,234.60182424,12580.923600000002,14070.0,0.032799999999999996,2025-07-14,0.0373,0.0,0.0,0.0,0.0,0.0,0.0,0.0,0.0
397,0.22449999999999998,0.0031999999999999997,17.54176359,197.85566699999998,11148.776699999999,12552.0,0.0324,2025-07-15,0.0356,0.0,0.0,0.0,0.0,0.0,0.0,0.0,0.0
398,0.2309,0.0040999999999999995,22.474564809999997,201.17876472,10815.1917,12206.0,0.0328,2025-07-16,0.0369,0.0,0.0,0.0,0.0,0.0,0.0,0.0,0.0
399,0.2008,0.004,17.97065706,173.17617396,8994.7038,10002.0,0.0345,2025-07-17,0.038500000000000006,0.0,0.0,0.0,0.0,0.0,0.0,0.0,0.0
400,0.2142,0.0035,19.35645668,187.68948692,11105.8868,12440.0,0.0303,2025-07-18,0.0338,0.0,0.0,0.0,0.0,0.0,0.0,0.0,0.0
401,0.2362,0.0048000000000000004,28.499176040000002,239.53466106000002,11838.511,13422.0,0.0357,2025-07-19,0.0405,0.0,0.0,0.0,0.0,0.0,0.0,0.0,0.0
402,0.1892,0.0031000000000000003,18.640964280000006,242.1513734,12020.1672,13276.0,0.0372,2025-07-20,0.0403,0.0,0.0,0.0,0.0,0.0,0.0,0.0,0.0
403,0.19640000000000002,0.0046,28.29441504,230.00932920000002,12253.504799999999,13588.0,0.0329,2025-07-21,0.037500000000000006,0.0,0.0,0.0,0.0,0.0,0.0,0.0,0.0
404,0.20329999999999998,0.0046,27.406467479999996,234.46631628,11803.8102,13132.0,0.035199999999999995,2025-07-22,0.0398,0.0,0.0,0.0,0.0,0.0,0.0,0.0,0.0
405,0.2118,0.0024000000000000002,13.64843916,222.49970932000002,11454.1316,12811.0,0.0364,2025-07-23,0.0388,0.0,0.0,0.0,0.0,0.0,0.0,0.0,0.0
406,0.2216,0.0039,22.469862539999998,235.05923642,11492.7356,12928.0,0.037000000000000005,2025-07-24,0.040900000000000006,0.0,0.0,0.0,0.0,0.0,0.0,0.0,0.0
407,0.2304,0.0035,14.15734088,163.59681351999998,7902.351199999999,8929.0,0.037599999999999995,2025-07-25,0.0411,0.0,0.0,0.0,0.0,0.0,0.0,0.0,0.0
408,0.19329999999999997,0.0108,54.23694759999999,303.5625138,10973.0009,12154.0,0.0466,2025-07-26,0.0574,40.92,0.18489999999999998,8.3851684488,33.353892,0.15532266339501274,0.2514,6.4906673832,0.1946
409,0.199,0.0199,89.13399693,299.2565357100001,8937.489000000001,9922.0,0.047,2025-07-27,0.06690000000000002,390.72,0.40259999999999996,73.933187024,312.057504,1.294427511159331,0.4738,57.3968710592,0.3678
410,0.1941,0.0222,103.33299468000001,302.27317447999997,9309.2788,10309.0,0.0427,2025-07-28,0.0649,442.96000000000004,0.401,97.4558012496,353.88437600000003,1.497672734412805,0.55,77.166768128,0.43520000000000003
411,0.23120000000000002,0.0227,92.20949824000002,286.0021264,8129.6302000000005,9189.0,0.048,2025-07-29,0.0707,429.52,0.4091,80.1621680872,341.702212,1.376148345737052,0.47,63.574293946,0.373
412,0.2225,0.0242,105.42462,342.80572,8709.8,9800.0,0.054599999999999996,2025-07-30,0.0788,476.98,0.40280000000000005,96.8044212152,380.93017199999997,1.4849210295506763,0.5079,77.97531431719999,0.4091
413,0.1094,0.0148,64.15134296000001,173.382008,4334.550200000001,9902.0,0.0252,2025-07-31,0.04,444.56,0.20829999999999999,44.305052064,166.81119,0.570240501275392,0.2656,36.581693967,0.2193
414,0.10529999999999999,0.0134,61.43153352,172.83349356000002,4630.4428,5170.0,0.024300000000000002,2025-08-01,0.037700000000000004,318.5,0.3851,69.10706760720001,256.161,0.672564210674453,0.5194000000000001,57.745968774000005,0.42969999999999997
415,0.0,0.0,0.0,0.0,0.0,0.0,0.0,2025-08-02,0.0,36.48,0.12179999999999999,4.443495283199999,32.036736,,0.1387,3.1299891071999997,0.0977
416,0.2222,0.0267,103.90937640000001,311.99410608000005,8011.7832,9012.0,0.0512,2025-08-03,0.07790000000000001,284.1,0.3728,65.9144098612,230.861734,1.0736977184314784,0.5872999999999999,55.463791236,0.4925999999999999
417,0.20500000000000002,0.027,126.33099012,361.76963526,9362.6712,10432.0,0.0503,2025-08-04,0.0773,398.36,0.39139999999999997,101.37011646719999,320.78757199999995,1.378202767324145,0.6328,87.06841098339999,0.5443
418,0.1985,0.0242,110.06051500000001,343.82137700000004,9097.5025,10100.0,0.0514,2025-08-05,0.0756,401.28,0.37429999999999997,101.61793007280002,326.181438,1.5493815303327112,0.6232,85.3063324218,0.5232
419,0.20800000000000002,0.0268,121.47994320000001,342.211926,9064.857,10118.0,0.0487,2025-08-06,0.07550000000000001,446.02,0.41150000000000003,95.85237061679999,353.92400399999997,1.3637526970398652,0.545,82.839795372,0.47019999999999995
420,0.21610000000000001,0.0239,106.94039338,316.9296731,8954.336299999999,10039.0,0.0469,2025-08-07,0.0708,509.47999999999996,0.3812,107.21843206199998,411.65516399999996,1.671012510105292,0.5236,88.05990035279999,0.4301
421,0.2214,0.022199999999999998,98.25745583999998,307.1189457599999,8854.246799999999,9956.0,0.04719999999999999,2025-08-08,0.06939999999999999,432.92,0.3801,93.61868912380001,349.95873400000005,1.5856763545462522,0.5378000000000001,77.9062236268,0.4478
422,0.2227,0.0232,106.90683643,294.91989949000003,9214.5035,10369.0,0.0408,2025-08-09,0.064,555.6400000000001,0.3903,105.6595994804,447.17892400000005,1.631274583313935,0.47250000000000003,87.2335078352,0.3901
423,0.20379999999999998,0.0235,108.81595920000001,306.19659631999997,9272.134399999999,10324.0,0.0426,2025-08-10,0.06609999999999999,447.65999999999997,0.3851,99.5490648594,361.580418,1.4597428143240898,0.5445,80.6997550446,0.43899999999999995
424,0.2019,0.020900000000000002,94.68227651999999,297.18662531999996,9060.6204,10078.0,0.044700000000000004,2025-08-11,0.06559999999999999,406.78,0.40790000000000004,93.26154110439998,324.685604,1.5558344925879963,0.5724,74.2255538348,0.4518
425,0.2142,0.0217,100.69040736,322.45550879999996,9279.0816,10392.0,0.047799999999999995,2025-08-12,0.0695,477.12,0.4125,80.444339889,378.73695,1.2705758024842901,0.4244,64.082903649,0.33799999999999997
426,0.2163,0.022199999999999998,103.38013516000001,331.08118888,9312.6172,10442.0,0.0489,2025-08-13,0.0711,440.66,0.38480000000000003,85.32859206440003,356.40525800000006,1.3134873061637418,0.4789,68.0181367802,0.38169999999999993
427,0.2235,0.0234,103.35389064,332.25081416999996,8848.2867,9960.0,0.0518,2025-08-14,0.07519999999999999,591.8,0.3859,118.0346048438,476.965154,1.8187128809900224,0.4985,94.0091417604,0.3968
428,0.2082,0.0217,101.37319866000001,318.15125453999997,9342.3138,10427.0,0.0464,2025-08-15,0.0681,475.82,0.4075,79.381393704,378.890532,1.228210458652193,0.41879999999999995,62.2698984372,0.3286
429,0.2289,0.0235,109.30899073,322.68405255999994,9313.5299,10517.0,0.0458,2025-08-16,0.0693,509.76,0.4129,86.8234697792,404.6768,1.2701509786537273,0.4286,69.60453427840001,0.34299999999999997
430,0.22769999999999999,0.0249,111.13306638,311.38997875999996,8930.7844,10081.0,0.044899999999999995,2025-08-17,0.0698,514.7,0.36019999999999996,117.560399076,421.613064,1.7635076550554958,0.5589,98.0272995048,0.4657
431,0.216,0.0228,104.82443009999999,317.67043578999994,9192.9784,10306.0,0.046299999999999994,2025-08-18,0.0691,510.44000000000005,0.4187,82.8196061708,403.53352400000006,1.3006407747501227,0.40890000000000004,68.3980503068,0.3376
432,0.2022,0.0221,97.66795644000001,292.17116988000004,8838.2664,9837.0,0.044,2025-08-19,0.0661,578.5999999999999,0.4235,84.6067307152,455.98250799999994,1.3688287642323989,0.3713,66.7627976708,0.2927
433,0.20389999999999997,0.021200000000000004,97.98742594,311.24551529999997,9245.868199999999,10295.0,0.0461,2025-08-20,0.0673,547.56,0.38049999999999995,103.0387858752,443.48908800000004,1.6619465979682535,0.46219999999999994,81.2446698336,0.3645
434,0.2092,0.0213,94.61694545,308.85181601,8898.3061,9935.0,0.0482,2025-08-21,0.0695,501.2,0.3907,77.52407248040001,403.402342,1.2651367415871126,0.38580000000000003,59.870191199000004,0.2977
435,0.23070000000000002,0.0216,97.22993607999999,329.091354,9003.9548,10178.0,0.051500000000000004,2025-08-22,0.0731,542.5600000000001,0.3741,116.8035763892,441.834334,1.9237056921245896,0.5141,93.8857649416,0.4118
436,0.20850000000000002,0.0197,90.93169003999999,322.29559496,9235.2364,10310.0,0.050100000000000006,2025-08-23,0.0698,541.9,0.371,110.29032348479998,441.376472,1.9865544468738028,0.4998,90.2633142584,0.40890000000000004
437,0.2257,0.019799999999999998,92.22596448,287.2873728,9313.89,10498.0,0.0419,2025-08-24,0.061700000000000005,539.9200000000001,0.37420000000000003,85.7719156336,438.926812,1.4009488499435252,0.391,64.57536156799999,0.2944
438,0.22310000000000002,0.022600000000000002,94.0309847,261.87085436,8345.0317,9388.0,0.040299999999999996,2025-08-25,0.0629,540.56,0.38029999999999997,93.8760617936,437.827668,1.5796761368818775,0.42690000000000006,72.71761504519999,0.3307
439,0.2135,0.021700000000000004,101.57446054000002,313.14850563000005,9361.2489,10480.0,0.045200000000000004,2025-08-26,0.0669,567.1,0.39449999999999996,93.999342144,455.26642000000004,1.436290213905715,0.41179999999999994,72.650406414,0.3187
440,0.2299,0.0232,106.30430935999999,337.72923635999996,9164.1646,10354.0,0.0505,2025-08-27,0.07369999999999999,604.98,0.3924,104.9995371492,486.282924,1.452608150568158,0.4301,77.0326199128,0.3154
441,0.2219,0.024599999999999997,114.21998603999998,366.89850318,9281.996599999999,10440.0,0.054599999999999996,2025-08-28,0.07919999999999999,596.0799999999999,0.40090000000000003,107.21648126000001,476.602946,1.5035128442353956,0.4496,85.054444271,0.35660000000000003
442,0.2148,0.0229,102.69702769000001,336.73880192,8955.819200000002,10034.0,0.0523,2025-08-29,0.07519999999999999,593.0799999999999,0.3897,105.86288366999999,477.92938799999996,1.5489742426589561,0.43989999999999996,80.19677734439998,0.33319999999999994
443,0.2125,0.025500000000000002,43.858427160000005,135.02275924000003,3891.9052,4346.0,0.048299999999999996,2025-08-30,0.0738,289.82,0.38849999999999996,46.503248352,233.51312000000001,2.0317566954244572,0.3988,35.491338224,0.3046
444,0.22200000000000003,0.0214,97.64420775999999,311.74333321999995,9129.8878,10270.0,0.0469,2025-08-31,0.0683,584.28,0.4021,91.9487237678,466.49079400000005,1.4220281354378048,0.39790000000000003,69.153173527,0.3002
445,0.2084,0.0199,92.81813382000001,308.78221416,9328.6506,10414.0,0.04630000000000001,2025-09-01,0.06620000000000001,612.2,0.3861,94.05133385279998,493.833224,1.528987133848128,0.3813,70.8021869912,0.28700000000000003
446,0.221,0.0196,87.26522316,277.01609712,8902.412400000001,10008.0,0.0426,2025-09-02,0.06219999999999999,645.5,0.4114,89.68218862520001,512.743156,1.5488415971317107,0.3496,67.4021894444,0.2628
447,0.2046,0.024300000000000002,106.86207264000001,285.74243328,8770.8768,9768.0,0.040799999999999996,2025-09-03,0.06509999999999999,610.62,0.386,108.57024658200001,492.65862000000004,1.6106025474373737,0.44100000000000006,85.6885788,0.3478
448,0.22349999999999998,0.0232,103.1640669,299.6214837,8895.903,10015.0,0.0442,2025-09-04,0.0674,567.96,0.3855,102.48498335240001,458.42559400000005,1.5769588178795375,0.44789999999999996,81.5080706132,0.3556
449,0.2136,0.023599999999999996,109.09829223999999,312.97336654,9247.7324,10352.0,0.0441,2025-09-05,0.0677,600.52,0.4035,96.847707456,479.265768,1.4119185193453911,0.40469999999999995,77.0056459056,0.32230000000000003
450,0.2236,0.023,104.3685582,316.46926869,9075.5268,10218.0,0.046700000000000005,2025-09-06,0.0697,527.84,0.3864,100.65136655680001,425.41268,1.5474467823308644,0.4752,80.79389351360001,0.3816
451,0.2177,0.024099999999999996,74.63144862,219.2304987,6231.852000000001,7003.0,0.047,2025-09-07,0.0711,466.41999999999996,0.39370000000000005,85.3812984656,373.779536,2.1232196406555364,0.4547,68.92222697439999,0.3658
452,0.2121,0.0242,111.70696263999999,299.1182201,9231.8086,10327.0,0.0406,2025-09-08,0.0648,587.94,0.40900000000000003,91.127370006,467.69211,1.2945958440603356,0.38970000000000005,72.185282379,0.3087
453,0.2213,0.027000000000000003,126.01905741000002,313.08571008,9333.0837,10494.0,0.0401,2025-09-09,0.06709999999999999,605.2,0.3958,116.63882478079998,484.98083199999996,1.542170753593385,0.48279999999999995,97.19779917119999,0.4022
454,0.21339999999999998,0.0262,117.95427913999998,310.31043074,9000.317,10076.0,0.042800000000000005,2025-09-10,0.069,606.7,0.3801,120.92116256999999,491.43999999999994,1.7398752305259624,0.4911,102.04715001599999,0.41459999999999997
455,0.2268,0.0239,99.29739414,281.78922432,8363.4897,9431.0,0.0438,2025-09-11,0.06770000000000001,560.54,0.39359999999999995,101.52432603160001,450.22550800000005,1.667618427037028,0.4511,83.12909778240001,0.36939999999999995
456,0.1965,0.0229,108.04183705,276.48193055,9457.5355,10486.0,0.035699999999999996,2025-09-12,0.0586,666.92,0.405,102.35555838599998,531.50002,1.5840057410776156,0.38680000000000003,86.05942848199999,0.3254
457,0.18419999999999997,0.0234,62.571411839999996,179.31551231999998,5874.7584,6448.0,0.0404,2025-09-13,0.0638,454.34,0.37839999999999996,74.4119348356,367.221452,2.612041001546748,0.4124,60.5159657784,0.33440000000000003
458,0.19090000000000001,0.0269,97.92290693999999,245.76753702000002,7282.4504,8051.0,0.0406,2025-09-14,0.0675,422.41999999999996,0.40990000000000004,70.1712498804,335.753196,1.1780741547248874,0.4177,56.523475301999994,0.3368
459,0.1996,0.023899999999999998,114.49575469999999,290.15369476,9578.324799999999,10640.0,0.036699999999999997,2025-09-15,0.0606,753.44,0.37629999999999997,118.0270070958,611.3950140000001,1.735477961070922,0.3871,99.11062870200001,0.3249
460,0.2247,0.025,118.04690351999999,315.85911095999995,9442.6992,10638.0,0.0419,2025-09-16,0.0669,645.4000000000001,0.3634,110.9946200304,528.1301599999999,1.5674435573638705,0.4203,91.89919257599999,0.348
461,0.21689999999999998,0.023299999999999998,103.55200569999998,304.43274004,8890.395799999998,9971.0,0.045200000000000004,2025-09-17,0.0685,611.5799999999999,0.392,100.87725585839999,491.3727,1.5230408096051198,0.41100000000000003,78.77003719199999,0.3214
462,0.2255,0.025,74.16297514,224.85319154,6242.2826000000005,7028.0,0.0473,2025-09-18,0.0723,366.02,0.3872,72.18518453000002,295.487164,1.585693289632006,0.46630000000000005,61.055064609999995,0.3931
463,0.2141,0.0217,102.01718111999999,317.8000896,9402.982799999998,10530.0,0.045899999999999996,2025-09-19,0.0676,563.76,0.38270000000000004,100.9940561622,455.83858200000003,1.6197286374403261,0.44279999999999997,82.56585307740002,0.3619
464,0.2027,0.0188,86.4254459,290.6680338,9198.3555,10240.0,0.044399999999999995,2025-09-20,0.0632,622.3,0.4033,100.30547233440001,496.762586,1.8260250089742693,0.403,79.2436305818,0.31820000000000004
465,0.2171,0.0212,99.37042864,321.48098415999993,9372.8838,10514.0,0.0474,2025-09-21,0.0686,650.12,0.3546,120.2034373742,534.679292,2.023434594331092,0.4511,100.45433691600002,0.3768
466,0.20190000000000002,0.022699999999999998,107.98289094,320.54753028000005,9510.984400000001,10579.0,0.044700000000000004,2025-09-22,0.0674,699.3,0.3992,111.5076475608,559.71972,1.8007324988326232,0.3984,97.09526256960001,0.3469
467,0.2179,0.0189,85.75258391,261.03228033,9080.4667,10191.0,0.038599999999999995,2025-09-23,0.0575,428.26,0.36350000000000005,83.1408904296,350.45489999999995,1.6811187160389673,0.4737,72.37602687719999,0.4121
468,0.20829999999999999,0.024800000000000003,117.69867977999999,381.22742592,9490.8946,10594.0,0.0555,2025-09-24,0.0803,588.8,0.37470000000000003,140.9718525572,478.328446,2.0265388548707173,0.5883,119.41532800800002,0.49850000000000005
469,0.2076,0.0189,92.20259519999999,249.78535079999997,9756.15,10886.0,0.032299999999999995,2025-09-25,0.051199999999999996,614.0799999999999,0.3825,96.68227485599999,496.57319199999995,1.7563901282143242,0.3896,81.05803086079999,0.3267
470,0.2116,0.019200000000000002,93.71065135999999,253.78948392,9761.0452,10916.0,0.0328,2025-09-26,0.052000000000000005,552.86,0.3943,81.49574165679999,443.93715999999995,1.4715884076588073,0.36619999999999997,69.2064461584,0.3109
471,0.2145,0.019200000000000002,91.27582565,234.85001436,9508.6147,10651.0,0.0302,2025-09-27,0.0494,679.94,0.37270000000000003,102.2295228432,553.144644,1.903341493987286,0.3716,86.267599494,0.3134
472,0.2034,0.016399999999999998,76.1264896,231.52231438,9294.5258,10346.0,0.0334,2025-09-28,0.0498,585.72,0.38449999999999995,85.2023456814,473.22775,1.7863500237014267,0.3588,68.127713703,0.2871
473,0.2158,0.0183,89.6246548,233.40983352,9787.7716,10971.0,0.0294,2025-09-29,0.0477,540.24,0.36660000000000004,87.3940985806,440.86997600000007,1.7015119587285141,0.3957,75.6532697786,0.3427
474,0.2201,0.0189,49.604917650000004,131.758044,5479.7127,6156.0,0.030600000000000002,2025-09-30,0.0495,458.46000000000004,0.3697,51.692035178400005,373.560294,1.7553340894074076,0.2717,41.739521153,0.2185
475,0.2288,0.0185,84.49545524,236.12732247999998,9134.902,10315.0,0.0332,2025-10-01,0.051699999999999996,573.5,0.39349999999999996,68.224198272,461.302764,1.323985217813763,0.2965,55.588675215600006,0.24130000000000001
476,0.21289999999999998,0.0194,92.63482928,263.64775409,9536.3009,10673.0,0.0359,2025-10-02,0.0553,570.3399999999999,0.3794,95.07039386059999,462.1455179999999,1.8150877906239566,0.4114,81.41514118499998,0.35229999999999995
477,0.2147,0.016399999999999998,78.6820966,239.27954640000002,9579.666799999999,10732.0,0.0335,2025-10-03,0.0499,522.5600000000001,0.37450000000000006,88.2399458808,424.9566,1.9336220505182378,0.41469999999999996,74.63822641200001,0.3512
478,0.21389999999999998,0.0142,70.23534105000002,201.31595925,9898.3095,11084.0,0.0265,2025-10-04,0.0407,615.6,0.3565,64.5476266226,505.9191780000001,1.580663525988958,0.2559,55.4676312822,0.2198
479,0.2016,0.015300000000000001,76.26696783999999,204.93147292000003,9968.81,11086.0,0.025800000000000003,2025-10-05,0.041100000000000005,589.8199999999999,0.3565,62.70266954,484.78189,1.4562085957348367,0.2573,55.67598414599999,0.2283
480,0.20129999999999998,0.0179,88.86740888,300.51619384,9936.1784,11048.0,0.0426,2025-10-06,0.0605,640.26,0.3826,97.59820965560002,517.8094060000001,1.7268587492253937,0.377,76.799277088,0.2963
481,0.2168,0.0141,69.48190737,285.18757947,9852.2232,11050.0,0.0438,2025-10-07,0.0579,590.6600000000001,0.37979999999999997,63.276416997200016,478.63976600000007,1.5796585037991964,0.2636,54.17693655880001,0.22560000000000002
482,0.21949999999999997,0.0081,39.0228108,270.9401682,9696.882,10892.0,0.047799999999999995,2025-10-08,0.0559,486.62,0.37570000000000003,56.806717932800005,394.820144,3.0776798024991803,0.2906,46.3279861656,0.2358
483,0.1997,0.015200000000000002,65.28068448,197.95031472,8876.4672,9854.0,0.0293,2025-10-09,0.0445,583.1800000000001,0.3539,60.477590030399995,480.485946,1.5382911908775356,0.2481,48.88205893600001,0.2008
484,0.207,0.0158,72.27316275999999,285.19350352000004,9120.4604,10180.0,0.0468,2025-10-10,0.0626,559.1600000000001,0.36329999999999996,66.9263251176,457.631676,1.5660106520736254,0.2923,55.9971270288,0.2449
485,0.20539999999999997,0.004699999999999999,26.566416240000002,225.74431668000003,11313.0084,12608.0,0.0352,2025-10-11,0.039900000000000005,67.53999999999999,0.1411,1.9884995130000005,62.971182,0.08700922899116245,0.07150000000000001,1.2709710174000002,0.045700000000000005
486,0.208,0.0045000000000000005,24.4575786,221.39594400000004,10849.036800000002,12108.0,0.0363,2025-10-12,0.0408,0.0,0.0,0.0,0.0,0.0,0.0,0.0,0.0
487,0.2203,0.0051,20.98845274,176.02508762,8602.1531,9658.0,0.035699999999999996,2025-10-13,0.0408,0.0,0.0,0.0,0.0,0.0,0.0,0.0,0.0
488,0.2172,0.0043,25.49904352,236.73100496,11896.0304,13346.0,0.035500000000000004,2025-10-14,0.0398,0.0,0.0,0.0,0.0,0.0,0.0,0.0,0.0
489,0.22199999999999998,0.0060999999999999995,36.3794372,255.2218244,11961.692,13455.0,0.03660000000000001,2025-10-15,0.0427,0.0,0.0,0.0,0.0,0.0,0.0,0.0,0.0
490,0.20429999999999998,0.0043,25.209755150000003,221.65362100000002,11730.2365,13065.0,0.0335,2025-10-16,0.0378,0.0,0.0,0.0,0.0,0.0,0.0,0.0,0.0
491,0.1976,0.0045,27.046925699999996,257.41407432,12034.3848,13354.0,0.0383,2025-10-17,0.042800000000000005,0.0,0.0,0.0,0.0,0.0,0.0,0.0,0.0
492,0.2007,0.0040999999999999995,11.0905038,139.15853,6724.801,7474.0,0.0394,2025-10-18,0.0435,0.0,0.0,0.0,0.0,0.0,0.0,0.0,0.0
493,0.21810000000000002,0.0051,23.465561120000004,168.62011336,8851.8744,9951.0,0.0332,2025-10-19,0.0383,0.0,0.0,0.0,0.0,0.0,0.0,0.0,0.0
494,0.2077,0.0034000000000000002,21.39179236,223.84089511999997,12579.276399999999,14037.0,0.0322,2025-10-20,0.0356,0.0,0.0,0.0,0.0,0.0,0.0,0.0,0.0
495,0.2035,0.0042,24.597176499999996,253.66309705000003,11641.197499999998,12962.0,0.0393,2025-10-21,0.043500000000000004,0.0,0.0,0.0,0.0,0.0,0.0,0.0,0.0
496,0.2222,0.0051,28.9037202,244.3755382,11120.2484,12508.0,0.0386,2025-10-22,0.0437,0.0,0.0,0.0,0.0,0.0,0.0,0.0,0.0
497,0.2098,0.004999999999999999,30.111147199999998,244.4884176,12039.423999999999,13450.0,0.0356,2025-10-23,0.0406,0.0,0.0,0.0,0.0,0.0,0.0,0.0,0.0
498,0.2184,0.005900000000000001,34.38196113,231.88465311,11643.406500000001,13071.0,0.0339,2025-10-24,0.0398,0.0,0.0,0.0,0.0,0.0,0.0,0.0,0.0
499,0.21559999999999999,0.0085,48.814175760000005,260.74478988000004,11644.5498,13053.0,0.0363,2025-10-25,0.0448,0.0,0.0,0.0,0.0,0.0,0.0,0.0,0.0
500,0.1982,0.0048000000000000004,29.233559,248.79847424,12176.8004,13517.0,0.0361,2025-10-26,0.0409,0.0,0.0,0.0,0.0,0.0,0.0,0.0,0.0
501,0.2223,0.0036,13.30713398,162.89079426,8401.2426,9447.0,0.0344,2025-10-27,0.038000000000000006,0.0,0.0,0.0,0.0,0.0,0.0,0.0,0.0
502,0.20540000000000003,0.0036,22.03474712,234.18854252,12294.6159,13699.0,0.0345,2025-10-28,0.038099999999999995,0.0,0.0,0.0,0.0,0.0,0.0,0.0,0.0
503,0.209,0.0049,29.18241648,218.34595692,11956.908599999999,13352.0,0.0316,2025-10-29,0.036500000000000005,0.0,0.0,0.0,0.0,0.0,0.0,0.0,0.0
504,0.2198,0.0036,19.15409535,187.94448453,10491.329300000001,11783.0,0.032100000000000004,2025-10-30,0.0357,0.0,0.0,0.0,0.0,0.0,0.0,0.0,0.0
505,0.22089999999999999,0.0023,13.586119920000002,200.07124248000002,11854.3808,13326.0,0.0314,2025-10-31,0.0337,0.0,0.0,0.0,0.0,0.0,0.0,0.0,0.0
506,0.2262,0.004200000000000001,24.49700624,211.49041872,11754.6128,13250.0,0.0319,2025-11-01,0.0361,0.0,0.0,0.0,0.0,0.0,0.0,0.0,0.0
507,0.2197,0.0028,15.88352278,201.0370823,11390.6519,12796.0,0.0325,2025-11-02,0.0353,0.0,0.0,0.0,0.0,0.0,0.0,0.0,0.0
508,0.24330000000000002,0.004,17.38235952,152.89109640000004,8171.514000000001,9296.0,0.0335,2025-11-03,0.037500000000000006,0.0,0.0,0.0,0.0,0.0,0.0,0.0,0.0
509,0.2239,0.0043,25.4232618,245.70507876,11834.2992,13326.0,0.0372,2025-11-04,0.041499999999999995,0.0,0.0,0.0,0.0,0.0,0.0,0.0,0.0
510,0.2145,0.0045000000000000005,26.92173303,254.02743298000001,11951.0705,13387.0,0.038000000000000006,2025-11-05,0.0425,0.0,0.0,0.0,0.0,0.0,0.0,0.0,0.0
511,0.2489,0.005300000000000001,31.67712135,231.54990876,11938.346099999999,13634.0,0.0335,2025-11-06,0.0388,0.0,0.0,0.0,0.0,0.0,0.0,0.0,0.0
512,0.263,0.0051,29.52263284,241.97684040000001,11577.9208,13331.0,0.0367,2025-11-07,0.041800000000000004,0.0,0.0,0.0,0.0,0.0,0.0,0.0,0.0
513,0.25949999999999995,0.0043,24.20047856,223.65699168,11301.7664,12988.0,0.0353,2025-11-08,0.039599999999999996,0.0,0.0,0.0,0.0,0.0,0.0,0.0,0.0
514,0.24720000000000003,0.0032,19.524418800000003,217.07595792,12149.6028,13865.0,0.0325,2025-11-09,0.0357,0.0,0.0,0.0,0.0,0.0,0.0,0.0,0.0
515,0.23360000000000003,0.004399999999999999,26.331444079999997,250.13180158,11967.739699999998,13551.0,0.0374,2025-11-10,0.041800000000000004,0.0,0.0,0.0,0.0,0.0,0.0,0.0,0.0
516,0.252,0.0055,29.09121144,206.2556556,10535.0718,12059.0,0.033800000000000004,2025-11-11,0.0393,0.0,0.0,0.0,0.0,0.0,0.0,0.0,0.0
517,0.22749999999999998,0.0031,18.84289131,221.19779159,12196.4099,13762.0,0.0332,2025-11-12,0.0363,0.0,0.0,0.0,0.0,0.0,0.0,0.0,0.0
518,0.2605,0.0046,22.45856422,189.64824566,9584.8422,11019.0,0.0348,2025-11-13,0.039400000000000004,0.0,0.0,0.0,0.0,0.0,0.0,0.0,0.0
519,0.2595,0.0031,17.59727604,232.98588553999997,11309.5578,12996.0,0.038099999999999995,2025-11-14,0.0412,0.0,0.0,0.0,0.0,0.0,0.0,0.0,0.0
520,0.2623,0.004,20.79006972,219.84400980000004,10512.9678,12101.0,0.0377,2025-11-15,0.0417,0.0,0.0,0.0,0.0,0.0,0.0,0.0,0.0
521,0.14279999999999998,0.0034000000000000002,7.755431280000001,54.7442208,2281.0092,2661.0,0.0206,2025-11-16,0.024,0.0,0.0,0.0,0.0,0.0,0.0,0.0,0.0
522,0.1208,0.0018,7.5503937599999995,100.6719168,4194.6632,4771.0,0.0222,2025-11-22,0.024,0.0,0.0,0.0,0.0,0.0,0.0,0.0,0.0
523,0.2404,0.005,28.342883640000004,215.71274984000001,11326.0532,12877.0,0.033100000000000004,2025-11-23,0.0381,0.0,0.0,0.0,0.0,0.0,0.0,0.0,0.0
524,0.2667,0.005299999999999999,30.19913538,210.17087075,11389.2847,13142.0,0.0316,2025-11-24,0.0369,0.0,0.0,0.0,0.0,0.0,0.0,0.0,0.0
525,0.25680000000000003,0.004,23.345927200000002,243.55436840000002,11679.532,13400.0,0.0377,2025-11-25,0.0417,0.0,0.0,0.0,0.0,0.0,0.0,0.0,0.0
526,0.269,0.0046,25.62188288,230.3931008,11117.792000000001,12844.0,0.0368,2025-11-26,0.0414,0.0,0.0,0.0,0.0,0.0,0.0,0.0,0.0
527,0.2843,0.0044,21.43049136,210.72710831999996,9731.5728,11344.0,0.0389,2025-11-27,0.04329999999999999,0.0,0.0,0.0,0.0,0.0,0.0,0.0,0.0
528,0.24559999999999998,0.0037,17.51484374,169.27453476,9111.677,10405.0,0.033600000000000005,2025-11-28,0.0373,0.0,0.0,0.0,0.0,0.0,0.0,0.0,0.0
529,0.239,0.0037999999999999996,20.36542052,200.83778146000003,9864.7966,11218.0,0.0372,2025-11-29,0.041,0.0,0.0,0.0,0.0,0.0,0.0,0.0,0.0
530,0.2394,0.0031,18.17740885,245.14681191999995,11879.913499999999,13493.0,0.0382,2025-11-30,0.041299999999999996,0.0,0.0,0.0,0.0,0.0,0.0,0.0,0.0
531,0.2243,0.0033,19.3692504,261.20172119999995,11714.6238,13195.0,0.0413,2025-12-01,0.0446,0.0,0.0,0.0,0.0,0.0,0.0,0.0,0.0
532,0.2394,0.004,23.702723929999998,218.03977078,11847.4105,13459.0,0.032799999999999996,2025-12-02,0.0368,0.0,0.0,0.0,0.0,0.0,0.0,0.0,0.0
